############################################################
# energy_monitor TC 통합 Evidence
# 생성: 2026-08-11 17:18:29
# DUT: 192.168.10.25
# 스크립트 md5: 9509863a0d52f29939ae07a4a5b549ce
# 결과: PASS=1 / FAIL=9 (TC02~04 미완주, result.md 참고)
############################################################

############################################################
# FILE: energy_monitor_run1_before_fix/main.log (SETUP 버그 있던 1차 전체 실행)
############################################################
Warning: Permanently added '192.168.10.25' (ECDSA) to the list of known hosts.
============================================
 energy_monitor TC
 Tue Aug 11 16:57:56 KST 2026
============================================
=== SETUP: configuration.json 메트릭 추출 ===
  $ docker exec ac_system_gen2 cat /edge/app/files/commonfile/configuration.json
    {
      "version": 0,
      "lastModifiedBy": "factory",
      "lastModifiedAt": 1756087205,
      "commonTelemetryVer": "1.1",
      "deviceList":
      [
        {
          "rid": "a2102559-45cb-4dc9-9b1a-495bb4571518",
          "description": "site aggregator description",
          "deviceType": "SiteAggregator",
          "deviceMetricList":
          [
            {
              "rid": "pv_200_W",
              "name": "pv_200_W",
              "readingType":
              {
                "qualifier": "Avg",
                "accumulationType": "Instantaneous",
                "tenMultiplier": -2,
                "telemetryPeriod": 60,
                "flowDirectionType": "NA"
              },
              "calculation": ["qcells_mcu/read/PMU_Monitoring_Data_01/MI_Active_Power", 
                              "qcells_mcu/read/PMU_Monitoring_Data_01/Ext_PV_Active_Power", "+"],
              "extendedTelemetry": false
            },
            {
              "rid": "pv_200_DailyWhExp",
              "name": "pv_200_DailyWhExp",
              "readingType":
              {
                "qualifier": "NA",
                "accumulationType": "DailyCumulative",
                "tenMultiplier": -2,
                "telemetryPeriod": 60,
                "flowDirectionType": "NA"
              },
              "calculation": ["qcells_mcu/read/PMU_Monitoring_Data_01/MI_Active_Power", 
                              "qcells_mcu/read/PMU_Monitoring_Data_01/Ext_PV_Active_Power", "+"],
              "extendedTelemetry": false
            },
            {
              "rid": "pv_200_IncWhExp",
              "name": "pv_200_IncWhExp",
              "readingType":
              {
                "qualifier": "NA",
                "accumulationType": "DeltaData",
                "tenMultiplier": -2,
                "telemetryPeriod": 60,
                "flowDirectionType": "NA"
              },
              "calculation": ["qcells_mcu/read/PMU_Monitoring_Data_01/MI_Active_Power",
                              "qcells_mcu/read/PMU_Monitoring_Data_01/Ext_PV_Active_Power", "+"],
              "extendedTelemetry": false
            },
            {
              "rid": "load_200_W",
              "name": "load_200_W",
              "readingType":
              {
                "qualifier": "Avg",
                "accumulationType": "Instantaneous",
                "tenMultiplier": -2,
                "telemetryPeriod": 60,
                "flowDirectionType": "Positive"
              },
              "metricPath": "qcells_mcu/read/PMU_Monitoring_Data_01/Tot_Load_Active_Power",
              "extendedTelemetry": false
            },
            {
              "rid": "load_200_DailyWhImp",
              "name": "load_200_DailyWhImp",
              "readingType":
              {
                "qualifier": "NA",
                "accumulationType": "DailyCumulative",
                "tenMultiplier": -2,
                "telemetryPeriod": 60,
                "flowDirectionType": "Positive"
              },
              "metricPath": "qcells_mcu/read/PMU_Monitoring_Data_01/Tot_Load_Active_Power",
              "extendedTelemetry": false
            },
            {
              "rid": "load_200_IncWhImp",
              "name": "load_200_IncWhImp",
              "readingType":
              {
                "qualifier": "NA",
                "accumulationType": "DeltaData",
                "tenMultiplier": -2,
                "telemetryPeriod": 60,
                "flowDirectionType": "Positive"
              },
              "metricPath": "qcells_mcu/read/PMU_Monitoring_Data_01/Tot_Load_Active_Power",
              "extendedTelemetry": false
            },
            {
              "rid": "grid_200_W",
              "name": "grid_200_W",
              "readingType":
              {
                "qualifier": "Avg",
                "accumulationType": "Instantaneous",
                "tenMultiplier": -2,
                "telemetryPeriod": 60,
                "flowDirectionType": "NA"
              },
              "metricPath": "qcells_mcu/read/PMU_Monitoring_Data_01/Grid_Active_Power",
              "extendedTelemetry": false
            },
            {
              "rid": "grid_200_DailyWhImp",
              "name": "grid_200_DailyWhImp",
              "readingType":
              {
                "qualifier": "NA",
                "accumulationType": "DailyCumulative",
                "tenMultiplier": -2,
                "telemetryPeriod": 60,
                "flowDirectionType": "Positive"
              },
              "metricPath": "qcells_mcu/read/PMU_Monitoring_Data_01/Grid_Active_Power",
              "extendedTelemetry": false
            },
            {
              "rid": "grid_200_IncWhImp",
              "name": "grid_200_IncWhImp",
              "readingType":
              {
                "qualifier": "NA",
                "accumulationType": "DeltaData",
                "tenMultiplier": -2,
                "telemetryPeriod": 60,
                "flowDirectionType": "Positive"
              },
              "metricPath": "qcells_mcu/read/PMU_Monitoring_Data_01/Grid_Active_Power",
              "extendedTelemetry": false
            },
            {
              "rid": "grid_200_DailyWhExp",
              "name": "grid_200_DailyWhExp",
              "readingType":
              {
                "qualifier": "NA",
                "accumulationType": "DailyCumulative",
                "tenMultiplier": -2,
                "telemetryPeriod": 60,
                "flowDirectionType": "Negative"
              },
              "metricPath": "qcells_mcu/read/PMU_Monitoring_Data_01/Grid_Active_Power",
              "extendedTelemetry": false
            },
            {
              "rid": "grid_200_IncWhExp",
              "name": "grid_200_IncWhExp",
              "readingType":
              {
                "qualifier": "NA",
                "accumulationType": "DeltaData",
                "tenMultiplier": -2,
                "telemetryPeriod": 60,
                "flowDirectionType": "Negative"
              },
              "metricPath": "qcells_mcu/read/PMU_Monitoring_Data_01/Grid_Active_Power",
              "extendedTelemetry": false
            },
            {
              "rid": "battery_713_SoH",
              "name": "battery_713_SoH",
              "readingType":
              {
                "qualifier": "Avg",
                "accumulationType": "Instantaneous",
                "tenMultiplier": -2,
                "telemetryPeriod": 60,
                "flowDirectionType": "NA"
              },
              "calculation": ["qcells_ess_g4/read/P01_B01_JF2_Normal_Back_BMS_03/SOH",
                              "qcells_ess_g4/read/P01_B02_JF2_Normal_Back_BMS_03/SOH", "+", "2", "/"],
              "extendedTelemetry": false
            },
            {
              "rid": "battery_713_SoC",
              "name": "battery_713_SoC",
              "readingType":
              {
                "qualifier": "Avg",
                "accumulationType": "Instantaneous",
                "tenMultiplier": -2,
                "telemetryPeriod": 60,
                "flowDirectionType": "NA"
              },
              "calculation": ["qcells_ess_g4/read/P01_B01_JF2_Normal_Back_BMS_03/User_SOC",
                              "qcells_ess_g4/read/P01_B02_JF2_Normal_Back_BMS_03/User_SOC", "+", "2", "/"],
              "extendedTelemetry": false
            },
            {
              "rid": "battery_200_W",
              "name": "battery_200_W",
              "readingType":
              {
                "qualifier": "Avg",
                "accumulationType": "Instantaneous",
                "tenMultiplier": -2,
                "telemetryPeriod": 60,
                "flowDirectionType": "NA"
              },
              "metricPath": "qcells_ess_g4/read/P01_1s_Monitoring_Data_02/BDC_Power_1s",
              "extendedTelemetry": false
            },
            {
              "rid": "battery_200_DailyWhImp",
              "name": "battery_200_DailyWhImp",
              "readingType":
              {
                "qualifier": "NA",
                "accumulationType": "DailyCumulative",
                "tenMultiplier": -2,
                "telemetryPeriod": 60,
                "flowDirectionType": "Negative"
              },
              "metricPath" : "qcells_ess_g4/read/P01_1s_Monitoring_Data_02/BDC_Power_1s",
              "extendedTelemetry": false
            },
            {
              "rid": "battery_200_IncWhImp",
              "name": "battery_200_IncWhImp",
              "readingType":
              {
                "qualifier": "NA",
                "accumulationType": "DeltaData",
                "tenMultiplier": -2,
                "telemetryPeriod": 60,
                "flowDirectionType": "Negative"
              },
              "metricPath" : "qcells_ess_g4/read/P01_1s_Monitoring_Data_02/BDC_Power_1s",
              "extendedTelemetry": false
            },
            {
              "rid": "battery_200_DailyWhExp",
              "name": "battery_200_DailyWhExp",
              "readingType":
              {
                "qualifier": "NA",
                "accumulationType": "DailyCumulative",
                "tenMultiplier": -2,
                "telemetryPeriod": 60,
                "flowDirectionType": "Positive"
              },
              "metricPath" : "qcells_ess_g4/read/P01_1s_Monitoring_Data_02/BDC_Power_1s",
              "extendedTelemetry": false
            },
            {
              "rid": "battery_200_IncWhExp",
              "name": "battery_200_IncWhExp",
              "readingType":
              {
                "qualifier": "NA",
                "accumulationType": "DeltaData",
                "tenMultiplier": -2,
                "telemetryPeriod": 60,
                "flowDirectionType": "Positive"
              },
              "metricPath" : "qcells_ess_g4/read/P01_1s_Monitoring_Data_02/BDC_Power_1s",
              "extendedTelemetry": false
            },
            {
              "rid": "grid_200_PhVphA",
              "name": "grid_200_PhVphA",
              "readingType":
              {
                "qualifier": "Avg",
                "accumulationType": "Instantaneous",
                "tenMultiplier": -2,
                "telemetryPeriod": 60,
                "flowDirectionType": "NA"
              },
              "metricPath": "qcells_mcu/read/PMU_Monitoring_Data_01/Grid_L1N_V",
              "extendedTelemetry": true
            },
            {
              "rid": "grid_200_PhVphB",
              "name": "grid_200_PhVphB",
              "readingType":
              {
                "qualifier": "Avg",
                "accumulationType": "Instantaneous",
                "tenMultiplier": -2,
                "telemetryPeriod": 60,
                "flowDirectionType": "NA"
              },
              "metricPath": "qcells_mcu/read/PMU_Monitoring_Data_01/Grid_L2N_V",
              "extendedTelemetry": true
            },
            {
              "rid": "grid_200_AphA",
              "name": "grid_200_AphA",
              "readingType":
              {
                "qualifier": "Avg",
                "accumulationType": "Instantaneous",
                "tenMultiplier": -2,
                "telemetryPeriod": 60,
                "flowDirectionType": "NA"
              },
              "metricPath": "qcells_mcu/read/PMU_Monitoring_Data_02/Grid_L1_I",
              "extendedTelemetry": true
            },
            {
              "rid": "grid_200_AphB",
              "name": "grid_200_AphB",
              "readingType":
              {
                "qualifier": "Avg",
                "accumulationType": "Instantaneous",
                "tenMultiplier": -2,
                "telemetryPeriod": 60,
                "flowDirectionType": "NA"
              },
              "metricPath": "qcells_mcu/read/PMU_Monitoring_Data_02/Grid_L2_I",
              "extendedTelemetry": true
            },
            {
              "rid": "grid_200_VAR",
              "name": "grid_200_VAR",
              "readingType":
              {
                "qualifier": "Avg",
                "accumulationType": "Instantaneous",
                "tenMultiplier": -2,
                "telemetryPeriod": 60,
                "flowDirectionType": "NA"
              },
              "metricPath": "qcells_mcu/read/PMU_Monitoring_Data_01/Grid_Reactive_Power",
              "extendedTelemetry": true
            },
            {
              "rid": "grid_200_Hz",
              "name": "grid_200_Hz",
              "readingType":
              {
                "qualifier": "Avg",
                "accumulationType": "Instantaneous",
                "tenMultiplier": -2,
                "telemetryPeriod": 60,
                "flowDirectionType": "NA"
              },
              "metricPath": "qcells_mcu/read/PMU_Monitoring_Data_01/Grid_Freq",
              "extendedTelemetry": true
            },
            {
              "rid": "extpv_200_W",
              "name": "extpv_200_W",
              "readingType":
              {
                "qualifier": "Avg",
                "accumulationType": "Instantaneous",
                "tenMultiplier": -2,
                "telemetryPeriod": 60,
                "flowDirectionType": "NA"
              },
              "metricPath": "qcells_mcu/read/PMU_Monitoring_Data_01/Ext_PV_Active_Power",
              "extendedTelemetry": true
            },
            {
              "rid": "extpv_200_DailyWhExp",
              "name": "extpv_200_DailyWhExp",
              "readingType":
              {
                "qualifier": "NA",
                "accumulationType": "DailyCumulative",
                "tenMultiplier": -2,
                "telemetryPeriod": 60,
                "flowDirectionType": "NA"
              },
              "metricPath": "qcells_mcu/read/PMU_Monitoring_Data_01/Ext_PV_Active_Power",
              "extendedTelemetry": true
            },
            {
              "rid": "extpv_200_IncWhExp",
              "name": "extpv_200_IncWhExp",
              "readingType":
              {
                "qualifier": "NA",
                "accumulationType": "DeltaData",
                "tenMultiplier": -2,
                "telemetryPeriod": 60,
                "flowDirectionType": "NA"
              },
              "metricPath": "qcells_mcu/read/PMU_Monitoring_Data_01/Ext_PV_Active_Power",
              "extendedTelemetry": true
            },
            {
              "rid": "grid_200_PF",
              "name": "grid_200_PF",
              "readingType":
              {
                "qualifier": "NA",
                "accumulationType": "Instantaneous",
                "tenMultiplier": -2,
                "telemetryPeriod": 60,
                "flowDirectionType": "NA"
              },
              "metricPath": "qcells_mcu/read/PMU_Monitoring_Data_01/Grid_Power_Factor",
              "extendedTelemetry": true
            },
            {
              "rid": "battery_802_SoC",
              "name": "battery_802_SoC",
              "readingType":
              {
                "qualifier": "NA",
                "accumulationType": "Instantaneous",
                "tenMultiplier": -2,
                "telemetryPeriod": 60,
                "flowDirectionType": "NA"
              },
              "calculation": ["qcells_ess_g4/read/P01_B01_JF2_Additional_10/Real_SOC",
                              "qcells_ess_g4/read/P01_B02_JF2_Additional_10/Real_SOC", "+", "2", "/"],
              "extendedTelemetry": true
            },
            {
              "rid": "battery_714_DCV",
              "name": "battery_714_DCV",
              "readingType":
              {
                "qualifier": "NA",
                "accumulationType": "Instantaneous",
                "tenMultiplier": -2,
                "telemetryPeriod": 60,
                "flowDirectionType": "NA"
              },
              "metricPath": "qcells_ess_g4/read/P01_1s_Monitoring_Data_03/BAT_Voltage_CONV",
              "extendedTelemetry": true
            },
            {
              "rid": "battery_714_DCA",
              "name": "battery_714_DCA",
              "readingType":
              {
                "qualifier": "NA",
                "accumulationType": "Instantaneous",
                "tenMultiplier": -2,
                "telemetryPeriod": 60,
                "flowDirectionType": "NA"
              },
              "metricPath": "qcells_ess_g4/read/P01_1s_Monitoring_Data_03/Total_Rack_Current",
              "extendedTelemetry": true
            },
            {
              "rid": "battery_805_CellVAvg",
              "name": "battery_805_CellVAvg",
              "readingType":
              {
                "qualifier": "NA",
                "accumulationType": "Instantaneous",
                "tenMultiplier": -2,
                "telemetryPeriod": 60,
                "flowDirectionType": "NA"
              },
              "metricPath": "qcells_ess_g4/read/P01_1s_Monitoring_Data_04/Avg_Cell_Voltage",
              "extendedTelemetry": true
            },
            {
              "rid": "battery_805_CellVMax",
              "name": "battery_805_CellVMax",
              "readingType":
              {
                "qualifier": "NA",
                "accumulationType": "Instantaneous",
                "tenMultiplier": -2,
                "telemetryPeriod": 60,
                "flowDirectionType": "NA"
              },
              "metricPath": "qcells_ess_g4/read/P01_1s_Monitoring_Data_04/Max_Cell_Voltage",
              "extendedTelemetry": true
            },
            {
              "rid": "battery_805_CellVMin",
              "name": "battery_805_CellVMin",
              "readingType":
              {
                "qualifier": "NA",
                "accumulationType": "Instantaneous",
                "tenMultiplier": -2,
                "telemetryPeriod": 60,
                "flowDirectionType": "NA"
              },
              "metricPath": "qcells_ess_g4/read/P01_1s_Monitoring_Data_04/Min_Cell_Voltage",
              "extendedTelemetry": true
            },
            {
              "rid": "battery_805_CellTmpAvg",
              "name": "battery_805_CellTmpAvg",
              "readingType":
              {
                "qualifier": "NA",
                "accumulationType": "Instantaneous",
                "tenMultiplier": -2,
                "telemetryPeriod": 60,
                "flowDirectionType": "NA"
              },
              "metricPath": "qcells_ess_g4/read/P01_1s_Monitoring_Data_04/Avg_Cell_Temperature",
              "extendedTelemetry": true
            },
            {
              "rid": "battery_805_CellTmpMax",
              "name": "battery_805_CellTmpMax",
              "readingType":
              {
                "qualifier": "NA",
                "accumulationType": "Instantaneous",
                "tenMultiplier": -2,
                "telemetryPeriod": 60,
                "flowDirectionType": "NA"
              },
              "metricPath": "qcells_ess_g4/read/P01_1s_Monitoring_Data_04/Max_Cell_Temperature",
              "extendedTelemetry": true
            },
            {
              "rid": "battery_805_CellTmpMin",
              "name": "battery_805_CellTmpMin",
              "readingType":
              {
                "qualifier": "NA",
                "accumulationType": "Instantaneous",
                "tenMultiplier": -2,
                "telemetryPeriod": 60,
                "flowDirectionType": "NA"
              },
              "metricPath": "qcells_ess_g4/read/P01_1s_Monitoring_Data_04/Min_Cell_Temperature",
              "extendedTelemetry": true
            },
            {
              "rid": "inverter_701_Hz",
              "name": "inverter_701_Hz",
              "readingType":
              {
                "qualifier": "NA",
                "accumulationType": "Instantaneous",
                "tenMultiplier": -2,
                "telemetryPeriod": 60,
                "flowDirectionType": "NA"
              },
              "metricPath": "qcells_ess_g4/read/P01_1s_Monitoring_Data_01/ESS_Inverter_Frequency",
              "extendedTelemetry": true
            },
            {
              "rid": "battery_802_V",
              "name": "battery_802_V",
              "readingType":
              {
                "qualifier": "NA",
                "accumulationType": "Instantaneous",
                "tenMultiplier": -2,
                "telemetryPeriod": 60,
                "flowDirectionType": "NA"
              },
              "calculation": ["qcells_ess_g4/read/P01_B01_JF2_Normal_Back_BMS_03/Cell_Sum_Voltage",
                              "qcells_ess_g4/read/P01_B02_JF2_Normal_Back_BMS_03/Cell_Sum_Voltage", "+", "2", "/"],
              "extendedTelemetry": true
            },
            {
              "rid": "Grid_Status",
              "name": "Grid_Status",
              "readingType":
              {
                "qualifier": "NA",
                "accumulationType": "Instantaneous",
                "tenMultiplier": -2,
                "telemetryPeriod": 60,
                "flowDirectionType": "NA"
              },
              "metricPath": "qcells_mcu/read/PMU_Monitoring_Data_05/PMU_Grid_Status",
              "extendedTelemetry": true
            },
            {
              "rid": "Operation_Status",
              "name": "Operation_Status",
              "readingType":
              {
                "qualifier": "NA",
                "accumulationType": "Instantaneous",
                "tenMultiplier": -2,
                "telemetryPeriod": 60,
                "flowDirectionType": "NA"
              },
              "metricPath": "qcells_mpu/persistent_data/mpu_data/Operation_Status",
              "extendedTelemetry": true
            },
            {
              "rid": "energyControl",
              "name": "energyControl",
              "readingType":
              {
                "qualifier": "NA",
                "accumulationType": "Instantaneous",
                "tenMultiplier": -2,
                "telemetryPeriod": 60,
                "flowDirectionType": "NA"
              },
              "metricPath": "qcells_mpu/persistent_data/mpu_data/EnergyControl_Status",
              "extendedTelemetry": true
            },
            {
              "rid": "PCS_Mode",
              "name": "PCS_Mode",
              "readingType":
              {
                "qualifier": "NA",
                "accumulationType": "Instantaneous",
                "tenMultiplier": -2,
                "telemetryPeriod": 60,
                "flowDirectionType": "NA"
              },
              "metricPath": "qcells_ess_g4/read/P01_1s_Monitoring_Data_01/PCS_CMD1",
              "extendedTelemetry": true
            },
            {
              "rid": "eMMC_Life",
              "name": "eMMC_Life",
              "readingType":
              {
                "qualifier": "NA",
                "accumulationType": "Instantaneous",
                "tenMultiplier": -2,
                "telemetryPeriod": 60,
                "flowDirectionType": "NA"
              },
              "metricPath": "qcells_mpu/persistent_data/mpu_data/emmc_life_avg",
              "extendedTelemetry": true
            }
          ],
          "devicePointList":
          [
            {
              "rid": "reboot",
              "type": "control",
              "payload": {
                "name": "reboot",
                "metricPath": "qcells_mpu/control_data/control_data/reboot"
              }
            },
            {
              "rid": "wifiSetting",
              "type": "control",
              "payload": {
                "name": "wifiSetting",
                "metricPath": "qcells_mpu/control_data/control_data/wifiSetting"
              }
            },
            {
              "rid": "connectReverseSsh",
              "type": "control",
              "payload": {
                "name": "connectReverseSsh",
                "metricPath": "qcells_mpu/control_data/control_data/connectReverseSsh"
              }
            },
            {
              "rid": "changeOperationMode",
              "type": "control",
              "payload": {
                "name": "changeOperationMode",
                "metricPath": "qcells_mpu/control_data/control_data/changeOperationMode"
              }
            },
            {
              "rid": "realtimeTelemetry",
              "type": "control",
              "payload": {
                "name": "realtimeTelemetry",
                "metricPath": "qcells_mpu/control_data/control_data/realtimeTelemetry"
              }
            },
            {
              "rid": "lteModemSerialNumber",
              "type": "info",
              "payload": {
                "name": "lteModemSerialNumber",
                "metricPath": "qcells_mpu/info_data/device_constant/network_info"
              }
            },
            {
              "rid": "MI_Connected_Count",
              "type": "info",
              "payload": {
                "name": "MI_Connected_Count",
                "metricPath": "qcells_mpu/info_data/Device_Auto_Detection_MCU/MI_Connected_Count"
              }
            },
            {
              "rid": "MSC_Auto_Detect_Status",
              "type": "info",
              "payload": {
                "name": "MSC_Auto_Detect_Status",
                "metricPath": "qcells_mpu/info_data/Device_Auto_Detection_MCU/MSC_Auto_Detect_Status"
              }
            },
            {
              "rid": "MSC_Connected_Count",
              "type": "info",
              "payload": {
                "name": "MSC_Connected_Count",
                "metricPath": "qcells_mpu/info_data/Device_Auto_Detection_MCU/MSC_Connected_Count"
              }
            },
            {
              "rid": "Clamp_CT_Status",
              "type": "info",
              "payload": {
                "name": "Clamp_CT_Status",
                "metricPath": "qcells_mpu/info_data/Device_Auto_Detection_MCU/Clamp_CT_Status"
              }
            },
            {
              "rid": "Clamp_CT_Connected_Count",
              "type": "info",
              "payload": {
                "name": "Clamp_CT_Connected_Count",
                "metricPath": "qcells_mpu/info_data/Device_Auto_Detection_MCU/Clamp_CT_Connected_Count"
              }
            },
            {
              "rid": "Rogowski_Coil_Connected_Count",
              "type": "info",
              "payload": {
                "name": "Rogowski_Coil_Connected_Count",
                "metricPath": "qcells_mpu/info_data/Device_Auto_Detection_MCU/Rogowski_Coil_Connected_Count"
              }
            },
            {
              "rid": "Smart_Relay_Board_Connected_Count",
              "type": "info",
              "payload": {
                "name": "Smart_Relay_Board_Connected_Count",
                "metricPath": "qcells_mpu/info_data/Device_Auto_Detection_MCU/Smart_Relay_Board_Connected_Count"
              }
            },
            {
              "rid": "External_Box_Connected_Count",
              "type": "info",
              "payload": {
                "name": "External_Box_Connected_Count",
                "metricPath": "qcells_mpu/info_data/Device_Auto_Detection_MCU/External_Box_Connected_Count"
              }
            },
            {
              "rid": "Qcell_MID_Connected_Count",
              "type": "info",
              "payload": {
                "name": "Qcell_MID_Connected_Count",
                "metricPath": "qcells_mpu/info_data/Device_Auto_Detection_MCU/Qcell_MID_Connected_Count"
              }
            },
            {
              "rid": "Eaton_MID_Connected_Count",
              "type": "info",
              "payload": {
                "name": "Eaton_MID_Connected_Count",
                "metricPath": "qcells_mpu/info_data/Device_Auto_Detection_MCU/Eaton_MID_Connected_Count"
              }
            },
            {
              "rid": "simCardSerialNumber",
              "type": "info",
              "payload": {
                "name": "simCardSerialNumber",
                "metricPath": "qcells_mpu/info_data/device_constant/network_info"
              }
            },
            {
              "rid": "bmsVersion_Battery_ESS_G4_T_000",
              "type": "info",
              "payload": {
                "name": "bmsVersion",
                "metricPath": "qcells_mpu/info_data/device_version/jf2_bms_version"
              }
            },
            {
              "rid": "bmsVersion_Battery_ESS_G4_T_001",
              "type": "info",
              "payload": {
                "name": "bmsVersion",
                "metricPath": "qcells_mpu/info_data/device_version/jf2_bms_version"
              }
            },
            {
              "rid": "microInverterVersion_MI_000",
              "type": "info",
              "payload": {
                "name": "microInverterVersion",
                "metricPath": "qcells_mpu/info_data/device_version/mi_info"
              }
            },
            {
              "rid": "microInverterVersion_MI_001",
              "type": "info",
              "payload": {
                "name": "microInverterVersion",
                "metricPath": "qcells_mpu/info_data/device_version/mi_info"
              }
            },
            {
              "rid": "wMaxRtg_TPO_Optimized_ESS_G4_T_000",
              "type": "info",
              "payload": {
                "name": "wMaxRtg",
                "metricPath": "qcells_mpu/info_data/Nameplate_Response_PCS/Rated_ActivePower"
              }
            },
            {
              "rid": "whRtg_Battery_ESS_G4_T_000",
              "type": "info",
              "payload": {
                "name": "whRtg",
                "metricPath": "qcells_mpu/info_data/cloud_additional_info/Nameplate_energy"
              }
            },
            {
              "rid": "whRtg_Battery_ESS_G4_T_001",
              "type": "info",
              "payload": {
                "name": "whRtg",
                "metricPath": "qcells_mpu/info_data/cloud_additional_info/Nameplate_energy"
              }
            },
            {
              "rid": "wMaxRtg_MI_000",
              "type": "info",
              "payload": {
                "name": "wMaxRtg",
                "metricPath": "qcells_mpu/info_data/cloud_additional_info/MI_Nameplate_WMaxRtg"
              }
            },
            {
              "rid": "wMaxRtg_MI_001",
              "type": "info",
              "payload": {
                "name": "wMaxRtg",
                "metricPath": "qcells_mpu/info_data/cloud_additional_info/MI_Nameplate_WMaxRtg"
              }
            },
            {
              "rid": "Inverter_Max_output_Power",
              "type": "setting",
              "payload": {
                "name": "Inverter_Max_output_Power",
                "metricPath": "qcells_mpu/setting_data/INSTALL_DATA_GROUP1/Inverter_Max_output_Power"
              }
            },
            {
              "rid": "log_level_mcu",
              "type": "setting",
              "payload": {
                "name": "log_level_mcu",
                "metricPath": "qcells_mpu/setting_data/mpu_data/log_level_mcu"
              }
            },
            {
              "rid": "ESS_Charge_Current_Limit",
              "type": "setting",
              "payload": {
                "name": "ESS_Charge_Current_Limit",
                "metricPath": "qcells_mpu/setting_data/mpu_energy_setting/ESS_Charge_Current_Limit"
              }
            },
            {
              "rid": "ESS_Discharge_Current_Limit",
              "type": "setting",
              "payload": {
                "name": "ESS_Discharge_Current_Limit",
                "metricPath": "qcells_mpu/setting_data/mpu_energy_setting/ESS_Discharge_Current_Limit"
              }
            },
            {
              "rid": "Grid_Target_Frequency",
              "type": "setting",
              "payload": {
                "name": "Grid_Target_Frequency",
                "metricPath": "qcells_mpu/setting_data/INSTALL_DATA_GROUP1/Grid_Target_Frequency"
              }
            },
            {
              "rid": "ESS2_Battery_number",
              "type": "setting",
              "payload": {
                "name": "ESS2_Battery_number",
                "metricPath": "qcells_mpu/setting_data/INSTALL_DATA_GROUP1/ESS2_Battery_number"
              }
            },
            {
              "rid": "ESS1_Battery_number",
              "type": "setting",
              "payload": {
                "name": "ESS1_Battery_number",
                "metricPath": "qcells_mpu/setting_data/INSTALL_DATA_GROUP1/ESS1_Battery_number"
              }
            },
            {
              "rid": "Battery_Backup_SOC",
              "type": "setting",
              "payload": {
                "name": "Battery_Backup_SOC",
                "metricPath": "qcells_mpu/setting_data/INSTALL_DATA_GROUP1/Battery_Backup_SOC"
              }
            },
            {
              "rid": "Battery_Hysteresis_Low",
              "type": "setting",
              "payload": {
                "name": "Battery_Hysteresis_Low",
                "metricPath": "qcells_mpu/setting_data/INSTALL_DATA_GROUP1/Battery_Hysteresis_Low"
              }
            },
            {
              "rid": "Battery_Hysteresis_High",
              "type": "setting",
              "payload": {
                "name": "Battery_Hysteresis_High",
                "metricPath": "qcells_mpu/setting_data/INSTALL_DATA_GROUP1/Battery_Hysteresis_High"
              }
            },
            {
              "rid": "Derating_Flag",
              "type": "setting",
              "payload": {
                "name": "Derating_Flag",
                "metricPath": "qcells_mpu/setting_data/INSTALL_DATA_GROUP1/Derating_Flag"
              }
            },
            {
              "rid": "Derating_Start_Temp",
              "type": "setting",
              "payload": {
                "name": "Derating_Start_Temp",
                "metricPath": "qcells_mpu/setting_data/INSTALL_DATA_GROUP1/Derating_Start_Temp"
              }
            },
            {
              "rid": "Derating_Value",
              "type": "setting",
              "payload": {
                "name": "Derating_Value",
                "metricPath": "qcells_mpu/setting_data/INSTALL_DATA_GROUP1/Derating_Value"
              }
            },
            {
              "rid": "Advanced_HUB_Installed",
              "type": "setting",
              "payload": {
                "name": "Advanced_HUB_Installed",
                "metricPath": "qcells_mpu/setting_data/INSTALL_DATA_GROUP1/Advanced_HUB_Installed"
              }
            },
            {
              "rid": "System_Commissioning_Status",
              "type": "setting",
              "payload": {
                "name": "System_Commissioning_Status",
                "metricPath": "qcells_mpu/setting_data/INSTALL_DATA_GROUP1/System_Commissioning_Status"
              }
            },
            {
              "rid": "PV_Type",
              "type": "setting",
              "payload": {
                "name": "PV_Type",
                "metricPath": "qcells_mpu/setting_data/INSTALL_DATA_GROUP1/PV_Type"
              }
            },
            {
              "rid": "ESS_Install_Num",
              "type": "setting",
              "payload": {
                "name": "ESS_Install_Num",
                "metricPath": "qcells_mpu/setting_data/INSTALL_DATA_GROUP2/ESS_Install_Num"
              }
            },
            {
              "rid": "HUB_Installed_Flag",
              "type": "setting",
              "payload": {
                "name": "HUB_Installed_Flag",
                "metricPath": "qcells_mpu/setting_data/INSTALL_DATA_GROUP2/HUB_Installed_Flag"
              }
            },
            {
              "rid": "MSP_Installed_Flag",
              "type": "setting",
              "payload": {
                "name": "MSP_Installed_Flag",
                "metricPath": "qcells_mpu/setting_data/INSTALL_DATA_GROUP2/MSP_Installed_Flag"
              }
            },
            {
              "rid": "MSC_Installed_Point",
              "type": "setting",
              "payload": {
                "name": "MSC_Installed_Point",
                "metricPath": "qcells_mpu/setting_data/INSTALL_DATA_GROUP2/MSC_Installed_Point"
              }
            },
            {
              "rid": "Ext_Relay_Box_Installed",
              "type": "setting",
              "payload": {
                "name": "Ext_Relay_Box_Installed",
                "metricPath": "qcells_mpu/setting_data/INSTALL_DATA_GROUP2/Ext_Relay_Box1_Installed"
              }
            },
            {
              "rid": "Ext_PV_Installed_Flag",
              "type": "setting",
              "payload": {
                "name": "Ext_PV_Installed_Flag",
                "metricPath": "qcells_mpu/setting_data/INSTALL_DATA_GROUP2/Ext_PV_Installed_Flag"
              }
            },
            {
              "rid": "Generator_User_Auto_Start_Enable",
              "type": "setting",
              "payload": {
                "name": "Generator_User_Auto_Start_Enable",
                "metricPath": "qcells_mpu/setting_data/INSTALL_DATA_GROUP2/Generator_User_Auto_Start_Enable"
              }
            },
            {
              "rid": "Generator_User_Manual_On_Command",
              "type": "setting",
              "payload": {
                "name": "Generator_User_Manual_On_Command",
                "metricPath": "qcells_mpu/setting_data/INSTALL_DATA_GROUP2/Generator_User_Manual_On_Command"
              }
            },
            {
              "rid": "GEN_Maintenance_Mode_Flag",
              "type": "setting",
              "payload": {
                "name": "GEN_Maintenance_Mode_Flag",
                "metricPath": "qcells_mpu/setting_data/INSTALL_DATA_GROUP2/GEN_Maintenance_Mode_Flag"
              }
            },
            {
              "rid": "GEN_Maintenance_Mode_Duration",
              "type": "setting",
              "payload": {
                "name": "GEN_Maintenance_Mode_Duration",
                "metricPath": "qcells_mpu/setting_data/INSTALL_DATA_GROUP2/GEN_Maintenance_Mode_Duration"
              }
            },
            {
              "rid": "GEN_Mode_Start_SOC",
              "type": "setting",
              "payload": {
                "name": "GEN_Mode_Start_SOC",
                "metricPath": "qcells_mpu/setting_data/INSTALL_DATA_GROUP2/GEN_Mode_Start_SOC"
              }
            },
            {
              "rid": "GEN_Mode_Release_SOC",
              "type": "setting",
              "payload": {
                "name": "GEN_Mode_Release_SOC",
                "metricPath": "qcells_mpu/setting_data/INSTALL_DATA_GROUP2/GEN_Mode_Release_SOC"
              }
            },
            {
              "rid": "GEN_Nameplate_Power",
              "type": "setting",
              "payload": {
                "name": "GEN_Nameplate_Power",
                "metricPath": "qcells_mpu/setting_data/INSTALL_DATA_GROUP2/GEN_Nameplate_Power"
              }
            },
            {
              "rid": "Ext_CT_Installed_Point",
              "type": "setting",
              "payload": {
                "name": "Ext_CT_Installed_Point",
                "metricPath": "qcells_mpu/setting_data/INSTALL_DATA_GROUP2/Ext_CT_Installed_Point"
              }
            },
            {
              "rid": "Ext_Dry_Contact",
              "type": "setting",
              "payload": {
                "name": "Ext_Dry_Contact",
                "metricPath": "qcells_mpu/setting_data/INSTALL_DATA_GROUP2/Ext_Dry_Contact"
              }
            },
            {
              "rid": "Busbar_Protection_Flag",
              "type": "setting",
              "payload": {
                "name": "Busbar_Protection_Flag",
                "metricPath": "qcells_mpu/setting_data/INSTALL_DATA_GROUP2/Busbar_Protection_Flag"
              }
            },
            {
              "rid": "MSP_Busbar_Rating",
              "type": "setting",
              "payload": {
                "name": "MSP_Busbar_Rating",
                "metricPath": "qcells_mpu/setting_data/INSTALL_DATA_GROUP2/MSP_Busbar_Rating"
              }
            },
            {
              "rid": "MI_Nameplate_Power",
              "type": "setting",
              "payload": {
                "name": "MI_Nameplate_Power",
                "metricPath": "qcells_mpu/setting_data/INSTALL_DATA_GROUP2/MI_Nameplate_Power"
              }
            },
            {
              "rid": "DER_CB_Rating",
              "type": "setting",
              "payload": {
                "name": "DER_CB_Rating",
                "metricPath": "qcells_mpu/setting_data/INSTALL_DATA_GROUP2/DER_CB_Rating"
              }
            },
            {
              "rid": "Mixed_Tariff",
              "type": "setting",
              "payload": {
                "name": "Mixed_Tariff",
                "metricPath": "qcells_mpu/setting_data/INSTALL_DATA_GROUP2/Mixed_Tariff"
              }
            },
            {
              "rid": "Sub_Panel_Installed_Flag",
              "type": "setting",
              "payload": {
                "name": "Sub_Panel_Installed_Flag",
                "metricPath": "qcells_mpu/setting_data/INSTALL_DATA_GROUP2/Sub_Panel_Installed_Flag"
              }
            },
            {
              "rid": "Power_Ctrl_Time",
              "type": "setting",
              "payload": {
                "name": "Power_Ctrl_Time",
                "metricPath": "qcells_mpu/setting_data/INSTALL_DATA_GROUP2/Power_Ctrl_Time"
              }
            },
            {
              "rid": "Power_Ctrl_Limit_Min",
              "type": "setting",
              "payload": {
                "name": "Power_Ctrl_Limit_Min",
                "metricPath": "qcells_mpu/setting_data/INSTALL_DATA_GROUP2/Power_Ctrl_Limit_Min"
              }
            },
            {
              "rid": "PG_E_Mode_Disable",
              "type": "setting",
              "payload": {
                "name": "PG_E_Mode_Disable",
                "metricPath": "qcells_mpu/setting_data/INSTALL_DATA_GROUP2/PG_E_Mode_Disable"
              }
            },
            {
              "rid": "BBOC_Reconnection_Time",
              "type": "setting",
              "payload": {
                "name": "BBOC_Reconnection_Time",
                "metricPath": "qcells_mpu/setting_data/INSTALL_DATA_GROUP2/BBOC_Reconnection_Time"
              }
            },
            {
              "rid": "Config_3rd_Party_ESS",
              "type": "setting",
              "payload": {
                "name": "Config_3rd_Party_ESS",
                "metricPath": "qcells_mpu/setting_data/INSTALL_DATA_GROUP2/Config_3rd_Party_ESS"
              }
            },
            {
              "rid": "CT_Polarity",
              "type": "setting",
              "payload": {
                "name": "CT_Polarity",
                "metricPath": "qcells_mpu/setting_data/INSTALL_DATA_GROUP2/CT_Polarity"
              }
            },
            {
              "rid": "Ext_SRB_CH1_Installed",
              "type": "setting",
              "payload": {
                "name": "Ext_SRB_CH1_Installed",
                "metricPath": "qcells_mpu/setting_data/INSTALL_DATA_GROUP2/Ext_SRB_CH1_Installed"
              }
            },
            {
              "rid": "Ext_SRB_CH2_Installed",
              "type": "setting",
              "payload": {
                "name": "Ext_SRB_CH2_Installed",
                "metricPath": "qcells_mpu/setting_data/INSTALL_DATA_GROUP2/Ext_SRB_CH2_Installed"
              }
            },
            {
              "rid": "Sub_Panel_Busbar_Rating",
              "type": "setting",
              "payload": {
                "name": "Sub_Panel_Busbar_Rating",
                "metricPath": "qcells_mpu/setting_data/INSTALL_DATA_GROUP2/Sub_Panel_Busbar_Rating"
              }
            },
            {
              "rid": "DER1_Device_Select",
              "type": "setting",
              "payload": {
                "name": "DER1_Device_Select",
                "metricPath": "qcells_mpu/setting_data/INSTALL_DATA_GROUP3/DER1_Device_Select"
              }
            },
            {
              "rid": "DER2_Device_Select",
              "type": "setting",
              "payload": {
                "name": "DER2_Device_Select",
                "metricPath": "qcells_mpu/setting_data/INSTALL_DATA_GROUP3/DER2_Device_Select"
              }
            },
            {
              "rid": "DER3_Device_Select",
              "type": "setting",
              "payload": {
                "name": "DER3_Device_Select",
                "metricPath": "qcells_mpu/setting_data/INSTALL_DATA_GROUP3/DER3_Device_Select"
              }
            },
            {
              "rid": "DER4_Device_Select",
              "type": "setting",
              "payload": {
                "name": "DER4_Device_Select",
                "metricPath": "qcells_mpu/setting_data/INSTALL_DATA_GROUP3/DER4_Device_Select"
              }
            },
            {
              "rid": "Backup_Load_Relay_Installed",
              "type": "setting",
              "payload": {
                "name": "Backup_Load_Relay_Installed",
                "metricPath": "qcells_mpu/setting_data/INSTALL_DATA_GROUP3/Backup_Load_Relay_Installed"
              }
            },
            {
              "rid": "Tau_Coefficient_ess",
              "type": "setting",
              "payload": {
                "name": "Tau_Coefficient_ess",
                "metricPath": "qcells_mpu/setting_data/INSTALL_DATA_GROUP4_E/Tau_Coefficient_ess"
              }
            },
            {
              "rid": "Grid_Target_Voltage_ess",
              "type": "setting",
              "payload": {
                "name": "Grid_Target_Voltage_ess",
                "metricPath": "qcells_mpu/setting_data/INSTALL_DATA_GROUP4_E/Grid_Target_Voltage_ess"
              }
            },
            {
              "rid": "Max_Apparent_Power_Limit_ess",
              "type": "setting",
              "payload": {
                "name": "Max_Apparent_Power_Limit_ess",
                "metricPath": "qcells_mpu/setting_data/INSTALL_DATA_GROUP4_E/Max_Apparent_Power_Limit_ess"
              }
            },
            {
              "rid": "Export_P_min_ess",
              "type": "setting",
              "payload": {
                "name": "Export_P_min_ess",
                "metricPath": "qcells_mpu/setting_data/INSTALL_DATA_GROUP4_E/Export_P_min_ess"
              }
            },
            {
              "rid": "Import_P_min_ess",
              "type": "setting",
              "payload": {
                "name": "Import_P_min_ess",
                "metricPath": "qcells_mpu/setting_data/INSTALL_DATA_GROUP4_E/Import_P_min_ess"
              }
            },
            {
              "rid": "VarMax_Over_Excited_ess",
              "type": "setting",
              "payload": {
                "name": "VarMax_Over_Excited_ess",
                "metricPath": "qcells_mpu/setting_data/INSTALL_DATA_GROUP4_E/VarMax_Over_Excited_ess"
              }
            },
            {
              "rid": "VarMax_Under_Excited_ess",
              "type": "setting",
              "payload": {
                "name": "VarMax_Under_Excited_ess",
                "metricPath": "qcells_mpu/setting_data/INSTALL_DATA_GROUP4_E/VarMax_Under_Excited_ess"
              }
            },
            {
              "rid": "PFMin_Over_Excited_ess",
              "type": "setting",
              "payload": {
                "name": "PFMin_Over_Excited_ess",
                "metricPath": "qcells_mpu/setting_data/INSTALL_DATA_GROUP4_E/PFMin_Over_Excited_ess"
              }
            },
            {
              "rid": "PFMin_Under_Excited_ess",
              "type": "setting",
              "payload": {
                "name": "PFMin_Under_Excited_ess",
                "metricPath": "qcells_mpu/setting_data/INSTALL_DATA_GROUP4_E/PFMin_Under_Excited_ess"
              }
            },
            {
              "rid": "Charge_Rate_Setting_ess",
              "type": "setting",
              "payload": {
                "name": "Charge_Rate_Setting_ess",
                "metricPath": "qcells_mpu/setting_data/INSTALL_DATA_GROUP4_E/Charge_Rate_Setting_ess"
              }
            },
            {
              "rid": "Discharge_Rate_Setting_ess",
              "type": "setting",
              "payload": {
                "name": "Discharge_Rate_Setting_ess",
                "metricPath": "qcells_mpu/setting_data/INSTALL_DATA_GROUP4_E/Discharge_Rate_Setting_ess"
              }
            },
            {
              "rid": "Charge_Rate_VA_Setting_ess",
              "type": "setting",
              "payload": {
                "name": "Charge_Rate_VA_Setting_ess",
                "metricPath": "qcells_mpu/setting_data/INSTALL_DATA_GROUP4_E/Charge_Rate_VA_Setting_ess"
              }
            },
            {
              "rid": "Active_Power_Setting_ess",
              "type": "setting",
              "payload": {
                "name": "Active_Power_Setting_ess",
                "metricPath": "qcells_mpu/setting_data/INSTALL_DATA_GROUP4_E/Active_Power_Setting_ess"
              }
            },
            {
              "rid": "Active_Power_Over_Excited_Setting_ess",
              "type": "setting",
              "payload": {
                "name": "Active_Power_Over_Excited_Setting_ess",
                "metricPath": "qcells_mpu/setting_data/INSTALL_DATA_GROUP4_E/Active_Power_Over_Excited_Setting_ess"
              }
            },
            {
              "rid": "Active_Power_Under_Excited_Setting_ess",
              "type": "setting",
              "payload": {
                "name": "Active_Power_Under_Excited_Setting_ess",
                "metricPath": "qcells_mpu/setting_data/INSTALL_DATA_GROUP4_E/Active_Power_Under_Excited_Setting_ess"
              }
            },
            {
              "rid": "rtgVarMax_ess",
              "type": "setting",
              "payload": {
                "name": "rtgVarMax_ess",
                "metricPath": "qcells_mpu/setting_data/INSTALL_DATA_GROUP4_E/rtgVarMax_ess"
              }
            },
            {
              "rid": "SetVrt_ess",
              "type": "setting",
              "payload": {
                "name": "SetVrt_ess",
                "metricPath": "qcells_mpu/setting_data/INSTALL_DATA_GROUP4_E/SetVrt_ess"
              }
            },
            {
              "rid": "SetVMax_ess",
              "type": "setting",
              "payload": {
                "name": "SetVMax_ess",
                "metricPath": "qcells_mpu/setting_data/INSTALL_DATA_GROUP4_E/SetVMax_ess"
              }
            },
            {
              "rid": "SetVmin_ess",
              "type": "setting",
              "payload": {
                "name": "SetVmin_ess",
                "metricPath": "qcells_mpu/setting_data/INSTALL_DATA_GROUP4_E/SetVmin_ess"
              }
            },
            {
              "rid": "SetAMax_ess",
              "type": "setting",
              "payload": {
                "name": "SetAMax_ess",
                "metricPath": "qcells_mpu/setting_data/INSTALL_DATA_GROUP4_E/SetAMax_ess"
              }
            },
            {
              "rid": "Tau_Coefficient_mi",
              "type": "setting",
              "payload": {
                "name": "Tau_Coefficient_mi",
                "metricPath": "qcells_mpu/setting_data/INSTALL_DATA_GROUP4_M/Tau_Coefficient_mi"
              }
            },
            {
              "rid": "Grid_Target_Voltage_mi",
              "type": "setting",
              "payload": {
                "name": "Grid_Target_Voltage_mi",
                "metricPath": "qcells_mpu/setting_data/INSTALL_DATA_GROUP4_M/Grid_Target_Voltage_mi"
              }
            },
            {
              "rid": "Max_Apparent_Power_Limit_mi",
              "type": "setting",
              "payload": {
                "name": "Max_Apparent_Power_Limit_mi",
                "metricPath": "qcells_mpu/setting_data/INSTALL_DATA_GROUP4_M/Max_Apparent_Power_Limit_mi"
              }
            },
            {
              "rid": "Export_P_min_mi",
              "type": "setting",
              "payload": {
                "name": "Export_P_min_mi",
                "metricPath": "qcells_mpu/setting_data/INSTALL_DATA_GROUP4_M/Export_P_min_mi"
              }
            },
            {
              "rid": "Import_P_min_mi",
              "type": "setting",
              "payload": {
                "name": "Import_P_min_mi",
                "metricPath": "qcells_mpu/setting_data/INSTALL_DATA_GROUP4_M/Import_P_min_mi"
              }
            },
            {
              "rid": "VarMax_Over_Excited_mi",
              "type": "setting",
              "payload": {
                "name": "VarMax_Over_Excited_mi",
                "metricPath": "qcells_mpu/setting_data/INSTALL_DATA_GROUP4_M/VarMax_Over_Excited_mi"
              }
            },
            {
              "rid": "VarMax_Under_Excited_mi",
              "type": "setting",
              "payload": {
                "name": "VarMax_Under_Excited_mi",
                "metricPath": "qcells_mpu/setting_data/INSTALL_DATA_GROUP4_M/VarMax_Under_Excited_mi"
              }
            },
            {
              "rid": "PFMin_Over_Excited_mi",
              "type": "setting",
              "payload": {
                "name": "PFMin_Over_Excited_mi",
                "metricPath": "qcells_mpu/setting_data/INSTALL_DATA_GROUP4_M/PFMin_Over_Excited_mi"
              }
            },
            {
              "rid": "PFMin_Under_Excited_mi",
              "type": "setting",
              "payload": {
                "name": "PFMin_Under_Excited_mi",
                "metricPath": "qcells_mpu/setting_data/INSTALL_DATA_GROUP4_M/PFMin_Under_Excited_mi"
              }
            },
            {
              "rid": "Charge_Rate_Setting_mi",
              "type": "setting",
              "payload": {
                "name": "Charge_Rate_Setting_mi",
                "metricPath": "qcells_mpu/setting_data/INSTALL_DATA_GROUP4_M/Charge_Rate_Setting_mi"
              }
            },
            {
              "rid": "Discharge_Rate_Setting_mi",
              "type": "setting",
              "payload": {
                "name": "Discharge_Rate_Setting_mi",
                "metricPath": "qcells_mpu/setting_data/INSTALL_DATA_GROUP4_M/Discharge_Rate_Setting_mi"
              }
            },
            {
              "rid": "Charge_Rate_VA_Setting_mi",
              "type": "setting",
              "payload": {
                "name": "Charge_Rate_VA_Setting_mi",
                "metricPath": "qcells_mpu/setting_data/INSTALL_DATA_GROUP4_M/Charge_Rate_VA_Setting_mi"
              }
            },
            {
              "rid": "Active_Power_Setting_mi",
              "type": "setting",
              "payload": {
                "name": "Active_Power_Setting_mi",
                "metricPath": "qcells_mpu/setting_data/INSTALL_DATA_GROUP4_M/Active_Power_Setting_mi"
              }
            },
            {
              "rid": "Active_Power_Over_Excited_Setting_mi",
              "type": "setting",
              "payload": {
                "name": "Active_Power_Over_Excited_Setting_mi",
                "metricPath": "qcells_mpu/setting_data/INSTALL_DATA_GROUP4_M/Active_Power_Over_Excited_Setting_mi"
              }
            },
            {
              "rid": "Active_Power_Under_Excited_Setting_mi",
              "type": "setting",
              "payload": {
                "name": "Active_Power_Under_Excited_Setting_mi",
                "metricPath": "qcells_mpu/setting_data/INSTALL_DATA_GROUP4_M/Active_Power_Under_Excited_Setting_mi"
              }
            },
            {
              "rid": "rtgVarMax_mi",
              "type": "setting",
              "payload": {
                "name": "rtgVarMax_mi",
                "metricPath": "qcells_mpu/setting_data/INSTALL_DATA_GROUP4_M/rtgVarMax_mi"
              }
            },
            {
              "rid": "SetVrt_mi",
              "type": "setting",
              "payload": {
                "name": "SetVrt_mi",
                "metricPath": "qcells_mpu/setting_data/INSTALL_DATA_GROUP4_M/SetVrt_mi"
              }
            },
            {
              "rid": "SetVMax_mi",
              "type": "setting",
              "payload": {
                "name": "SetVMax_mi",
                "metricPath": "qcells_mpu/setting_data/INSTALL_DATA_GROUP4_M/SetVMax_mi"
              }
            },
            {
              "rid": "SetVmin_mi",
              "type": "setting",
              "payload": {
                "name": "SetVmin_mi",
                "metricPath": "qcells_mpu/setting_data/INSTALL_DATA_GROUP4_M/SetVmin_mi"
              }
            },
            {
              "rid": "SetAMax_mi",
              "type": "setting",
              "payload": {
                "name": "SetAMax_mi",
                "metricPath": "qcells_mpu/setting_data/INSTALL_DATA_GROUP4_M/SetAMax_mi"
              }
            },
            {
              "rid": "HVRT_Flag_ess",
              "type": "setting",
              "payload": {
                "name": "HVRT_Flag_ess",
                "metricPath": "qcells_mpu/setting_data/INSTALL_DATA_GROUP5_E/HVRT_Flag_ess"
              }
            },
            {
              "rid": "Over_Voltage_Detection_Level1_ess",
              "type": "setting",
              "payload": {
                "name": "Over_Voltage_Detection_Level1_ess",
                "metricPath": "qcells_mpu/setting_data/INSTALL_DATA_GROUP5_E/Over_Voltage_Detection_Level1_ess"
              }
            },
            {
              "rid": "Over_Voltage_Detection_Time1_ess",
              "type": "setting",
              "payload": {
                "name": "Over_Voltage_Detection_Time1_ess",
                "metricPath": "qcells_mpu/setting_data/INSTALL_DATA_GROUP5_E/Over_Voltage_Detection_Time1_ess"
              }
            },
            {
              "rid": "Over_Voltage_Detection_Level2_ess",
              "type": "setting",
              "payload": {
                "name": "Over_Voltage_Detection_Level2_ess",
                "metricPath": "qcells_mpu/setting_data/INSTALL_DATA_GROUP5_E/Over_Voltage_Detection_Level2_ess"
              }
            },
            {
              "rid": "Over_Voltage_Detection_Time2_ess",
              "type": "setting",
              "payload": {
                "name": "Over_Voltage_Detection_Time2_ess",
                "metricPath": "qcells_mpu/setting_data/INSTALL_DATA_GROUP5_E/Over_Voltage_Detection_Time2_ess"
              }
            },
            {
              "rid": "Over_Voltage_Detection_Level3_ess",
              "type": "setting",
              "payload": {
                "name": "Over_Voltage_Detection_Level3_ess",
                "metricPath": "qcells_mpu/setting_data/INSTALL_DATA_GROUP5_E/Over_Voltage_Detection_Level3_ess"
              }
            },
            {
              "rid": "Over_Voltage_Detection_Time3_ess",
              "type": "setting",
              "payload": {
                "name": "Over_Voltage_Detection_Time3_ess",
                "metricPath": "qcells_mpu/setting_data/INSTALL_DATA_GROUP5_E/Over_Voltage_Detection_Time3_ess"
              }
            },
            {
              "rid": "Over_Voltage_Detection_Level4_ess",
              "type": "setting",
              "payload": {
                "name": "Over_Voltage_Detection_Level4_ess",
                "metricPath": "qcells_mpu/setting_data/INSTALL_DATA_GROUP5_E/Over_Voltage_Detection_Level4_ess"
              }
            },
            {
              "rid": "Over_Voltage_Detection_Time4_ess",
              "type": "setting",
              "payload": {
                "name": "Over_Voltage_Detection_Time4_ess",
                "metricPath": "qcells_mpu/setting_data/INSTALL_DATA_GROUP5_E/Over_Voltage_Detection_Time4_ess"
              }
            },
            {
              "rid": "Over_Voltage_Detection_Level5_ess",
              "type": "setting",
              "payload": {
                "name": "Over_Voltage_Detection_Level5_ess",
                "metricPath": "qcells_mpu/setting_data/INSTALL_DATA_GROUP5_E/Over_Voltage_Detection_Level5_ess"
              }
            },
            {
              "rid": "Over_Voltage_Detection_Time5_ess",
              "type": "setting",
              "payload": {
                "name": "Over_Voltage_Detection_Time5_ess",
                "metricPath": "qcells_mpu/setting_data/INSTALL_DATA_GROUP5_E/Over_Voltage_Detection_Time5_ess"
              }
            },
            {
              "rid": "HVRT_Flag_mi",
              "type": "setting",
              "payload": {
                "name": "HVRT_Flag_mi",
                "metricPath": "qcells_mpu/setting_data/INSTALL_DATA_GROUP5_M/HVRT_Flag_mi"
              }
            },
            {
              "rid": "Over_Voltage_Detection_Level1_mi",
              "type": "setting",
              "payload": {
                "name": "Over_Voltage_Detection_Level1_mi",
                "metricPath": "qcells_mpu/setting_data/INSTALL_DATA_GROUP5_M/Over_Voltage_Detection_Level1_mi"
              }
            },
            {
              "rid": "Over_Voltage_Detection_Time1_mi",
              "type": "setting",
              "payload": {
                "name": "Over_Voltage_Detection_Time1_mi",
                "metricPath": "qcells_mpu/setting_data/INSTALL_DATA_GROUP5_M/Over_Voltage_Detection_Time1_mi"
              }
            },
            {
              "rid": "Over_Voltage_Detection_Level2_mi",
              "type": "setting",
              "payload": {
                "name": "Over_Voltage_Detection_Level2_mi",
                "metricPath": "qcells_mpu/setting_data/INSTALL_DATA_GROUP5_M/Over_Voltage_Detection_Level2_mi"
              }
            },
            {
              "rid": "Over_Voltage_Detection_Time2_mi",
              "type": "setting",
              "payload": {
                "name": "Over_Voltage_Detection_Time2_mi",
                "metricPath": "qcells_mpu/setting_data/INSTALL_DATA_GROUP5_M/Over_Voltage_Detection_Time2_mi"
              }
            },
            {
              "rid": "Over_Voltage_Detection_Level3_mi",
              "type": "setting",
              "payload": {
                "name": "Over_Voltage_Detection_Level3_mi",
                "metricPath": "qcells_mpu/setting_data/INSTALL_DATA_GROUP5_M/Over_Voltage_Detection_Level3_mi"
              }
            },
            {
              "rid": "Over_Voltage_Detection_Time3_mi",
              "type": "setting",
              "payload": {
                "name": "Over_Voltage_Detection_Time3_mi",
                "metricPath": "qcells_mpu/setting_data/INSTALL_DATA_GROUP5_M/Over_Voltage_Detection_Time3_mi"
              }
            },
            {
              "rid": "Over_Voltage_Detection_Level4_mi",
              "type": "setting",
              "payload": {
                "name": "Over_Voltage_Detection_Level4_mi",
                "metricPath": "qcells_mpu/setting_data/INSTALL_DATA_GROUP5_M/Over_Voltage_Detection_Level4_mi"
              }
            },
            {
              "rid": "Over_Voltage_Detection_Time4_mi",
              "type": "setting",
              "payload": {
                "name": "Over_Voltage_Detection_Time4_mi",
                "metricPath": "qcells_mpu/setting_data/INSTALL_DATA_GROUP5_M/Over_Voltage_Detection_Time4_mi"
              }
            },
            {
              "rid": "Over_Voltage_Detection_Level5_mi",
              "type": "setting",
              "payload": {
                "name": "Over_Voltage_Detection_Level5_mi",
                "metricPath": "qcells_mpu/setting_data/INSTALL_DATA_GROUP5_M/Over_Voltage_Detection_Level5_mi"
              }
            },
            {
              "rid": "Over_Voltage_Detection_Time5_mi",
              "type": "setting",
              "payload": {
                "name": "Over_Voltage_Detection_Time5_mi",
                "metricPath": "qcells_mpu/setting_data/INSTALL_DATA_GROUP5_M/Over_Voltage_Detection_Time5_mi"
              }
            },
            {
              "rid": "LVRT_Flag_ess",
              "type": "setting",
              "payload": {
                "name": "LVRT_Flag_ess",
                "metricPath": "qcells_mpu/setting_data/INSTALL_DATA_GROUP6_E/LVRT_Flag_ess"
              }
            },
            {
              "rid": "Under_Voltage_Detection_Level1_ess",
              "type": "setting",
              "payload": {
                "name": "Under_Voltage_Detection_Level1_ess",
                "metricPath": "qcells_mpu/setting_data/INSTALL_DATA_GROUP6_E/Under_Voltage_Detection_Level1_ess"
              }
            },
            {
              "rid": "Under_Voltage_Detection_Time1_ess",
              "type": "setting",
              "payload": {
                "name": "Under_Voltage_Detection_Time1_ess",
                "metricPath": "qcells_mpu/setting_data/INSTALL_DATA_GROUP6_E/Under_Voltage_Detection_Time1_ess"
              }
            },
            {
              "rid": "Under_Voltage_Detection_Level2_ess",
              "type": "setting",
              "payload": {
                "name": "Under_Voltage_Detection_Level2_ess",
                "metricPath": "qcells_mpu/setting_data/INSTALL_DATA_GROUP6_E/Under_Voltage_Detection_Level2_ess"
              }
            },
            {
              "rid": "Under_Voltage_Detection_Time2_ess",
              "type": "setting",
              "payload": {
                "name": "Under_Voltage_Detection_Time2_ess",
                "metricPath": "qcells_mpu/setting_data/INSTALL_DATA_GROUP6_E/Under_Voltage_Detection_Time2_ess"
              }
            },
            {
              "rid": "Under_Voltage_Detection_Level3_ess",
              "type": "setting",
              "payload": {
                "name": "Under_Voltage_Detection_Level3_ess",
                "metricPath": "qcells_mpu/setting_data/INSTALL_DATA_GROUP6_E/Under_Voltage_Detection_Level3_ess"
              }
            },
            {
              "rid": "Under_Voltage_Detection_Time3_ess",
              "type": "setting",
              "payload": {
                "name": "Under_Voltage_Detection_Time3_ess",
                "metricPath": "qcells_mpu/setting_data/INSTALL_DATA_GROUP6_E/Under_Voltage_Detection_Time3_ess"
              }
            },
            {
              "rid": "Under_Voltage_Detection_Level4_ess",
              "type": "setting",
              "payload": {
                "name": "Under_Voltage_Detection_Level4_ess",
                "metricPath": "qcells_mpu/setting_data/INSTALL_DATA_GROUP6_E/Under_Voltage_Detection_Level4_ess"
              }
            },
            {
              "rid": "Under_Voltage_Detection_Time4_ess",
              "type": "setting",
              "payload": {
                "name": "Under_Voltage_Detection_Time4_ess",
                "metricPath": "qcells_mpu/setting_data/INSTALL_DATA_GROUP6_E/Under_Voltage_Detection_Time4_ess"
              }
            },
            {
              "rid": "Under_Voltage_Detection_Level5_ess",
              "type": "setting",
              "payload": {
                "name": "Under_Voltage_Detection_Level5_ess",
                "metricPath": "qcells_mpu/setting_data/INSTALL_DATA_GROUP6_E/Under_Voltage_Detection_Level5_ess"
              }
            },
            {
              "rid": "Under_Voltage_Detection_Time5_ess",
              "type": "setting",
              "payload": {
                "name": "Under_Voltage_Detection_Time5_ess",
                "metricPath": "qcells_mpu/setting_data/INSTALL_DATA_GROUP6_E/Under_Voltage_Detection_Time5_ess"
              }
            },
            {
              "rid": "LVRT_Flag_mi",
              "type": "setting",
              "payload": {
                "name": "LVRT_Flag_mi",
                "metricPath": "qcells_mpu/setting_data/INSTALL_DATA_GROUP6_M/LVRT_Flag_mi"
              }
            },
            {
              "rid": "Under_Voltage_Detection_Level1_mi",
              "type": "setting",
              "payload": {
                "name": "Under_Voltage_Detection_Level1_mi",
                "metricPath": "qcells_mpu/setting_data/INSTALL_DATA_GROUP6_M/Under_Voltage_Detection_Level1_mi"
              }
            },
            {
              "rid": "Under_Voltage_Detection_Time1_mi",
              "type": "setting",
              "payload": {
                "name": "Under_Voltage_Detection_Time1_mi",
                "metricPath": "qcells_mpu/setting_data/INSTALL_DATA_GROUP6_M/Under_Voltage_Detection_Time1_mi"
              }
            },
            {
              "rid": "Under_Voltage_Detection_Level2_mi",
              "type": "setting",
              "payload": {
                "name": "Under_Voltage_Detection_Level2_mi",
                "metricPath": "qcells_mpu/setting_data/INSTALL_DATA_GROUP6_M/Under_Voltage_Detection_Level2_mi"
              }
            },
            {
              "rid": "Under_Voltage_Detection_Time2_mi",
              "type": "setting",
              "payload": {
                "name": "Under_Voltage_Detection_Time2_mi",
                "metricPath": "qcells_mpu/setting_data/INSTALL_DATA_GROUP6_M/Under_Voltage_Detection_Time2_mi"
              }
            },
            {
              "rid": "Under_Voltage_Detection_Level3_mi",
              "type": "setting",
              "payload": {
                "name": "Under_Voltage_Detection_Level3_mi",
                "metricPath": "qcells_mpu/setting_data/INSTALL_DATA_GROUP6_M/Under_Voltage_Detection_Level3_mi"
              }
            },
            {
              "rid": "Under_Voltage_Detection_Time3_mi",
              "type": "setting",
              "payload": {
                "name": "Under_Voltage_Detection_Time3_mi",
                "metricPath": "qcells_mpu/setting_data/INSTALL_DATA_GROUP6_M/Under_Voltage_Detection_Time3_mi"
              }
            },
            {
              "rid": "Under_Voltage_Detection_Level4_mi",
              "type": "setting",
              "payload": {
                "name": "Under_Voltage_Detection_Level4_mi",
                "metricPath": "qcells_mpu/setting_data/INSTALL_DATA_GROUP6_M/Under_Voltage_Detection_Level4_mi"
              }
            },
            {
              "rid": "Under_Voltage_Detection_Time4_mi",
              "type": "setting",
              "payload": {
                "name": "Under_Voltage_Detection_Time4_mi",
                "metricPath": "qcells_mpu/setting_data/INSTALL_DATA_GROUP6_M/Under_Voltage_Detection_Time4_mi"
              }
            },
            {
              "rid": "Under_Voltage_Detection_Level5_mi",
              "type": "setting",
              "payload": {
                "name": "Under_Voltage_Detection_Level5_mi",
                "metricPath": "qcells_mpu/setting_data/INSTALL_DATA_GROUP6_M/Under_Voltage_Detection_Level5_mi"
              }
            },
            {
              "rid": "Under_Voltage_Detection_Time5_mi",
              "type": "setting",
              "payload": {
                "name": "Under_Voltage_Detection_Time5_mi",
                "metricPath": "qcells_mpu/setting_data/INSTALL_DATA_GROUP6_M/Under_Voltage_Detection_Time5_mi"
              }
            },
            {
              "rid": "HFRT_Flag_ess",
              "type": "setting",
              "payload": {
                "name": "HFRT_Flag_ess",
                "metricPath": "qcells_mpu/setting_data/INSTALL_DATA_GROUP7_E/HFRT_Flag_ess"
              }
            },
            {
              "rid": "Over_Frequency_Detection_Level1_ess",
              "type": "setting",
              "payload": {
                "name": "Over_Frequency_Detection_Level1_ess",
                "metricPath": "qcells_mpu/setting_data/INSTALL_DATA_GROUP7_E/Over_Frequency_Detection_Level1_ess"
              }
            },
            {
              "rid": "Over_Frequency_Detection_Time1_ess",
              "type": "setting",
              "payload": {
                "name": "Over_Frequency_Detection_Time1_ess",
                "metricPath": "qcells_mpu/setting_data/INSTALL_DATA_GROUP7_E/Over_Frequency_Detection_Time1_ess"
              }
            },
            {
              "rid": "Over_Frequency_Detection_Level2_ess",
              "type": "setting",
              "payload": {
                "name": "Over_Frequency_Detection_Level2_ess",
                "metricPath": "qcells_mpu/setting_data/INSTALL_DATA_GROUP7_E/Over_Frequency_Detection_Level2_ess"
              }
            },
            {
              "rid": "Over_Frequency_Detection_Time2_ess",
              "type": "setting",
              "payload": {
                "name": "Over_Frequency_Detection_Time2_ess",
                "metricPath": "qcells_mpu/setting_data/INSTALL_DATA_GROUP7_E/Over_Frequency_Detection_Time2_ess"
              }
            },
            {
              "rid": "Over_Frequency_Detection_Level3_ess",
              "type": "setting",
              "payload": {
                "name": "Over_Frequency_Detection_Level3_ess",
                "metricPath": "qcells_mpu/setting_data/INSTALL_DATA_GROUP7_E/Over_Frequency_Detection_Level3_ess"
              }
            },
            {
              "rid": "Over_Frequency_Detection_Time3_ess",
              "type": "setting",
              "payload": {
                "name": "Over_Frequency_Detection_Time3_ess",
                "metricPath": "qcells_mpu/setting_data/INSTALL_DATA_GROUP7_E/Over_Frequency_Detection_Time3_ess"
              }
            },
            {
              "rid": "Over_Frequency_Detection_Level4_ess",
              "type": "setting",
              "payload": {
                "name": "Over_Frequency_Detection_Level4_ess",
                "metricPath": "qcells_mpu/setting_data/INSTALL_DATA_GROUP7_E/Over_Frequency_Detection_Level4_ess"
              }
            },
            {
              "rid": "Over_Frequency_Detection_Time4_ess",
              "type": "setting",
              "payload": {
                "name": "Over_Frequency_Detection_Time4_ess",
                "metricPath": "qcells_mpu/setting_data/INSTALL_DATA_GROUP7_E/Over_Frequency_Detection_Time4_ess"
              }
            },
            {
              "rid": "Over_Frequency_Detection_Level5_ess",
              "type": "setting",
              "payload": {
                "name": "Over_Frequency_Detection_Level5_ess",
                "metricPath": "qcells_mpu/setting_data/INSTALL_DATA_GROUP7_E/Over_Frequency_Detection_Level5_ess"
              }
            },
            {
              "rid": "Over_Frequency_Detection_Time5_ess",
              "type": "setting",
              "payload": {
                "name": "Over_Frequency_Detection_Time5_ess",
                "metricPath": "qcells_mpu/setting_data/INSTALL_DATA_GROUP7_E/Over_Frequency_Detection_Time5_ess"
              }
            },
            {
              "rid": "HFRT_Flag_mi",
              "type": "setting",
              "payload": {
                "name": "HFRT_Flag_mi",
                "metricPath": "qcells_mpu/setting_data/INSTALL_DATA_GROUP7_M/HFRT_Flag_mi"
              }
            },
            {
              "rid": "Over_Frequency_Detection_Level1_mi",
              "type": "setting",
              "payload": {
                "name": "Over_Frequency_Detection_Level1_mi",
                "metricPath": "qcells_mpu/setting_data/INSTALL_DATA_GROUP7_M/Over_Frequency_Detection_Level1_mi"
              }
            },
            {
              "rid": "Over_Frequency_Detection_Time1_mi",
              "type": "setting",
              "payload": {
                "name": "Over_Frequency_Detection_Time1_mi",
                "metricPath": "qcells_mpu/setting_data/INSTALL_DATA_GROUP7_M/Over_Frequency_Detection_Time1_mi"
              }
            },
            {
              "rid": "Over_Frequency_Detection_Level2_mi",
              "type": "setting",
              "payload": {
                "name": "Over_Frequency_Detection_Level2_mi",
                "metricPath": "qcells_mpu/setting_data/INSTALL_DATA_GROUP7_M/Over_Frequency_Detection_Level2_mi"
              }
            },
            {
              "rid": "Over_Frequency_Detection_Time2_mi",
              "type": "setting",
              "payload": {
                "name": "Over_Frequency_Detection_Time2_mi",
                "metricPath": "qcells_mpu/setting_data/INSTALL_DATA_GROUP7_M/Over_Frequency_Detection_Time2_mi"
              }
            },
            {
              "rid": "Over_Frequency_Detection_Level3_mi",
              "type": "setting",
              "payload": {
                "name": "Over_Frequency_Detection_Level3_mi",
                "metricPath": "qcells_mpu/setting_data/INSTALL_DATA_GROUP7_M/Over_Frequency_Detection_Level3_mi"
              }
            },
            {
              "rid": "Over_Frequency_Detection_Time3_mi",
              "type": "setting",
              "payload": {
                "name": "Over_Frequency_Detection_Time3_mi",
                "metricPath": "qcells_mpu/setting_data/INSTALL_DATA_GROUP7_M/Over_Frequency_Detection_Time3_mi"
              }
            },
            {
              "rid": "Over_Frequency_Detection_Level4_mi",
              "type": "setting",
              "payload": {
                "name": "Over_Frequency_Detection_Level4_mi",
                "metricPath": "qcells_mpu/setting_data/INSTALL_DATA_GROUP7_M/Over_Frequency_Detection_Level4_mi"
              }
            },
            {
              "rid": "Over_Frequency_Detection_Time4_mi",
              "type": "setting",
              "payload": {
                "name": "Over_Frequency_Detection_Time4_mi",
                "metricPath": "qcells_mpu/setting_data/INSTALL_DATA_GROUP7_M/Over_Frequency_Detection_Time4_mi"
              }
            },
            {
              "rid": "Over_Frequency_Detection_Level5_mi",
              "type": "setting",
              "payload": {
                "name": "Over_Frequency_Detection_Level5_mi",
                "metricPath": "qcells_mpu/setting_data/INSTALL_DATA_GROUP7_M/Over_Frequency_Detection_Level5_mi"
              }
            },
            {
              "rid": "Over_Frequency_Detection_Time5_mi",
              "type": "setting",
              "payload": {
                "name": "Over_Frequency_Detection_Time5_mi",
                "metricPath": "qcells_mpu/setting_data/INSTALL_DATA_GROUP7_M/Over_Frequency_Detection_Time5_mi"
              }
            },
            {
              "rid": "LFRT_Flag_ess",
              "type": "setting",
              "payload": {
                "name": "LFRT_Flag_ess",
                "metricPath": "qcells_mpu/setting_data/INSTALL_DATA_GROUP8_E/LFRT_Flag_ess"
              }
            },
            {
              "rid": "Under_Frequency_Detection_Level1_ess",
              "type": "setting",
              "payload": {
                "name": "Under_Frequency_Detection_Level1_ess",
                "metricPath": "qcells_mpu/setting_data/INSTALL_DATA_GROUP8_E/Under_Frequency_Detection_Level1_ess"
              }
            },
            {
              "rid": "Under_Frequency_Detection_Time1_ess",
              "type": "setting",
              "payload": {
                "name": "Under_Frequency_Detection_Time1_ess",
                "metricPath": "qcells_mpu/setting_data/INSTALL_DATA_GROUP8_E/Under_Frequency_Detection_Time1_ess"
              }
            },
            {
              "rid": "Under_Frequency_Detection_Level2_ess",
              "type": "setting",
              "payload": {
                "name": "Under_Frequency_Detection_Level2_ess",
                "metricPath": "qcells_mpu/setting_data/INSTALL_DATA_GROUP8_E/Under_Frequency_Detection_Level2_ess"
              }
            },
            {
              "rid": "Under_Frequency_Detection_Time2_ess",
              "type": "setting",
              "payload": {
                "name": "Under_Frequency_Detection_Time2_ess",
                "metricPath": "qcells_mpu/setting_data/INSTALL_DATA_GROUP8_E/Under_Frequency_Detection_Time2_ess"
              }
            },
            {
              "rid": "Under_Frequency_Detection_Level3_ess",
              "type": "setting",
              "payload": {
                "name": "Under_Frequency_Detection_Level3_ess",
                "metricPath": "qcells_mpu/setting_data/INSTALL_DATA_GROUP8_E/Under_Frequency_Detection_Level3_ess"
              }
            },
            {
              "rid": "Under_Frequency_Detection_Time3_ess",
              "type": "setting",
              "payload": {
                "name": "Under_Frequency_Detection_Time3_ess",
                "metricPath": "qcells_mpu/setting_data/INSTALL_DATA_GROUP8_E/Under_Frequency_Detection_Time3_ess"
              }
            },
            {
              "rid": "Under_Frequency_Detection_Level4_ess",
              "type": "setting",
              "payload": {
                "name": "Under_Frequency_Detection_Level4_ess",
                "metricPath": "qcells_mpu/setting_data/INSTALL_DATA_GROUP8_E/Under_Frequency_Detection_Level4_ess"
              }
            },
            {
              "rid": "Under_Frequency_Detection_Time4_ess",
              "type": "setting",
              "payload": {
                "name": "Under_Frequency_Detection_Time4_ess",
                "metricPath": "qcells_mpu/setting_data/INSTALL_DATA_GROUP8_E/Under_Frequency_Detection_Time4_ess"
              }
            },
            {
              "rid": "Under_Frequency_Detection_Level5_ess",
              "type": "setting",
              "payload": {
                "name": "Under_Frequency_Detection_Level5_ess",
                "metricPath": "qcells_mpu/setting_data/INSTALL_DATA_GROUP8_E/Under_Frequency_Detection_Level5_ess"
              }
            },
            {
              "rid": "Under_Frequency_Detection_Time5_ess",
              "type": "setting",
              "payload": {
                "name": "Under_Frequency_Detection_Time5_ess",
                "metricPath": "qcells_mpu/setting_data/INSTALL_DATA_GROUP8_E/Under_Frequency_Detection_Time5_ess"
              }
            },
            {
              "rid": "LFRT_Flag_mi",
              "type": "setting",
              "payload": {
                "name": "LFRT_Flag_mi",
                "metricPath": "qcells_mpu/setting_data/INSTALL_DATA_GROUP8_M/LFRT_Flag_mi"
              }
            },
            {
              "rid": "Under_Frequency_Detection_Level1_mi",
              "type": "setting",
              "payload": {
                "name": "Under_Frequency_Detection_Level1_mi",
                "metricPath": "qcells_mpu/setting_data/INSTALL_DATA_GROUP8_M/Under_Frequency_Detection_Level1_mi"
              }
            },
            {
              "rid": "Under_Frequency_Detection_Time1_mi",
              "type": "setting",
              "payload": {
                "name": "Under_Frequency_Detection_Time1_mi",
                "metricPath": "qcells_mpu/setting_data/INSTALL_DATA_GROUP8_M/Under_Frequency_Detection_Time1_mi"
              }
            },
            {
              "rid": "Under_Frequency_Detection_Level2_mi",
              "type": "setting",
              "payload": {
                "name": "Under_Frequency_Detection_Level2_mi",
                "metricPath": "qcells_mpu/setting_data/INSTALL_DATA_GROUP8_M/Under_Frequency_Detection_Level2_mi"
              }
            },
            {
              "rid": "Under_Frequency_Detection_Time2_mi",
              "type": "setting",
              "payload": {
                "name": "Under_Frequency_Detection_Time2_mi",
                "metricPath": "qcells_mpu/setting_data/INSTALL_DATA_GROUP8_M/Under_Frequency_Detection_Time2_mi"
              }
            },
            {
              "rid": "Under_Frequency_Detection_Level3_mi",
              "type": "setting",
              "payload": {
                "name": "Under_Frequency_Detection_Level3_mi",
                "metricPath": "qcells_mpu/setting_data/INSTALL_DATA_GROUP8_M/Under_Frequency_Detection_Level3_mi"
              }
            },
            {
              "rid": "Under_Frequency_Detection_Time3_mi",
              "type": "setting",
              "payload": {
                "name": "Under_Frequency_Detection_Time3_mi",
                "metricPath": "qcells_mpu/setting_data/INSTALL_DATA_GROUP8_M/Under_Frequency_Detection_Time3_mi"
              }
            },
            {
              "rid": "Under_Frequency_Detection_Level4_mi",
              "type": "setting",
              "payload": {
                "name": "Under_Frequency_Detection_Level4_mi",
                "metricPath": "qcells_mpu/setting_data/INSTALL_DATA_GROUP8_M/Under_Frequency_Detection_Level4_mi"
              }
            },
            {
              "rid": "Under_Frequency_Detection_Time4_mi",
              "type": "setting",
              "payload": {
                "name": "Under_Frequency_Detection_Time4_mi",
                "metricPath": "qcells_mpu/setting_data/INSTALL_DATA_GROUP8_M/Under_Frequency_Detection_Time4_mi"
              }
            },
            {
              "rid": "Under_Frequency_Detection_Level5_mi",
              "type": "setting",
              "payload": {
                "name": "Under_Frequency_Detection_Level5_mi",
                "metricPath": "qcells_mpu/setting_data/INSTALL_DATA_GROUP8_M/Under_Frequency_Detection_Level5_mi"
              }
            },
            {
              "rid": "Under_Frequency_Detection_Time5_mi",
              "type": "setting",
              "payload": {
                "name": "Under_Frequency_Detection_Time5_mi",
                "metricPath": "qcells_mpu/setting_data/INSTALL_DATA_GROUP8_M/Under_Frequency_Detection_Time5_mi"
              }
            },
            {
              "rid": "Active_Power_Setpoint_Flag_ess",
              "type": "setting",
              "payload": {
                "name": "Active_Power_Setpoint_Flag_ess",
                "metricPath": "qcells_mpu/setting_data/INSTALL_DATA_GROUP9_E/Active_Power_Setpoint_Flag_ess"
              }
            },
            {
              "rid": "Active_Power_FreqWatt_Flag_ess",
              "type": "setting",
              "payload": {
                "name": "Active_Power_FreqWatt_Flag_ess",
                "metricPath": "qcells_mpu/setting_data/INSTALL_DATA_GROUP9_E/Active_Power_FreqWatt_Flag_ess"
              }
            },
            {
              "rid": "Active_Power_VoltWatt_Flag_ess",
              "type": "setting",
              "payload": {
                "name": "Active_Power_VoltWatt_Flag_ess",
                "metricPath": "qcells_mpu/setting_data/INSTALL_DATA_GROUP9_E/Active_Power_VoltWatt_Flag_ess"
              }
            },
            {
              "rid": "Active_Power_Set_Point_Value_ess",
              "type": "setting",
              "payload": {
                "name": "Active_Power_Set_Point_Value_ess",
                "metricPath": "qcells_mpu/setting_data/INSTALL_DATA_GROUP9_E/Active_Power_Set_Point_Value_ess"
              }
            },
            {
              "rid": "Active_Power_Set_Point_Gradient_ess",
              "type": "setting",
              "payload": {
                "name": "Active_Power_Set_Point_Gradient_ess",
                "metricPath": "qcells_mpu/setting_data/INSTALL_DATA_GROUP9_E/Active_Power_Set_Point_Gradient_ess"
              }
            },
            {
              "rid": "Active_power_freq_Droop_Kof_ess",
              "type": "setting",
              "payload": {
                "name": "Active_power_freq_Droop_Kof_ess",
                "metricPath": "qcells_mpu/setting_data/INSTALL_DATA_GROUP9_E/Active_power_freq_Droop_Kof_ess"
              }
            },
            {
              "rid": "Active_power_freq_Droop_Kuf_ess",
              "type": "setting",
              "payload": {
                "name": "Active_power_freq_Droop_Kuf_ess",
                "metricPath": "qcells_mpu/setting_data/INSTALL_DATA_GROUP9_E/Active_power_freq_Droop_Kuf_ess"
              }
            },
            {
              "rid": "Frequency_X1_ess",
              "type": "setting",
              "payload": {
                "name": "Frequency_X1_ess",
                "metricPath": "qcells_mpu/setting_data/INSTALL_DATA_GROUP9_E/Frequency_X1_ess"
              }
            },
            {
              "rid": "Frequency_X2_ess",
              "type": "setting",
              "payload": {
                "name": "Frequency_X2_ess",
                "metricPath": "qcells_mpu/setting_data/INSTALL_DATA_GROUP9_E/Frequency_X2_ess"
              }
            },
            {
              "rid": "Active_Power_frequency_Response_Time_ess",
              "type": "setting",
              "payload": {
                "name": "Active_Power_frequency_Response_Time_ess",
                "metricPath": "qcells_mpu/setting_data/INSTALL_DATA_GROUP9_E/Active_Power_frequency_Response_Time_ess"
              }
            },
            {
              "rid": "VoltWatt_X1_ess",
              "type": "setting",
              "payload": {
                "name": "VoltWatt_X1_ess",
                "metricPath": "qcells_mpu/setting_data/INSTALL_DATA_GROUP9_E/VoltWatt_X1_ess"
              }
            },
            {
              "rid": "VoltWatt_Y1_ess",
              "type": "setting",
              "payload": {
                "name": "VoltWatt_Y1_ess",
                "metricPath": "qcells_mpu/setting_data/INSTALL_DATA_GROUP9_E/VoltWatt_Y1_ess"
              }
            },
            {
              "rid": "VoltWatt_X2_ess",
              "type": "setting",
              "payload": {
                "name": "VoltWatt_X2_ess",
                "metricPath": "qcells_mpu/setting_data/INSTALL_DATA_GROUP9_E/VoltWatt_X2_ess"
              }
            },
            {
              "rid": "VoltWatt_Y2_ess",
              "type": "setting",
              "payload": {
                "name": "VoltWatt_Y2_ess",
                "metricPath": "qcells_mpu/setting_data/INSTALL_DATA_GROUP9_E/VoltWatt_Y2_ess"
              }
            },
            {
              "rid": "Voltwatt_Response_Time_ess",
              "type": "setting",
              "payload": {
                "name": "Voltwatt_Response_Time_ess",
                "metricPath": "qcells_mpu/setting_data/INSTALL_DATA_GROUP9_E/Voltwatt_Response_Time_ess"
              }
            },
            {
              "rid": "WattPmax_ess",
              "type": "setting",
              "payload": {
                "name": "WattPmax_ess",
                "metricPath": "qcells_mpu/setting_data/INSTALL_DATA_GROUP9_E/WattPmax_ess"
              }
            },
            {
              "rid": "WattPmin_ess",
              "type": "setting",
              "payload": {
                "name": "WattPmin_ess",
                "metricPath": "qcells_mpu/setting_data/INSTALL_DATA_GROUP9_E/WattPmin_ess"
              }
            },
            {
              "rid": "Active_Power_Setpoint_Flag_mi",
              "type": "setting",
              "payload": {
                "name": "Active_Power_Setpoint_Flag_mi",
                "metricPath": "qcells_mpu/setting_data/INSTALL_DATA_GROUP9_M/Active_Power_Setpoint_Flag_mi"
              }
            },
            {
              "rid": "Active_Power_FreqWatt_Flag_mi",
              "type": "setting",
              "payload": {
                "name": "Active_Power_FreqWatt_Flag_mi",
                "metricPath": "qcells_mpu/setting_data/INSTALL_DATA_GROUP9_M/Active_Power_FreqWatt_Flag_mi"
              }
            },
            {
              "rid": "Active_Power_VoltWatt_Flag_mi",
              "type": "setting",
              "payload": {
                "name": "Active_Power_VoltWatt_Flag_mi",
                "metricPath": "qcells_mpu/setting_data/INSTALL_DATA_GROUP9_M/Active_Power_VoltWatt_Flag_mi"
              }
            },
            {
              "rid": "Active_Power_Set_Point_Value_mi",
              "type": "setting",
              "payload": {
                "name": "Active_Power_Set_Point_Value_mi",
                "metricPath": "qcells_mpu/setting_data/INSTALL_DATA_GROUP9_M/Active_Power_Set_Point_Value_mi"
              }
            },
            {
              "rid": "Active_Power_Set_Point_Gradient_mi",
              "type": "setting",
              "payload": {
                "name": "Active_Power_Set_Point_Gradient_mi",
                "metricPath": "qcells_mpu/setting_data/INSTALL_DATA_GROUP9_M/Active_Power_Set_Point_Gradient_mi"
              }
            },
            {
              "rid": "Active_power_freq_Droop_Kof_mi",
              "type": "setting",
              "payload": {
                "name": "Active_power_freq_Droop_Kof_mi",
                "metricPath": "qcells_mpu/setting_data/INSTALL_DATA_GROUP9_M/Active_power_freq_Droop_Kof_mi"
              }
            },
            {
              "rid": "Active_power_freq_Droop_Kuf_mi",
              "type": "setting",
              "payload": {
                "name": "Active_power_freq_Droop_Kuf_mi",
                "metricPath": "qcells_mpu/setting_data/INSTALL_DATA_GROUP9_M/Active_power_freq_Droop_Kuf_mi"
              }
            },
            {
              "rid": "Frequency_X1_mi",
              "type": "setting",
              "payload": {
                "name": "Frequency_X1_mi",
                "metricPath": "qcells_mpu/setting_data/INSTALL_DATA_GROUP9_M/Frequency_X1_mi"
              }
            },
            {
              "rid": "Frequency_X2_mi",
              "type": "setting",
              "payload": {
                "name": "Frequency_X2_mi",
                "metricPath": "qcells_mpu/setting_data/INSTALL_DATA_GROUP9_M/Frequency_X2_mi"
              }
            },
            {
              "rid": "Active_Power_frequency_Response_Time_mi",
              "type": "setting",
              "payload": {
                "name": "Active_Power_frequency_Response_Time_mi",
                "metricPath": "qcells_mpu/setting_data/INSTALL_DATA_GROUP9_M/Active_Power_frequency_Response_Time_mi"
              }
            },
            {
              "rid": "VoltWatt_X1_mi",
              "type": "setting",
              "payload": {
                "name": "VoltWatt_X1_mi",
                "metricPath": "qcells_mpu/setting_data/INSTALL_DATA_GROUP9_M/VoltWatt_X1_mi"
              }
            },
            {
              "rid": "VoltWatt_Y1_mi",
              "type": "setting",
              "payload": {
                "name": "VoltWatt_Y1_mi",
                "metricPath": "qcells_mpu/setting_data/INSTALL_DATA_GROUP9_M/VoltWatt_Y1_mi"
              }
            },
            {
              "rid": "VoltWatt_X2_mi",
              "type": "setting",
              "payload": {
                "name": "VoltWatt_X2_mi",
                "metricPath": "qcells_mpu/setting_data/INSTALL_DATA_GROUP9_M/VoltWatt_X2_mi"
              }
            },
            {
              "rid": "VoltWatt_Y2_mi",
              "type": "setting",
              "payload": {
                "name": "VoltWatt_Y2_mi",
                "metricPath": "qcells_mpu/setting_data/INSTALL_DATA_GROUP9_M/VoltWatt_Y2_mi"
              }
            },
            {
              "rid": "Voltwatt_Response_Time_mi",
              "type": "setting",
              "payload": {
                "name": "Voltwatt_Response_Time_mi",
                "metricPath": "qcells_mpu/setting_data/INSTALL_DATA_GROUP9_M/Voltwatt_Response_Time_mi"
              }
            },
            {
              "rid": "WattPmax_mi",
              "type": "setting",
              "payload": {
                "name": "WattPmax_mi",
                "metricPath": "qcells_mpu/setting_data/INSTALL_DATA_GROUP9_M/WattPmax_mi"
              }
            },
            {
              "rid": "WattPmin_mi",
              "type": "setting",
              "payload": {
                "name": "WattPmin_mi",
                "metricPath": "qcells_mpu/setting_data/INSTALL_DATA_GROUP9_M/WattPmin_mi"
              }
            },
            {
              "rid": "Reactive_Power_CosPI_SetPoint_Flag_ess",
              "type": "setting",
              "payload": {
                "name": "Reactive_Power_CosPI_SetPoint_Flag_ess",
                "metricPath": "qcells_mpu/setting_data/INSTALL_DATA_GROUP10_E/Reactive_Power_CosPI_SetPoint_Flag_ess"
              }
            },
            {
              "rid": "Reactive_Power_Q_SetPoint_Flag_ess",
              "type": "setting",
              "payload": {
                "name": "Reactive_Power_Q_SetPoint_Flag_ess",
                "metricPath": "qcells_mpu/setting_data/INSTALL_DATA_GROUP10_E/Reactive_Power_Q_SetPoint_Flag_ess"
              }
            },
            {
              "rid": "Reactive_Power_VoltVar_Flag_ess",
              "type": "setting",
              "payload": {
                "name": "Reactive_Power_VoltVar_Flag_ess",
                "metricPath": "qcells_mpu/setting_data/INSTALL_DATA_GROUP10_E/Reactive_Power_VoltVar_Flag_ess"
              }
            },
            {
              "rid": "Reactive_Power_WattVar_Flag_ess",
              "type": "setting",
              "payload": {
                "name": "Reactive_Power_WattVar_Flag_ess",
                "metricPath": "qcells_mpu/setting_data/INSTALL_DATA_GROUP10_E/Reactive_Power_WattVar_Flag_ess"
              }
            },
            {
              "rid": "Reactive_Power_Dynamic_Reactive_Current_Flag_ess",
              "type": "setting",
              "payload": {
                "name": "Reactive_Power_Dynamic_Reactive_Current_Flag_ess",
                "metricPath": "qcells_mpu/setting_data/INSTALL_DATA_GROUP10_E/Reactive_Power_Dynamic_Reactive_Current_Flag_ess"
              }
            },
            {
              "rid": "Power_Factor_Excited_Flag_ess",
              "type": "setting",
              "payload": {
                "name": "Power_Factor_Excited_Flag_ess",
                "metricPath": "qcells_mpu/setting_data/INSTALL_DATA_GROUP10_E/Power_Factor_Excited_Flag_ess"
              }
            },
            {
              "rid": "ArGraMod_Flag_ess",
              "type": "setting",
              "payload": {
                "name": "ArGraMod_Flag_ess",
                "metricPath": "qcells_mpu/setting_data/INSTALL_DATA_GROUP10_E/ArGraMod_Flag_ess"
              }
            },
            {
              "rid": "Volt_var_Auto_Vref_Flag_ess",
              "type": "setting",
              "payload": {
                "name": "Volt_var_Auto_Vref_Flag_ess",
                "metricPath": "qcells_mpu/setting_data/INSTALL_DATA_GROUP10_E/Volt_var_Auto_Vref_Flag_ess"
              }
            },
            {
              "rid": "Cospi_Set_point_value_ess",
              "type": "setting",
              "payload": {
                "name": "Cospi_Set_point_value_ess",
                "metricPath": "qcells_mpu/setting_data/INSTALL_DATA_GROUP10_E/Cospi_Set_point_value_ess"
              }
            },
            {
              "rid": "Cospi_Set_point_Response_Time_ess",
              "type": "setting",
              "payload": {
                "name": "Cospi_Set_point_Response_Time_ess",
                "metricPath": "qcells_mpu/setting_data/INSTALL_DATA_GROUP10_E/Cospi_Set_point_Response_Time_ess"
              }
            },
            {
              "rid": "Cospi_Set_point_Apparent_Power_Priority_ess",
              "type": "setting",
              "payload": {
                "name": "Cospi_Set_point_Apparent_Power_Priority_ess",
                "metricPath": "qcells_mpu/setting_data/INSTALL_DATA_GROUP10_E/Cospi_Set_point_Apparent_Power_Priority_ess"
              }
            },
            {
              "rid": "Qp_Reactive_Power_Mode_ess",
              "type": "setting",
              "payload": {
                "name": "Qp_Reactive_Power_Mode_ess",
                "metricPath": "qcells_mpu/setting_data/INSTALL_DATA_GROUP10_E/Qp_Reactive_Power_Mode_ess"
              }
            },
            {
              "rid": "Qp_Apparent_Power_Priority_ess",
              "type": "setting",
              "payload": {
                "name": "Qp_Apparent_Power_Priority_ess",
                "metricPath": "qcells_mpu/setting_data/INSTALL_DATA_GROUP10_E/Qp_Apparent_Power_Priority_ess"
              }
            },
            {
              "rid": "wattvar_X1_ess",
              "type": "setting",
              "payload": {
                "name": "wattvar_X1_ess",
                "metricPath": "qcells_mpu/setting_data/INSTALL_DATA_GROUP10_E/wattvar_X1_ess"
              }
            },
            {
              "rid": "wattvar_Y1_ess",
              "type": "setting",
              "payload": {
                "name": "wattvar_Y1_ess",
                "metricPath": "qcells_mpu/setting_data/INSTALL_DATA_GROUP10_E/wattvar_Y1_ess"
              }
            },
            {
              "rid": "wattvar_X2_ess",
              "type": "setting",
              "payload": {
                "name": "wattvar_X2_ess",
                "metricPath": "qcells_mpu/setting_data/INSTALL_DATA_GROUP10_E/wattvar_X2_ess"
              }
            },
            {
              "rid": "wattvar_Y2_ess",
              "type": "setting",
              "payload": {
                "name": "wattvar_Y2_ess",
                "metricPath": "qcells_mpu/setting_data/INSTALL_DATA_GROUP10_E/wattvar_Y2_ess"
              }
            },
            {
              "rid": "wattvar_X3_ess",
              "type": "setting",
              "payload": {
                "name": "wattvar_X3_ess",
                "metricPath": "qcells_mpu/setting_data/INSTALL_DATA_GROUP10_E/wattvar_X3_ess"
              }
            },
            {
              "rid": "wattvar_Y3_ess",
              "type": "setting",
              "payload": {
                "name": "wattvar_Y3_ess",
                "metricPath": "qcells_mpu/setting_data/INSTALL_DATA_GROUP10_E/wattvar_Y3_ess"
              }
            },
            {
              "rid": "wattvar_X4_ess",
              "type": "setting",
              "payload": {
                "name": "wattvar_X4_ess",
                "metricPath": "qcells_mpu/setting_data/INSTALL_DATA_GROUP10_E/wattvar_X4_ess"
              }
            },
            {
              "rid": "wattvar_Y4_ess",
              "type": "setting",
              "payload": {
                "name": "wattvar_Y4_ess",
                "metricPath": "qcells_mpu/setting_data/INSTALL_DATA_GROUP10_E/wattvar_Y4_ess"
              }
            },
            {
              "rid": "wattvar_X5_ess",
              "type": "setting",
              "payload": {
                "name": "wattvar_X5_ess",
                "metricPath": "qcells_mpu/setting_data/INSTALL_DATA_GROUP10_E/wattvar_X5_ess"
              }
            },
            {
              "rid": "wattvar_Y5_ess",
              "type": "setting",
              "payload": {
                "name": "wattvar_Y5_ess",
                "metricPath": "qcells_mpu/setting_data/INSTALL_DATA_GROUP10_E/wattvar_Y5_ess"
              }
            },
            {
              "rid": "wattvar_X6_ess",
              "type": "setting",
              "payload": {
                "name": "wattvar_X6_ess",
                "metricPath": "qcells_mpu/setting_data/INSTALL_DATA_GROUP10_E/wattvar_X6_ess"
              }
            },
            {
              "rid": "wattvar_Y6_ess",
              "type": "setting",
              "payload": {
                "name": "wattvar_Y6_ess",
                "metricPath": "qcells_mpu/setting_data/INSTALL_DATA_GROUP10_E/wattvar_Y6_ess"
              }
            },
            {
              "rid": "Qp_Response_Time_ess",
              "type": "setting",
              "payload": {
                "name": "Qp_Response_Time_ess",
                "metricPath": "qcells_mpu/setting_data/INSTALL_DATA_GROUP10_E/Qp_Response_Time_ess"
              }
            },
            {
              "rid": "Q_Setpoint_Reactive_Power_Mode_ess",
              "type": "setting",
              "payload": {
                "name": "Q_Setpoint_Reactive_Power_Mode_ess",
                "metricPath": "qcells_mpu/setting_data/INSTALL_DATA_GROUP10_E/Q_Setpoint_Reactive_Power_Mode_ess"
              }
            },
            {
              "rid": "Q_setpoint_Apparent_Power_Priority_ess",
              "type": "setting",
              "payload": {
                "name": "Q_setpoint_Apparent_Power_Priority_ess",
                "metricPath": "qcells_mpu/setting_data/INSTALL_DATA_GROUP10_E/Q_setpoint_Apparent_Power_Priority_ess"
              }
            },
            {
              "rid": "Q_Setpoint_Value_ess",
              "type": "setting",
              "payload": {
                "name": "Q_Setpoint_Value_ess",
                "metricPath": "qcells_mpu/setting_data/INSTALL_DATA_GROUP10_E/Q_Setpoint_Value_ess"
              }
            },
            {
              "rid": "Q_Setpoint_Response_Time_ess",
              "type": "setting",
              "payload": {
                "name": "Q_Setpoint_Response_Time_ess",
                "metricPath": "qcells_mpu/setting_data/INSTALL_DATA_GROUP10_E/Q_Setpoint_Response_Time_ess"
              }
            },
            {
              "rid": "Reactive_Power_CosPI_SetPoint_Flag_mi",
              "type": "setting",
              "payload": {
                "name": "Reactive_Power_CosPI_SetPoint_Flag_mi",
                "metricPath": "qcells_mpu/setting_data/INSTALL_DATA_GROUP10_M/Reactive_Power_CosPI_SetPoint_Flag_mi"
              }
            },
            {
              "rid": "Reactive_Power_Q_SetPoint_Flag_mi",
              "type": "setting",
              "payload": {
                "name": "Reactive_Power_Q_SetPoint_Flag_mi",
                "metricPath": "qcells_mpu/setting_data/INSTALL_DATA_GROUP10_M/Reactive_Power_Q_SetPoint_Flag_mi"
              }
            },
            {
              "rid": "Reactive_Power_VoltVar_Flag_mi",
              "type": "setting",
              "payload": {
                "name": "Reactive_Power_VoltVar_Flag_mi",
                "metricPath": "qcells_mpu/setting_data/INSTALL_DATA_GROUP10_M/Reactive_Power_VoltVar_Flag_mi"
              }
            },
            {
              "rid": "Reactive_Power_WattVar_Flag_mi",
              "type": "setting",
              "payload": {
                "name": "Reactive_Power_WattVar_Flag_mi",
                "metricPath": "qcells_mpu/setting_data/INSTALL_DATA_GROUP10_M/Reactive_Power_WattVar_Flag_mi"
              }
            },
            {
              "rid": "Reactive_Power_Dynamic_Reactive_Current_Flag_mi",
              "type": "setting",
              "payload": {
                "name": "Reactive_Power_Dynamic_Reactive_Current_Flag_mi",
                "metricPath": "qcells_mpu/setting_data/INSTALL_DATA_GROUP10_M/Reactive_Power_Dynamic_Reactive_Current_Flag_mi"
              }
            },
            {
              "rid": "Power_Factor_Excited_Flag_mi",
              "type": "setting",
              "payload": {
                "name": "Power_Factor_Excited_Flag_mi",
                "metricPath": "qcells_mpu/setting_data/INSTALL_DATA_GROUP10_M/Power_Factor_Excited_Flag_mi"
              }
            },
            {
              "rid": "ArGraMod_Flag_mi",
              "type": "setting",
              "payload": {
                "name": "ArGraMod_Flag_mi",
                "metricPath": "qcells_mpu/setting_data/INSTALL_DATA_GROUP10_M/ArGraMod_Flag_mi"
              }
            },
            {
              "rid": "Volt_var_Auto_Vref_Flag_mi",
              "type": "setting",
              "payload": {
                "name": "Volt_var_Auto_Vref_Flag_mi",
                "metricPath": "qcells_mpu/setting_data/INSTALL_DATA_GROUP10_M/Volt_var_Auto_Vref_Flag_mi"
              }
            },
            {
              "rid": "Cospi_Set_point_value_mi",
              "type": "setting",
              "payload": {
                "name": "Cospi_Set_point_value_mi",
                "metricPath": "qcells_mpu/setting_data/INSTALL_DATA_GROUP10_M/Cospi_Set_point_value_mi"
              }
            },
            {
              "rid": "Cospi_Set_point_Response_Time_mi",
              "type": "setting",
              "payload": {
                "name": "Cospi_Set_point_Response_Time_mi",
                "metricPath": "qcells_mpu/setting_data/INSTALL_DATA_GROUP10_M/Cospi_Set_point_Response_Time_mi"
              }
            },
            {
              "rid": "Cospi_Set_point_Apparent_Power_Priority_mi",
              "type": "setting",
              "payload": {
                "name": "Cospi_Set_point_Apparent_Power_Priority_mi",
                "metricPath": "qcells_mpu/setting_data/INSTALL_DATA_GROUP10_M/Cospi_Set_point_Apparent_Power_Priority_mi"
              }
            },
            {
              "rid": "Qp_Reactive_Power_Mode_mi",
              "type": "setting",
              "payload": {
                "name": "Qp_Reactive_Power_Mode_mi",
                "metricPath": "qcells_mpu/setting_data/INSTALL_DATA_GROUP10_M/Qp_Reactive_Power_Mode_mi"
              }
            },
            {
              "rid": "Qp_Apparent_Power_Priority_mi",
              "type": "setting",
              "payload": {
                "name": "Qp_Apparent_Power_Priority_mi",
                "metricPath": "qcells_mpu/setting_data/INSTALL_DATA_GROUP10_M/Qp_Apparent_Power_Priority_mi"
              }
            },
            {
              "rid": "wattvar_X1_mi",
              "type": "setting",
              "payload": {
                "name": "wattvar_X1_mi",
                "metricPath": "qcells_mpu/setting_data/INSTALL_DATA_GROUP10_M/wattvar_X1_mi"
              }
            },
            {
              "rid": "wattvar_Y1_mi",
              "type": "setting",
              "payload": {
                "name": "wattvar_Y1_mi",
                "metricPath": "qcells_mpu/setting_data/INSTALL_DATA_GROUP10_M/wattvar_Y1_mi"
              }
            },
            {
              "rid": "wattvar_X2_mi",
              "type": "setting",
              "payload": {
                "name": "wattvar_X2_mi",
                "metricPath": "qcells_mpu/setting_data/INSTALL_DATA_GROUP10_M/wattvar_X2_mi"
              }
            },
            {
              "rid": "wattvar_Y2_mi",
              "type": "setting",
              "payload": {
                "name": "wattvar_Y2_mi",
                "metricPath": "qcells_mpu/setting_data/INSTALL_DATA_GROUP10_M/wattvar_Y2_mi"
              }
            },
            {
              "rid": "wattvar_X3_mi",
              "type": "setting",
              "payload": {
                "name": "wattvar_X3_mi",
                "metricPath": "qcells_mpu/setting_data/INSTALL_DATA_GROUP10_M/wattvar_X3_mi"
              }
            },
            {
              "rid": "wattvar_Y3_mi",
              "type": "setting",
              "payload": {
                "name": "wattvar_Y3_mi",
                "metricPath": "qcells_mpu/setting_data/INSTALL_DATA_GROUP10_M/wattvar_Y3_mi"
              }
            },
            {
              "rid": "wattvar_X4_mi",
              "type": "setting",
              "payload": {
                "name": "wattvar_X4_mi",
                "metricPath": "qcells_mpu/setting_data/INSTALL_DATA_GROUP10_M/wattvar_X4_mi"
              }
            },
            {
              "rid": "wattvar_Y4_mi",
              "type": "setting",
              "payload": {
                "name": "wattvar_Y4_mi",
                "metricPath": "qcells_mpu/setting_data/INSTALL_DATA_GROUP10_M/wattvar_Y4_mi"
              }
            },
            {
              "rid": "wattvar_X5_mi",
              "type": "setting",
              "payload": {
                "name": "wattvar_X5_mi",
                "metricPath": "qcells_mpu/setting_data/INSTALL_DATA_GROUP10_M/wattvar_X5_mi"
              }
            },
            {
              "rid": "wattvar_Y5_mi",
              "type": "setting",
              "payload": {
                "name": "wattvar_Y5_mi",
                "metricPath": "qcells_mpu/setting_data/INSTALL_DATA_GROUP10_M/wattvar_Y5_mi"
              }
            },
            {
              "rid": "wattvar_X6_mi",
              "type": "setting",
              "payload": {
                "name": "wattvar_X6_mi",
                "metricPath": "qcells_mpu/setting_data/INSTALL_DATA_GROUP10_M/wattvar_X6_mi"
              }
            },
            {
              "rid": "wattvar_Y6_mi",
              "type": "setting",
              "payload": {
                "name": "wattvar_Y6_mi",
                "metricPath": "qcells_mpu/setting_data/INSTALL_DATA_GROUP10_M/wattvar_Y6_mi"
              }
            },
            {
              "rid": "Qp_Response_Time_mi",
              "type": "setting",
              "payload": {
                "name": "Qp_Response_Time_mi",
                "metricPath": "qcells_mpu/setting_data/INSTALL_DATA_GROUP10_M/Qp_Response_Time_mi"
              }
            },
            {
              "rid": "Q_Setpoint_Reactive_Power_Mode_mi",
              "type": "setting",
              "payload": {
                "name": "Q_Setpoint_Reactive_Power_Mode_mi",
                "metricPath": "qcells_mpu/setting_data/INSTALL_DATA_GROUP10_M/Q_Setpoint_Reactive_Power_Mode_mi"
              }
            },
            {
              "rid": "Q_setpoint_Apparent_Power_Priority_mi",
              "type": "setting",
              "payload": {
                "name": "Q_setpoint_Apparent_Power_Priority_mi",
                "metricPath": "qcells_mpu/setting_data/INSTALL_DATA_GROUP10_M/Q_setpoint_Apparent_Power_Priority_mi"
              }
            },
            {
              "rid": "Q_Setpoint_Value_mi",
              "type": "setting",
              "payload": {
                "name": "Q_Setpoint_Value_mi",
                "metricPath": "qcells_mpu/setting_data/INSTALL_DATA_GROUP10_M/Q_Setpoint_Value_mi"
              }
            },
            {
              "rid": "Q_Setpoint_Response_Time_mi",
              "type": "setting",
              "payload": {
                "name": "Q_Setpoint_Response_Time_mi",
                "metricPath": "qcells_mpu/setting_data/INSTALL_DATA_GROUP10_M/Q_Setpoint_Response_Time_mi"
              }
            },
            {
              "rid": "Qu_Reactive_Power_Mode_ess",
              "type": "setting",
              "payload": {
                "name": "Qu_Reactive_Power_Mode_ess",
                "metricPath": "qcells_mpu/setting_data/INSTALL_DATA_GROUP11_E/Qu_Reactive_Power_Mode_ess"
              }
            },
            {
              "rid": "Qu_Apparent_Power_Priority_ess",
              "type": "setting",
              "payload": {
                "name": "Qu_Apparent_Power_Priority_ess",
                "metricPath": "qcells_mpu/setting_data/INSTALL_DATA_GROUP11_E/Qu_Apparent_Power_Priority_ess"
              }
            },
            {
              "rid": "Qu_Vref_ess",
              "type": "setting",
              "payload": {
                "name": "Qu_Vref_ess",
                "metricPath": "qcells_mpu/setting_data/INSTALL_DATA_GROUP11_E/Qu_Vref_ess"
              }
            },
            {
              "rid": "Reactive_Power_Auto_vref_avg_time_ess",
              "type": "setting",
              "payload": {
                "name": "Reactive_Power_Auto_vref_avg_time_ess",
                "metricPath": "qcells_mpu/setting_data/INSTALL_DATA_GROUP11_E/Reactive_Power_Auto_vref_avg_time_ess"
              }
            },
            {
              "rid": "voltvar_X1_ess",
              "type": "setting",
              "payload": {
                "name": "voltvar_X1_ess",
                "metricPath": "qcells_mpu/setting_data/INSTALL_DATA_GROUP11_E/voltvar_X1_ess"
              }
            },
            {
              "rid": "voltvar_Y1_ess",
              "type": "setting",
              "payload": {
                "name": "voltvar_Y1_ess",
                "metricPath": "qcells_mpu/setting_data/INSTALL_DATA_GROUP11_E/voltvar_Y1_ess"
              }
            },
            {
              "rid": "voltvar_X2_ess",
              "type": "setting",
              "payload": {
                "name": "voltvar_X2_ess",
                "metricPath": "qcells_mpu/setting_data/INSTALL_DATA_GROUP11_E/voltvar_X2_ess"
              }
            },
            {
              "rid": "voltvar_Y2_ess",
              "type": "setting",
              "payload": {
                "name": "voltvar_Y2_ess",
                "metricPath": "qcells_mpu/setting_data/INSTALL_DATA_GROUP11_E/voltvar_Y2_ess"
              }
            },
            {
              "rid": "voltvar_X3_ess",
              "type": "setting",
              "payload": {
                "name": "voltvar_X3_ess",
                "metricPath": "qcells_mpu/setting_data/INSTALL_DATA_GROUP11_E/voltvar_X3_ess"
              }
            },
            {
              "rid": "voltvar_Y3_ess",
              "type": "setting",
              "payload": {
                "name": "voltvar_Y3_ess",
                "metricPath": "qcells_mpu/setting_data/INSTALL_DATA_GROUP11_E/voltvar_Y3_ess"
              }
            },
            {
              "rid": "voltvar_X4_ess",
              "type": "setting",
              "payload": {
                "name": "voltvar_X4_ess",
                "metricPath": "qcells_mpu/setting_data/INSTALL_DATA_GROUP11_E/voltvar_X4_ess"
              }
            },
            {
              "rid": "voltvar_Y4_ess",
              "type": "setting",
              "payload": {
                "name": "voltvar_Y4_ess",
                "metricPath": "qcells_mpu/setting_data/INSTALL_DATA_GROUP11_E/voltvar_Y4_ess"
              }
            },
            {
              "rid": "Qu_Response_Time_ess",
              "type": "setting",
              "payload": {
                "name": "Qu_Response_Time_ess",
                "metricPath": "qcells_mpu/setting_data/INSTALL_DATA_GROUP11_E/Qu_Response_Time_ess"
              }
            },
            {
              "rid": "Reactive_Current_DbVMin_ess",
              "type": "setting",
              "payload": {
                "name": "Reactive_Current_DbVMin_ess",
                "metricPath": "qcells_mpu/setting_data/INSTALL_DATA_GROUP11_E/Reactive_Current_DbVMin_ess"
              }
            },
            {
              "rid": "Reactive_Current_DbVMax_ess",
              "type": "setting",
              "payload": {
                "name": "Reactive_Current_DbVMax_ess",
                "metricPath": "qcells_mpu/setting_data/INSTALL_DATA_GROUP11_E/Reactive_Current_DbVMax_ess"
              }
            },
            {
              "rid": "ArGraSag_ess",
              "type": "setting",
              "payload": {
                "name": "ArGraSag_ess",
                "metricPath": "qcells_mpu/setting_data/INSTALL_DATA_GROUP11_E/ArGraSag_ess"
              }
            },
            {
              "rid": "ArGraSwell_ess",
              "type": "setting",
              "payload": {
                "name": "ArGraSwell_ess",
                "metricPath": "qcells_mpu/setting_data/INSTALL_DATA_GROUP11_E/ArGraSwell_ess"
              }
            },
            {
              "rid": "HoldTmms_ess",
              "type": "setting",
              "payload": {
                "name": "HoldTmms_ess",
                "metricPath": "qcells_mpu/setting_data/INSTALL_DATA_GROUP11_E/HoldTmms_ess"
              }
            },
            {
              "rid": "FilterTms_ess",
              "type": "setting",
              "payload": {
                "name": "FilterTms_ess",
                "metricPath": "qcells_mpu/setting_data/INSTALL_DATA_GROUP11_E/FilterTms_ess"
              }
            },
            {
              "rid": "Volt_var_SA_Mode_Flag_ess",
              "type": "setting",
              "payload": {
                "name": "Volt_var_SA_Mode_Flag_ess",
                "metricPath": "qcells_mpu/setting_data/INSTALL_DATA_GROUP11_E/Volt_var_SA_Mode_Flag_ess"
              }
            },
            {
              "rid": "Qu_Reactive_Power_Mode_mi",
              "type": "setting",
              "payload": {
                "name": "Qu_Reactive_Power_Mode_mi",
                "metricPath": "qcells_mpu/setting_data/INSTALL_DATA_GROUP11_M/Qu_Reactive_Power_Mode_mi"
              }
            },
            {
              "rid": "Qu_Apparent_Power_Priority_mi",
              "type": "setting",
              "payload": {
                "name": "Qu_Apparent_Power_Priority_mi",
                "metricPath": "qcells_mpu/setting_data/INSTALL_DATA_GROUP11_M/Qu_Apparent_Power_Priority_mi"
              }
            },
            {
              "rid": "Qu_Vref_mi",
              "type": "setting",
              "payload": {
                "name": "Qu_Vref_mi",
                "metricPath": "qcells_mpu/setting_data/INSTALL_DATA_GROUP11_M/Qu_Vref_mi"
              }
            },
            {
              "rid": "Reactive_Power_Auto_vref_avg_time_mi",
              "type": "setting",
              "payload": {
                "name": "Reactive_Power_Auto_vref_avg_time_mi",
                "metricPath": "qcells_mpu/setting_data/INSTALL_DATA_GROUP11_M/Reactive_Power_Auto_vref_avg_time_mi"
              }
            },
            {
              "rid": "voltvar_X1_mi",
              "type": "setting",
              "payload": {
                "name": "voltvar_X1_mi",
                "metricPath": "qcells_mpu/setting_data/INSTALL_DATA_GROUP11_M/voltvar_X1_mi"
              }
            },
            {
              "rid": "voltvar_Y1_mi",
              "type": "setting",
              "payload": {
                "name": "voltvar_Y1_mi",
                "metricPath": "qcells_mpu/setting_data/INSTALL_DATA_GROUP11_M/voltvar_Y1_mi"
              }
            },
            {
              "rid": "voltvar_X2_mi",
              "type": "setting",
              "payload": {
                "name": "voltvar_X2_mi",
                "metricPath": "qcells_mpu/setting_data/INSTALL_DATA_GROUP11_M/voltvar_X2_mi"
              }
            },
            {
              "rid": "voltvar_Y2_mi",
              "type": "setting",
              "payload": {
                "name": "voltvar_Y2_mi",
                "metricPath": "qcells_mpu/setting_data/INSTALL_DATA_GROUP11_M/voltvar_Y2_mi"
              }
            },
            {
              "rid": "voltvar_X3_mi",
              "type": "setting",
              "payload": {
                "name": "voltvar_X3_mi",
                "metricPath": "qcells_mpu/setting_data/INSTALL_DATA_GROUP11_M/voltvar_X3_mi"
              }
            },
            {
              "rid": "voltvar_Y3_mi",
              "type": "setting",
              "payload": {
                "name": "voltvar_Y3_mi",
                "metricPath": "qcells_mpu/setting_data/INSTALL_DATA_GROUP11_M/voltvar_Y3_mi"
              }
            },
            {
              "rid": "voltvar_X4_mi",
              "type": "setting",
              "payload": {
                "name": "voltvar_X4_mi",
                "metricPath": "qcells_mpu/setting_data/INSTALL_DATA_GROUP11_M/voltvar_X4_mi"
              }
            },
            {
              "rid": "voltvar_Y4_mi",
              "type": "setting",
              "payload": {
                "name": "voltvar_Y4_mi",
                "metricPath": "qcells_mpu/setting_data/INSTALL_DATA_GROUP11_M/voltvar_Y4_mi"
              }
            },
            {
              "rid": "Qu_Response_Time_mi",
              "type": "setting",
              "payload": {
                "name": "Qu_Response_Time_mi",
                "metricPath": "qcells_mpu/setting_data/INSTALL_DATA_GROUP11_M/Qu_Response_Time_mi"
              }
            },
            {
              "rid": "Reactive_Current_DbVMin_mi",
              "type": "setting",
              "payload": {
                "name": "Reactive_Current_DbVMin_mi",
                "metricPath": "qcells_mpu/setting_data/INSTALL_DATA_GROUP11_M/Reactive_Current_DbVMin_mi"
              }
            },
            {
              "rid": "Reactive_Current_DbVMax_mi",
              "type": "setting",
              "payload": {
                "name": "Reactive_Current_DbVMax_mi",
                "metricPath": "qcells_mpu/setting_data/INSTALL_DATA_GROUP11_M/Reactive_Current_DbVMax_mi"
              }
            },
            {
              "rid": "ArGraSag_mi",
              "type": "setting",
              "payload": {
                "name": "ArGraSag_mi",
                "metricPath": "qcells_mpu/setting_data/INSTALL_DATA_GROUP11_M/ArGraSag_mi"
              }
            },
            {
              "rid": "ArGraSwell_mi",
              "type": "setting",
              "payload": {
                "name": "ArGraSwell_mi",
                "metricPath": "qcells_mpu/setting_data/INSTALL_DATA_GROUP11_M/ArGraSwell_mi"
              }
            },
            {
              "rid": "HoldTmms_mi",
              "type": "setting",
              "payload": {
                "name": "HoldTmms_mi",
                "metricPath": "qcells_mpu/setting_data/INSTALL_DATA_GROUP11_M/HoldTmms_mi"
              }
            },
            {
              "rid": "FilterTms_mi",
              "type": "setting",
              "payload": {
                "name": "FilterTms_mi",
                "metricPath": "qcells_mpu/setting_data/INSTALL_DATA_GROUP11_M/FilterTms_mi"
              }
            },
            {
              "rid": "Volt_var_SA_Mode_Flag_mi",
              "type": "setting",
              "payload": {
                "name": "Volt_var_SA_Mode_Flag_mi",
                "metricPath": "qcells_mpu/setting_data/INSTALL_DATA_GROUP11_M/Volt_var_SA_Mode_Flag_mi"
              }
            },
            {
              "rid": "Grid_Code_Range_ess",
              "type": "setting",
              "payload": {
                "name": "Grid_Code_Range_ess",
                "metricPath": "qcells_mpu/setting_data/INSTALL_DATA_GROUP12_E/Grid_Code_Range_ess"
              }
            },
            {
              "rid": "DC_Injection_Detection_Flag_ess",
              "type": "setting",
              "payload": {
                "name": "DC_Injection_Detection_Flag_ess",
                "metricPath": "qcells_mpu/setting_data/INSTALL_DATA_GROUP12_E/DC_Injection_Detection_Flag_ess"
              }
            },
            {
              "rid": "DC_Injection_Control_Flag_ess",
              "type": "setting",
              "payload": {
                "name": "DC_Injection_Control_Flag_ess",
                "metricPath": "qcells_mpu/setting_data/INSTALL_DATA_GROUP12_E/DC_Injection_Control_Flag_ess"
              }
            },
            {
              "rid": "DC_Injection_Fault_Level1_ess",
              "type": "setting",
              "payload": {
                "name": "DC_Injection_Fault_Level1_ess",
                "metricPath": "qcells_mpu/setting_data/INSTALL_DATA_GROUP12_E/DC_Injection_Fault_Level1_ess"
              }
            },
            {
              "rid": "DC_Injection_Time_Level1_ess",
              "type": "setting",
              "payload": {
                "name": "DC_Injection_Time_Level1_ess",
                "metricPath": "qcells_mpu/setting_data/INSTALL_DATA_GROUP12_E/DC_Injection_Time_Level1_ess"
              }
            },
            {
              "rid": "DC_Injection_Fault_Level2_ess",
              "type": "setting",
              "payload": {
                "name": "DC_Injection_Fault_Level2_ess",
                "metricPath": "qcells_mpu/setting_data/INSTALL_DATA_GROUP12_E/DC_Injection_Fault_Level2_ess"
              }
            },
            {
              "rid": "DC_Injection_Time_Level2_ess",
              "type": "setting",
              "payload": {
                "name": "DC_Injection_Time_Level2_ess",
                "metricPath": "qcells_mpu/setting_data/INSTALL_DATA_GROUP12_E/DC_Injection_Time_Level2_ess"
              }
            },
            {
              "rid": "DC_Injection_Control_Level_ess",
              "type": "setting",
              "payload": {
                "name": "DC_Injection_Control_Level_ess",
                "metricPath": "qcells_mpu/setting_data/INSTALL_DATA_GROUP12_E/DC_Injection_Control_Level_ess"
              }
            },
            {
              "rid": "Anti_Islanding_Active_Method_Detection_Flag_ess",
              "type": "setting",
              "payload": {
                "name": "Anti_Islanding_Active_Method_Detection_Flag_ess",
                "metricPath": "qcells_mpu/setting_data/INSTALL_DATA_GROUP12_E/Anti_Islanding_Active_Method_Detection_Flag_ess"
              }
            },
            {
              "rid": "Anti_Islanding_Freq_Feedback_Function_Flag_ess",
              "type": "setting",
              "payload": {
                "name": "Anti_Islanding_Freq_Feedback_Function_Flag_ess",
                "metricPath": "qcells_mpu/setting_data/INSTALL_DATA_GROUP12_E/Anti_Islanding_Freq_Feedback_Function_Flag_ess"
              }
            },
            {
              "rid": "Anti_Islanding_Gain1_ess",
              "type": "setting",
              "payload": {
                "name": "Anti_Islanding_Gain1_ess",
                "metricPath": "qcells_mpu/setting_data/INSTALL_DATA_GROUP12_E/Anti_Islanding_Gain1_ess"
              }
            },
            {
              "rid": "Anti_Islanding_Gain2_ess",
              "type": "setting",
              "payload": {
                "name": "Anti_Islanding_Gain2_ess",
                "metricPath": "qcells_mpu/setting_data/INSTALL_DATA_GROUP12_E/Anti_Islanding_Gain2_ess"
              }
            },
            {
              "rid": "Anti_Islanding_Freq_Feedback_ess",
              "type": "setting",
              "payload": {
                "name": "Anti_Islanding_Freq_Feedback_ess",
                "metricPath": "qcells_mpu/setting_data/INSTALL_DATA_GROUP12_E/Anti_Islanding_Freq_Feedback_ess"
              }
            },
            {
              "rid": "Anti_Islanding_Step_Injection_ess",
              "type": "setting",
              "payload": {
                "name": "Anti_Islanding_Step_Injection_ess",
                "metricPath": "qcells_mpu/setting_data/INSTALL_DATA_GROUP12_E/Anti_Islanding_Step_Injection_ess"
              }
            },
            {
              "rid": "Softstart_Gradient_Enable_Flag_ess",
              "type": "setting",
              "payload": {
                "name": "Softstart_Gradient_Enable_Flag_ess",
                "metricPath": "qcells_mpu/setting_data/INSTALL_DATA_GROUP12_E/Softstart_Gradient_Enable_Flag_ess"
              }
            },
            {
              "rid": "GradientUnit_Select_Flag_ess",
              "type": "setting",
              "payload": {
                "name": "GradientUnit_Select_Flag_ess",
                "metricPath": "qcells_mpu/setting_data/INSTALL_DATA_GROUP12_E/GradientUnit_Select_Flag_ess"
              }
            },
            {
              "rid": "Soft_Start_Gradient_ess",
              "type": "setting",
              "payload": {
                "name": "Soft_Start_Gradient_ess",
                "metricPath": "qcells_mpu/setting_data/INSTALL_DATA_GROUP12_E/Soft_Start_Gradient_ess"
              }
            },
            {
              "rid": "Permit_Service_Mode_Select_ess",
              "type": "setting",
              "payload": {
                "name": "Permit_Service_Mode_Select_ess",
                "metricPath": "qcells_mpu/setting_data/INSTALL_DATA_GROUP12_E/Permit_Service_Mode_Select_ess"
              }
            },
            {
              "rid": "Enter_Service_RANDOMIZED_DELAY_ess",
              "type": "setting",
              "payload": {
                "name": "Enter_Service_RANDOMIZED_DELAY_ess",
                "metricPath": "qcells_mpu/setting_data/INSTALL_DATA_GROUP12_E/Enter_Service_RANDOMIZED_DELAY_ess"
              }
            },
            {
              "rid": "Reconnection_Time_ess",
              "type": "setting",
              "payload": {
                "name": "Reconnection_Time_ess",
                "metricPath": "qcells_mpu/setting_data/INSTALL_DATA_GROUP12_E/Reconnection_Time_ess"
              }
            },
            {
              "rid": "Randomized_delay_Time_ess",
              "type": "setting",
              "payload": {
                "name": "Randomized_delay_Time_ess",
                "metricPath": "qcells_mpu/setting_data/INSTALL_DATA_GROUP12_E/Randomized_delay_Time_ess"
              }
            },
            {
              "rid": "Over_Voltage_Release_Level_ess",
              "type": "setting",
              "payload": {
                "name": "Over_Voltage_Release_Level_ess",
                "metricPath": "qcells_mpu/setting_data/INSTALL_DATA_GROUP12_E/Over_Voltage_Release_Level_ess"
              }
            },
            {
              "rid": "Over_Voltage_Release_Time_ess",
              "type": "setting",
              "payload": {
                "name": "Over_Voltage_Release_Time_ess",
                "metricPath": "qcells_mpu/setting_data/INSTALL_DATA_GROUP12_E/Over_Voltage_Release_Time_ess"
              }
            },
            {
              "rid": "Under_Voltage_Release_Level_ess",
              "type": "setting",
              "payload": {
                "name": "Under_Voltage_Release_Level_ess",
                "metricPath": "qcells_mpu/setting_data/INSTALL_DATA_GROUP12_E/Under_Voltage_Release_Level_ess"
              }
            },
            {
              "rid": "Under_Voltage_Release_Time_ess",
              "type": "setting",
              "payload": {
                "name": "Under_Voltage_Release_Time_ess",
                "metricPath": "qcells_mpu/setting_data/INSTALL_DATA_GROUP12_E/Under_Voltage_Release_Time_ess"
              }
            },
            {
              "rid": "Over_Frequency_Release_Level_ess",
              "type": "setting",
              "payload": {
                "name": "Over_Frequency_Release_Level_ess",
                "metricPath": "qcells_mpu/setting_data/INSTALL_DATA_GROUP12_E/Over_Frequency_Release_Level_ess"
              }
            },
            {
              "rid": "Over_Frequency_Release_Time_ess",
              "type": "setting",
              "payload": {
                "name": "Over_Frequency_Release_Time_ess",
                "metricPath": "qcells_mpu/setting_data/INSTALL_DATA_GROUP12_E/Over_Frequency_Release_Time_ess"
              }
            },
            {
              "rid": "Under_Frequency_Release_Level_ess",
              "type": "setting",
              "payload": {
                "name": "Under_Frequency_Release_Level_ess",
                "metricPath": "qcells_mpu/setting_data/INSTALL_DATA_GROUP12_E/Under_Frequency_Release_Level_ess"
              }
            },
            {
              "rid": "Under_Frequency_Release_Time_ess",
              "type": "setting",
              "payload": {
                "name": "Under_Frequency_Release_Time_ess",
                "metricPath": "qcells_mpu/setting_data/INSTALL_DATA_GROUP12_E/Under_Frequency_Release_Time_ess"
              }
            },
            {
              "rid": "IEEE2030_5_Curve_Type_ess",
              "type": "setting",
              "payload": {
                "name": "IEEE2030_5_Curve_Type_ess",
                "metricPath": "qcells_mpu/setting_data/INSTALL_DATA_GROUP12_E/IEEE2030_5_Curve_Type_ess"
              }
            },
            {
              "rid": "IEEE2030_5_Curve_Flag_ess",
              "type": "setting",
              "payload": {
                "name": "IEEE2030_5_Curve_Flag_ess",
                "metricPath": "qcells_mpu/setting_data/INSTALL_DATA_GROUP12_E/IEEE2030_5_Curve_Flag_ess"
              }
            },
            {
              "rid": "HVRT_Momentary_Level_ess",
              "type": "setting",
              "payload": {
                "name": "HVRT_Momentary_Level_ess",
                "metricPath": "qcells_mpu/setting_data/INSTALL_DATA_GROUP12_E/HVRT_Momentary_Level_ess"
              }
            },
            {
              "rid": "LVRT_Momentary_Level_ess",
              "type": "setting",
              "payload": {
                "name": "LVRT_Momentary_Level_ess",
                "metricPath": "qcells_mpu/setting_data/INSTALL_DATA_GROUP12_E/LVRT_Momentary_Level_ess"
              }
            },
            {
              "rid": "Grid_Code_Range_mi",
              "type": "setting",
              "payload": {
                "name": "Grid_Code_Range_mi",
                "metricPath": "qcells_mpu/setting_data/INSTALL_DATA_GROUP12_M/Grid_Code_Range_mi"
              }
            },
            {
              "rid": "DC_Injection_Detection_Flag_mi",
              "type": "setting",
              "payload": {
                "name": "DC_Injection_Detection_Flag_mi",
                "metricPath": "qcells_mpu/setting_data/INSTALL_DATA_GROUP12_M/DC_Injection_Detection_Flag_mi"
              }
            },
            {
              "rid": "DC_Injection_Control_Flag_mi",
              "type": "setting",
              "payload": {
                "name": "DC_Injection_Control_Flag_mi",
                "metricPath": "qcells_mpu/setting_data/INSTALL_DATA_GROUP12_M/DC_Injection_Control_Flag_mi"
              }
            },
            {
              "rid": "DC_Injection_Fault_Level1_mi",
              "type": "setting",
              "payload": {
                "name": "DC_Injection_Fault_Level1_mi",
                "metricPath": "qcells_mpu/setting_data/INSTALL_DATA_GROUP12_M/DC_Injection_Fault_Level1_mi"
              }
            },
            {
              "rid": "DC_Injection_Time_Level1_mi",
              "type": "setting",
              "payload": {
                "name": "DC_Injection_Time_Level1_mi",
                "metricPath": "qcells_mpu/setting_data/INSTALL_DATA_GROUP12_M/DC_Injection_Time_Level1_mi"
              }
            },
            {
              "rid": "DC_Injection_Fault_Level2_mi",
              "type": "setting",
              "payload": {
                "name": "DC_Injection_Fault_Level2_mi",
                "metricPath": "qcells_mpu/setting_data/INSTALL_DATA_GROUP12_M/DC_Injection_Fault_Level2_mi"
              }
            },
            {
              "rid": "DC_Injection_Time_Level2_mi",
              "type": "setting",
              "payload": {
                "name": "DC_Injection_Time_Level2_mi",
                "metricPath": "qcells_mpu/setting_data/INSTALL_DATA_GROUP12_M/DC_Injection_Time_Level2_mi"
              }
            },
            {
              "rid": "DC_Injection_Control_Level_mi",
              "type": "setting",
              "payload": {
                "name": "DC_Injection_Control_Level_mi",
                "metricPath": "qcells_mpu/setting_data/INSTALL_DATA_GROUP12_M/DC_Injection_Control_Level_mi"
              }
            },
            {
              "rid": "Anti_Islanding_Active_Method_Detection_Flag_mi",
              "type": "setting",
              "payload": {
                "name": "Anti_Islanding_Active_Method_Detection_Flag_mi",
                "metricPath": "qcells_mpu/setting_data/INSTALL_DATA_GROUP12_M/Anti_Islanding_Active_Method_Detection_Flag_mi"
              }
            },
            {
              "rid": "Anti_Islanding_Freq_Feedback_Function_Flag_mi",
              "type": "setting",
              "payload": {
                "name": "Anti_Islanding_Freq_Feedback_Function_Flag_mi",
                "metricPath": "qcells_mpu/setting_data/INSTALL_DATA_GROUP12_M/Anti_Islanding_Freq_Feedback_Function_Flag_mi"
              }
            },
            {
              "rid": "Anti_Islanding_Gain1_mi",
              "type": "setting",
              "payload": {
                "name": "Anti_Islanding_Gain1_mi",
                "metricPath": "qcells_mpu/setting_data/INSTALL_DATA_GROUP12_M/Anti_Islanding_Gain1_mi"
              }
            },
            {
              "rid": "Anti_Islanding_Gain2_mi",
              "type": "setting",
              "payload": {
                "name": "Anti_Islanding_Gain2_mi",
                "metricPath": "qcells_mpu/setting_data/INSTALL_DATA_GROUP12_M/Anti_Islanding_Gain2_mi"
              }
            },
            {
              "rid": "Anti_Islanding_Freq_Feedback_mi",
              "type": "setting",
              "payload": {
                "name": "Anti_Islanding_Freq_Feedback_mi",
                "metricPath": "qcells_mpu/setting_data/INSTALL_DATA_GROUP12_M/Anti_Islanding_Freq_Feedback_mi"
              }
            },
            {
              "rid": "Anti_Islanding_Step_Injection_mi",
              "type": "setting",
              "payload": {
                "name": "Anti_Islanding_Step_Injection_mi",
                "metricPath": "qcells_mpu/setting_data/INSTALL_DATA_GROUP12_M/Anti_Islanding_Step_Injection_mi"
              }
            },
            {
              "rid": "Softstart_Gradient_Enable_Flag_mi",
              "type": "setting",
              "payload": {
                "name": "Softstart_Gradient_Enable_Flag_mi",
                "metricPath": "qcells_mpu/setting_data/INSTALL_DATA_GROUP12_M/Softstart_Gradient_Enable_Flag_mi"
              }
            },
            {
              "rid": "GradientUnit_Select_Flag_mi",
              "type": "setting",
              "payload": {
                "name": "GradientUnit_Select_Flag_mi",
                "metricPath": "qcells_mpu/setting_data/INSTALL_DATA_GROUP12_M/GradientUnit_Select_Flag_mi"
              }
            },
            {
              "rid": "Soft_Start_Gradient_mi",
              "type": "setting",
              "payload": {
                "name": "Soft_Start_Gradient_mi",
                "metricPath": "qcells_mpu/setting_data/INSTALL_DATA_GROUP12_M/Soft_Start_Gradient_mi"
              }
            },
            {
              "rid": "Permit_Service_Mode_Select_mi",
              "type": "setting",
              "payload": {
                "name": "Permit_Service_Mode_Select_mi",
                "metricPath": "qcells_mpu/setting_data/INSTALL_DATA_GROUP12_M/Permit_Service_Mode_Select_mi"
              }
            },
            {
              "rid": "Enter_Service_RANDOMIZED_DELAY_mi",
              "type": "setting",
              "payload": {
                "name": "Enter_Service_RANDOMIZED_DELAY_mi",
                "metricPath": "qcells_mpu/setting_data/INSTALL_DATA_GROUP12_M/Enter_Service_RANDOMIZED_DELAY_mi"
              }
            },
            {
              "rid": "Reconnection_Time_mi",
              "type": "setting",
              "payload": {
                "name": "Reconnection_Time_mi",
                "metricPath": "qcells_mpu/setting_data/INSTALL_DATA_GROUP12_M/Reconnection_Time_mi"
              }
            },
            {
              "rid": "Randomized_delay_Time_mi",
              "type": "setting",
              "payload": {
                "name": "Randomized_delay_Time_mi",
                "metricPath": "qcells_mpu/setting_data/INSTALL_DATA_GROUP12_M/Randomized_delay_Time_mi"
              }
            },
            {
              "rid": "Over_Voltage_Release_Level_mi",
              "type": "setting",
              "payload": {
                "name": "Over_Voltage_Release_Level_mi",
                "metricPath": "qcells_mpu/setting_data/INSTALL_DATA_GROUP12_M/Over_Voltage_Release_Level_mi"
              }
            },
            {
              "rid": "Over_Voltage_Release_Time_mi",
              "type": "setting",
              "payload": {
                "name": "Over_Voltage_Release_Time_mi",
                "metricPath": "qcells_mpu/setting_data/INSTALL_DATA_GROUP12_M/Over_Voltage_Release_Time_mi"
              }
            },
            {
              "rid": "Under_Voltage_Release_Level_mi",
              "type": "setting",
              "payload": {
                "name": "Under_Voltage_Release_Level_mi",
                "metricPath": "qcells_mpu/setting_data/INSTALL_DATA_GROUP12_M/Under_Voltage_Release_Level_mi"
              }
            },
            {
              "rid": "Under_Voltage_Release_Time_mi",
              "type": "setting",
              "payload": {
                "name": "Under_Voltage_Release_Time_mi",
                "metricPath": "qcells_mpu/setting_data/INSTALL_DATA_GROUP12_M/Under_Voltage_Release_Time_mi"
              }
            },
            {
              "rid": "Over_Frequency_Release_Level_mi",
              "type": "setting",
              "payload": {
                "name": "Over_Frequency_Release_Level_mi",
                "metricPath": "qcells_mpu/setting_data/INSTALL_DATA_GROUP12_M/Over_Frequency_Release_Level_mi"
              }
            },
            {
              "rid": "Over_Frequency_Release_Time_mi",
              "type": "setting",
              "payload": {
                "name": "Over_Frequency_Release_Time_mi",
                "metricPath": "qcells_mpu/setting_data/INSTALL_DATA_GROUP12_M/Over_Frequency_Release_Time_mi"
              }
            },
            {
              "rid": "Under_Frequency_Release_Level_mi",
              "type": "setting",
              "payload": {
                "name": "Under_Frequency_Release_Level_mi",
                "metricPath": "qcells_mpu/setting_data/INSTALL_DATA_GROUP12_M/Under_Frequency_Release_Level_mi"
              }
            },
            {
              "rid": "Under_Frequency_Release_Time_mi",
              "type": "setting",
              "payload": {
                "name": "Under_Frequency_Release_Time_mi",
                "metricPath": "qcells_mpu/setting_data/INSTALL_DATA_GROUP12_M/Under_Frequency_Release_Time_mi"
              }
            },
            {
              "rid": "IEEE2030_5_Curve_Type_mi",
              "type": "setting",
              "payload": {
                "name": "IEEE2030_5_Curve_Type_mi",
                "metricPath": "qcells_mpu/setting_data/INSTALL_DATA_GROUP12_M/IEEE2030_5_Curve_Type_mi"
              }
            },
            {
              "rid": "IEEE2030_5_Curve_Flag_mi",
              "type": "setting",
              "payload": {
                "name": "IEEE2030_5_Curve_Flag_mi",
                "metricPath": "qcells_mpu/setting_data/INSTALL_DATA_GROUP12_M/IEEE2030_5_Curve_Flag_mi"
              }
            },
            {
              "rid": "HVRT_Momentary_Level_mi",
              "type": "setting",
              "payload": {
                "name": "HVRT_Momentary_Level_mi",
                "metricPath": "qcells_mpu/setting_data/INSTALL_DATA_GROUP12_M/HVRT_Momentary_Level_mi"
              }
            },
            {
              "rid": "LVRT_Momentary_Level_mi",
              "type": "setting",
              "payload": {
                "name": "LVRT_Momentary_Level_mi",
                "metricPath": "qcells_mpu/setting_data/INSTALL_DATA_GROUP12_M/LVRT_Momentary_Level_mi"
              }
            },
            {
              "rid": "Flag_Dyn_Curr",
              "type": "setting",
              "payload": {
                "name": "Flag_Dyn_Curr",
                "metricPath": "qcells_mpu/setting_data/INSTALL_DATA_GROUP13/Flag_Dyn_Curr"
              }
            },
            {
              "rid": "Dyn_Curr_Db_VMax",
              "type": "setting",
              "payload": {
                "name": "Dyn_Curr_Db_VMax",
                "metricPath": "qcells_mpu/setting_data/INSTALL_DATA_GROUP13/Dyn_Curr_Db_VMax"
              }
            },
            {
              "rid": "Dyn_Curr_Db_VMin",
              "type": "setting",
              "payload": {
                "name": "Dyn_Curr_Db_VMin",
                "metricPath": "qcells_mpu/setting_data/INSTALL_DATA_GROUP13/Dyn_Curr_Db_VMin"
              }
            },
            {
              "rid": "Dyn_Curr_Ar_Gra_Sag_Ratio",
              "type": "setting",
              "payload": {
                "name": "Dyn_Curr_Ar_Gra_Sag_Ratio",
                "metricPath": "qcells_mpu/setting_data/INSTALL_DATA_GROUP13/Dyn_Curr_Ar_Gra_Sag_Ratio"
              }
            },
            {
              "rid": "Dyn_Curr_Ar_Gra_Swell_Ratio",
              "type": "setting",
              "payload": {
                "name": "Dyn_Curr_Ar_Gra_Swell_Ratio",
                "metricPath": "qcells_mpu/setting_data/INSTALL_DATA_GROUP13/Dyn_Curr_Ar_Gra_Swell_Ratio"
              }
            },
            {
              "rid": "Dyn_Curr_Filter_Tms",
              "type": "setting",
              "payload": {
                "name": "Dyn_Curr_Filter_Tms",
                "metricPath": "qcells_mpu/setting_data/INSTALL_DATA_GROUP13/Dyn_Curr_Filter_Tms"
              }
            },
            {
              "rid": "Flag_Dyn_Curr_Ar_Gra_Mod",
              "type": "setting",
              "payload": {
                "name": "Flag_Dyn_Curr_Ar_Gra_Mod",
                "metricPath": "qcells_mpu/setting_data/INSTALL_DATA_GROUP13/Flag_Dyn_Curr_Ar_Gra_Mod"
              }
            },
            {
              "rid": "Flag_Dyn_Curr_Event_Base_Ena",
              "type": "setting",
              "payload": {
                "name": "Flag_Dyn_Curr_Event_Base_Ena",
                "metricPath": "qcells_mpu/setting_data/INSTALL_DATA_GROUP13/Flag_Dyn_Curr_Event_Base_Ena"
              }
            },
            {
              "rid": "Wiring_Set_Momory_Sector",
              "type": "setting",
              "payload": {
                "name": "Wiring_Set_Momory_Sector",
                "metricPath": "qcells_mpu/setting_data/INSTALL_DATA_GROUP13/Wiring_Set_Momory_Sector"
              }
            },
            {
              "rid": "Wiring_Set_AC_FREQ",
              "type": "setting",
              "payload": {
                "name": "Wiring_Set_AC_FREQ",
                "metricPath": "qcells_mpu/setting_data/INSTALL_DATA_GROUP13/Wiring_Set_AC_FREQ"
              }
            },
            {
              "rid": "Wiring_Set_Region",
              "type": "setting",
              "payload": {
                "name": "Wiring_Set_Region",
                "metricPath": "qcells_mpu/setting_data/INSTALL_DATA_GROUP13/Wiring_Set_Region"
              }
            },
            {
              "rid": "Wiring_Set_AC_Type",
              "type": "setting",
              "payload": {
                "name": "Wiring_Set_AC_Type",
                "metricPath": "qcells_mpu/setting_data/INSTALL_DATA_GROUP13/Wiring_Set_AC_Type"
              }
            },
            {
              "rid": "TOV_Ena",
              "type": "setting",
              "payload": {
                "name": "TOV_Ena",
                "metricPath": "qcells_mpu/setting_data/INSTALL_DATA_GROUP13/TOV_Ena"
              }
            },
            {
              "rid": "Energy_Policy",
              "type": "setting",
              "payload": {
                "name": "Energy_Policy",
                "metricPath": "qcells_mpu/setting_data/INSTALL_DATA_GROUP13/Energy_Policy"
              }
            },
            {
              "rid": "GFDI_Enable_Flag",
              "type": "setting",
              "payload": {
                "name": "GFDI_Enable_Flag",
                "metricPath": "qcells_mpu/setting_data/INSTALL_DATA_GROUP13/GFDI_Enable_Flag"
              }
            },
            {
              "rid": "GFDI_Margin",
              "type": "setting",
              "payload": {
                "name": "GFDI_Margin",
                "metricPath": "qcells_mpu/setting_data/INSTALL_DATA_GROUP13/GFDI_Margin"
              }
            },
            {
              "rid": "Int_Island_Cat",
              "type": "setting",
              "payload": {
                "name": "Int_Island_Cat",
                "metricPath": "qcells_mpu/setting_data/INSTALL_DATA_GROUP13/Int_Island_Cat"
              }
            },
            {
              "rid": "Measure_Harm_Limit",
              "type": "setting",
              "payload": {
                "name": "Measure_Harm_Limit",
                "metricPath": "qcells_mpu/setting_data/INSTALL_DATA_GROUP13/Measure_Harm_Limit"
              }
            },
            {
              "rid": "Harm_Shift",
              "type": "setting",
              "payload": {
                "name": "Harm_Shift",
                "metricPath": "qcells_mpu/setting_data/INSTALL_DATA_GROUP13/Harm_Shift"
              }
            },
            {
              "rid": "Freq_Band",
              "type": "setting",
              "payload": {
                "name": "Freq_Band",
                "metricPath": "qcells_mpu/setting_data/INSTALL_DATA_GROUP13/Freq_Band"
              }
            },
            {
              "rid": "Normal_Ramp_Rate_Enable_Flag",
              "type": "setting",
              "payload": {
                "name": "Normal_Ramp_Rate_Enable_Flag",
                "metricPath": "qcells_mpu/setting_data/INSTALL_DATA_GROUP13/Normal_Ramp_Rate_Enable_Flag"
              }
            },
            {
              "rid": "Wramp",
              "type": "setting",
              "payload": {
                "name": "Wramp",
                "metricPath": "qcells_mpu/setting_data/INSTALL_DATA_GROUP13/Wramp"
              }
            },
            {
              "rid": "HV_Momcess_Flag",
              "type": "setting",
              "payload": {
                "name": "HV_Momcess_Flag",
                "metricPath": "qcells_mpu/setting_data/INSTALL_DATA_GROUP13/HV_Momcess_Flag"
              }
            },
            {
              "rid": "DER_Trip_HV_Crv_MomCess_Pt_V_1",
              "type": "setting",
              "payload": {
                "name": "DER_Trip_HV_Crv_MomCess_Pt_V_1",
                "metricPath": "qcells_mpu/setting_data/INSTALL_DATA_GROUP13/DER_Trip_HV_Crv_MomCess_Pt_V_1"
              }
            },
            {
              "rid": "LV_Momcess_Flag",
              "type": "setting",
              "payload": {
                "name": "LV_Momcess_Flag",
                "metricPath": "qcells_mpu/setting_data/INSTALL_DATA_GROUP13/LV_Momcess_Flag"
              }
            },
            {
              "rid": "DER_Trip_LV_Crv_MomCess_Pt_V_1",
              "type": "setting",
              "payload": {
                "name": "DER_Trip_LV_Crv_MomCess_Pt_V_1",
                "metricPath": "qcells_mpu/setting_data/INSTALL_DATA_GROUP13/DER_Trip_LV_Crv_MomCess_Pt_V_1"
              }
            },
            {
              "rid": "HVRT_Curve_Num",
              "type": "setting",
              "payload": {
                "name": "HVRT_Curve_Num",
                "metricPath": "qcells_mpu/setting_data/INSTALL_DATA_GROUP14/HVRT_Curve_Num"
              }
            },
            {
              "rid": "Over_Voltage_Detection_Level6",
              "type": "setting",
              "payload": {
                "name": "Over_Voltage_Detection_Level6",
                "metricPath": "qcells_mpu/setting_data/INSTALL_DATA_GROUP14/Over_Voltage_Detection_Level6"
              }
            },
            {
              "rid": "Over_Voltage_Detection_Time6",
              "type": "setting",
              "payload": {
                "name": "Over_Voltage_Detection_Time6",
                "metricPath": "qcells_mpu/setting_data/INSTALL_DATA_GROUP14/Over_Voltage_Detection_Time6"
              }
            },
            {
              "rid": "Over_Voltage_Detection_Level7",
              "type": "setting",
              "payload": {
                "name": "Over_Voltage_Detection_Level7",
                "metricPath": "qcells_mpu/setting_data/INSTALL_DATA_GROUP14/Over_Voltage_Detection_Level7"
              }
            },
            {
              "rid": "Over_Voltage_Detection_Time7",
              "type": "setting",
              "payload": {
                "name": "Over_Voltage_Detection_Time7",
                "metricPath": "qcells_mpu/setting_data/INSTALL_DATA_GROUP14/Over_Voltage_Detection_Time7"
              }
            },
            {
              "rid": "Over_Voltage_Detection_Level8",
              "type": "setting",
              "payload": {
                "name": "Over_Voltage_Detection_Level8",
                "metricPath": "qcells_mpu/setting_data/INSTALL_DATA_GROUP14/Over_Voltage_Detection_Level8"
              }
            },
            {
              "rid": "Over_Voltage_Detection_Time8",
              "type": "setting",
              "payload": {
                "name": "Over_Voltage_Detection_Time8",
                "metricPath": "qcells_mpu/setting_data/INSTALL_DATA_GROUP14/Over_Voltage_Detection_Time8"
              }
            },
            {
              "rid": "Over_Voltage_Detection_Level9",
              "type": "setting",
              "payload": {
                "name": "Over_Voltage_Detection_Level9",
                "metricPath": "qcells_mpu/setting_data/INSTALL_DATA_GROUP14/Over_Voltage_Detection_Level9"
              }
            },
            {
              "rid": "Over_Voltage_Detection_Time9",
              "type": "setting",
              "payload": {
                "name": "Over_Voltage_Detection_Time9",
                "metricPath": "qcells_mpu/setting_data/INSTALL_DATA_GROUP14/Over_Voltage_Detection_Time9"
              }
            },
            {
              "rid": "Over_Voltage_Detection_Level10",
              "type": "setting",
              "payload": {
                "name": "Over_Voltage_Detection_Level10",
                "metricPath": "qcells_mpu/setting_data/INSTALL_DATA_GROUP14/Over_Voltage_Detection_Level10"
              }
            },
            {
              "rid": "Over_Voltage_Detection_Time10",
              "type": "setting",
              "payload": {
                "name": "Over_Voltage_Detection_Time10",
                "metricPath": "qcells_mpu/setting_data/INSTALL_DATA_GROUP14/Over_Voltage_Detection_Time10"
              }
            },
            {
              "rid": "LVRT_Curve_Num",
              "type": "setting",
              "payload": {
                "name": "LVRT_Curve_Num",
                "metricPath": "qcells_mpu/setting_data/INSTALL_DATA_GROUP14/LVRT_Curve_Num"
              }
            },
            {
              "rid": "Under_Voltage_Detection_Level6",
              "type": "setting",
              "payload": {
                "name": "Under_Voltage_Detection_Level6",
                "metricPath": "qcells_mpu/setting_data/INSTALL_DATA_GROUP14/Under_Voltage_Detection_Level6"
              }
            },
            {
              "rid": "Under_Voltage_Detection_Time6",
              "type": "setting",
              "payload": {
                "name": "Under_Voltage_Detection_Time6",
                "metricPath": "qcells_mpu/setting_data/INSTALL_DATA_GROUP14/Under_Voltage_Detection_Time6"
              }
            },
            {
              "rid": "Under_Voltage_Detection_Level7",
              "type": "setting",
              "payload": {
                "name": "Under_Voltage_Detection_Level7",
                "metricPath": "qcells_mpu/setting_data/INSTALL_DATA_GROUP14/Under_Voltage_Detection_Level7"
              }
            },
            {
              "rid": "Under_Voltage_Detection_Time7",
              "type": "setting",
              "payload": {
                "name": "Under_Voltage_Detection_Time7",
                "metricPath": "qcells_mpu/setting_data/INSTALL_DATA_GROUP14/Under_Voltage_Detection_Time7"
              }
            },
            {
              "rid": "Under_Voltage_Detection_Level8",
              "type": "setting",
              "payload": {
                "name": "Under_Voltage_Detection_Level8",
                "metricPath": "qcells_mpu/setting_data/INSTALL_DATA_GROUP14/Under_Voltage_Detection_Level8"
              }
            },
            {
              "rid": "Under_Voltage_Detection_Time8",
              "type": "setting",
              "payload": {
                "name": "Under_Voltage_Detection_Time8",
                "metricPath": "qcells_mpu/setting_data/INSTALL_DATA_GROUP14/Under_Voltage_Detection_Time8"
              }
            },
            {
              "rid": "Under_Voltage_Detection_Level9",
              "type": "setting",
              "payload": {
                "name": "Under_Voltage_Detection_Level9",
                "metricPath": "qcells_mpu/setting_data/INSTALL_DATA_GROUP14/Under_Voltage_Detection_Level9"
              }
            },
            {
              "rid": "Under_Voltage_Detection_Time9",
              "type": "setting",
              "payload": {
                "name": "Under_Voltage_Detection_Time9",
                "metricPath": "qcells_mpu/setting_data/INSTALL_DATA_GROUP14/Under_Voltage_Detection_Time9"
              }
            },
            {
              "rid": "Under_Voltage_Detection_Level10",
              "type": "setting",
              "payload": {
                "name": "Under_Voltage_Detection_Level10",
                "metricPath": "qcells_mpu/setting_data/INSTALL_DATA_GROUP14/Under_Voltage_Detection_Level10"
              }
            },
            {
              "rid": "Under_Voltage_Detection_Time10",
              "type": "setting",
              "payload": {
                "name": "Under_Voltage_Detection_Time10",
                "metricPath": "qcells_mpu/setting_data/INSTALL_DATA_GROUP14/Under_Voltage_Detection_Time10"
              }
            },
            {
              "rid": "HFRT_Curve_Num",
              "type": "setting",
              "payload": {
                "name": "HFRT_Curve_Num",
                "metricPath": "qcells_mpu/setting_data/INSTALL_DATA_GROUP15/HFRT_Curve_Num"
              }
            },
            {
              "rid": "Over_Frequency_Detection_Level6",
              "type": "setting",
              "payload": {
                "name": "Over_Frequency_Detection_Level6",
                "metricPath": "qcells_mpu/setting_data/INSTALL_DATA_GROUP15/Over_Frequency_Detection_Level6"
              }
            },
            {
              "rid": "Over_Frequency_Detection_Time6",
              "type": "setting",
              "payload": {
                "name": "Over_Frequency_Detection_Time6",
                "metricPath": "qcells_mpu/setting_data/INSTALL_DATA_GROUP15/Over_Frequency_Detection_Time6"
              }
            },
            {
              "rid": "Over_Frequency_Detection_Level7",
              "type": "setting",
              "payload": {
                "name": "Over_Frequency_Detection_Level7",
                "metricPath": "qcells_mpu/setting_data/INSTALL_DATA_GROUP15/Over_Frequency_Detection_Level7"
              }
            },
            {
              "rid": "Over_Frequency_Detection_Time7",
              "type": "setting",
              "payload": {
                "name": "Over_Frequency_Detection_Time7",
                "metricPath": "qcells_mpu/setting_data/INSTALL_DATA_GROUP15/Over_Frequency_Detection_Time7"
              }
            },
            {
              "rid": "Over_Frequency_Detection_Level8",
              "type": "setting",
              "payload": {
                "name": "Over_Frequency_Detection_Level8",
                "metricPath": "qcells_mpu/setting_data/INSTALL_DATA_GROUP15/Over_Frequency_Detection_Level8"
              }
            },
            {
              "rid": "Over_Frequency_Detection_Time8",
              "type": "setting",
              "payload": {
                "name": "Over_Frequency_Detection_Time8",
                "metricPath": "qcells_mpu/setting_data/INSTALL_DATA_GROUP15/Over_Frequency_Detection_Time8"
              }
            },
            {
              "rid": "Over_Frequency_Detection_Level9",
              "type": "setting",
              "payload": {
                "name": "Over_Frequency_Detection_Level9",
                "metricPath": "qcells_mpu/setting_data/INSTALL_DATA_GROUP15/Over_Frequency_Detection_Level9"
              }
            },
            {
              "rid": "Over_Frequency_Detection_Time9",
              "type": "setting",
              "payload": {
                "name": "Over_Frequency_Detection_Time9",
                "metricPath": "qcells_mpu/setting_data/INSTALL_DATA_GROUP15/Over_Frequency_Detection_Time9"
              }
            },
            {
              "rid": "Over_Frequency_Detection_Level10",
              "type": "setting",
              "payload": {
                "name": "Over_Frequency_Detection_Level10",
                "metricPath": "qcells_mpu/setting_data/INSTALL_DATA_GROUP15/Over_Frequency_Detection_Level10"
              }
            },
            {
              "rid": "Over_Frequency_Detection_Time10",
              "type": "setting",
              "payload": {
                "name": "Over_Frequency_Detection_Time10",
                "metricPath": "qcells_mpu/setting_data/INSTALL_DATA_GROUP15/Over_Frequency_Detection_Time10"
              }
            },
            {
              "rid": "LFRT_Curve_Num",
              "type": "setting",
              "payload": {
                "name": "LFRT_Curve_Num",
                "metricPath": "qcells_mpu/setting_data/INSTALL_DATA_GROUP16/LFRT_Curve_Num"
              }
            },
            {
              "rid": "Under_Frequency_Detection_Level6",
              "type": "setting",
              "payload": {
                "name": "Under_Frequency_Detection_Level6",
                "metricPath": "qcells_mpu/setting_data/INSTALL_DATA_GROUP16/Under_Frequency_Detection_Level6"
              }
            },
            {
              "rid": "Under_Frequency_Detection_Time6",
              "type": "setting",
              "payload": {
                "name": "Under_Frequency_Detection_Time6",
                "metricPath": "qcells_mpu/setting_data/INSTALL_DATA_GROUP16/Under_Frequency_Detection_Time6"
              }
            },
            {
              "rid": "Under_Frequency_Detection_Level7",
              "type": "setting",
              "payload": {
                "name": "Under_Frequency_Detection_Level7",
                "metricPath": "qcells_mpu/setting_data/INSTALL_DATA_GROUP16/Under_Frequency_Detection_Level7"
              }
            },
            {
              "rid": "Under_Frequency_Detection_Time7",
              "type": "setting",
              "payload": {
                "name": "Under_Frequency_Detection_Time7",
                "metricPath": "qcells_mpu/setting_data/INSTALL_DATA_GROUP16/Under_Frequency_Detection_Time7"
              }
            },
            {
              "rid": "Under_Frequency_Detection_Level8",
              "type": "setting",
              "payload": {
                "name": "Under_Frequency_Detection_Level8",
                "metricPath": "qcells_mpu/setting_data/INSTALL_DATA_GROUP16/Under_Frequency_Detection_Level8"
              }
            },
            {
              "rid": "Under_Frequency_Detection_Time8",
              "type": "setting",
              "payload": {
                "name": "Under_Frequency_Detection_Time8",
                "metricPath": "qcells_mpu/setting_data/INSTALL_DATA_GROUP16/Under_Frequency_Detection_Time8"
              }
            },
            {
              "rid": "Under_Frequency_Detection_Level9",
              "type": "setting",
              "payload": {
                "name": "Under_Frequency_Detection_Level9",
                "metricPath": "qcells_mpu/setting_data/INSTALL_DATA_GROUP16/Under_Frequency_Detection_Level9"
              }
            },
            {
              "rid": "Under_Frequency_Detection_Time9",
              "type": "setting",
              "payload": {
                "name": "Under_Frequency_Detection_Time9",
                "metricPath": "qcells_mpu/setting_data/INSTALL_DATA_GROUP16/Under_Frequency_Detection_Time9"
              }
            },
            {
              "rid": "Under_Frequency_Detection_Level10",
              "type": "setting",
              "payload": {
                "name": "Under_Frequency_Detection_Level10",
                "metricPath": "qcells_mpu/setting_data/INSTALL_DATA_GROUP16/Under_Frequency_Detection_Level10"
              }
            },
            {
              "rid": "Under_Frequency_Detection_Time10",
              "type": "setting",
              "payload": {
                "name": "Under_Frequency_Detection_Time10",
                "metricPath": "qcells_mpu/setting_data/INSTALL_DATA_GROUP16/Under_Frequency_Detection_Time10"
              }
            },
            {
              "rid": "VoltWatt_Curve_Num",
              "type": "setting",
              "payload": {
                "name": "VoltWatt_Curve_Num",
                "metricPath": "qcells_mpu/setting_data/INSTALL_DATA_GROUP17/VoltWatt_Curve_Num"
              }
            },
            {
              "rid": "VoltWatt_X3",
              "type": "setting",
              "payload": {
                "name": "VoltWatt_X3",
                "metricPath": "qcells_mpu/setting_data/INSTALL_DATA_GROUP17/VoltWatt_X3"
              }
            },
            {
              "rid": "VoltWatt_Y3",
              "type": "setting",
              "payload": {
                "name": "VoltWatt_Y3",
                "metricPath": "qcells_mpu/setting_data/INSTALL_DATA_GROUP17/VoltWatt_Y3"
              }
            },
            {
              "rid": "VoltWatt_X4",
              "type": "setting",
              "payload": {
                "name": "VoltWatt_X4",
                "metricPath": "qcells_mpu/setting_data/INSTALL_DATA_GROUP17/VoltWatt_X4"
              }
            },
            {
              "rid": "VoltWatt_Y4",
              "type": "setting",
              "payload": {
                "name": "VoltWatt_Y4",
                "metricPath": "qcells_mpu/setting_data/INSTALL_DATA_GROUP17/VoltWatt_Y4"
              }
            },
            {
              "rid": "VoltWatt_X5",
              "type": "setting",
              "payload": {
                "name": "VoltWatt_X5",
                "metricPath": "qcells_mpu/setting_data/INSTALL_DATA_GROUP17/VoltWatt_X5"
              }
            },
            {
              "rid": "VoltWatt_Y5",
              "type": "setting",
              "payload": {
                "name": "VoltWatt_Y5",
                "metricPath": "qcells_mpu/setting_data/INSTALL_DATA_GROUP17/VoltWatt_Y5"
              }
            },
            {
              "rid": "VoltWatt_X6",
              "type": "setting",
              "payload": {
                "name": "VoltWatt_X6",
                "metricPath": "qcells_mpu/setting_data/INSTALL_DATA_GROUP17/VoltWatt_X6"
              }
            },
            {
              "rid": "VoltWatt_Y6",
              "type": "setting",
              "payload": {
                "name": "VoltWatt_Y6",
                "metricPath": "qcells_mpu/setting_data/INSTALL_DATA_GROUP17/VoltWatt_Y6"
              }
            },
            {
              "rid": "VoltWatt_X7",
              "type": "setting",
              "payload": {
                "name": "VoltWatt_X7",
                "metricPath": "qcells_mpu/setting_data/INSTALL_DATA_GROUP17/VoltWatt_X7"
              }
            },
            {
              "rid": "VoltWatt_Y7",
              "type": "setting",
              "payload": {
                "name": "VoltWatt_Y7",
                "metricPath": "qcells_mpu/setting_data/INSTALL_DATA_GROUP17/VoltWatt_Y7"
              }
            },
            {
              "rid": "VoltWatt_X8",
              "type": "setting",
              "payload": {
                "name": "VoltWatt_X8",
                "metricPath": "qcells_mpu/setting_data/INSTALL_DATA_GROUP17/VoltWatt_X8"
              }
            },
            {
              "rid": "VoltWatt_Y8",
              "type": "setting",
              "payload": {
                "name": "VoltWatt_Y8",
                "metricPath": "qcells_mpu/setting_data/INSTALL_DATA_GROUP17/VoltWatt_Y8"
              }
            },
            {
              "rid": "VoltWatt_X9",
              "type": "setting",
              "payload": {
                "name": "VoltWatt_X9",
                "metricPath": "qcells_mpu/setting_data/INSTALL_DATA_GROUP17/VoltWatt_X9"
              }
            },
            {
              "rid": "VoltWatt_Y9",
              "type": "setting",
              "payload": {
                "name": "VoltWatt_Y9",
                "metricPath": "qcells_mpu/setting_data/INSTALL_DATA_GROUP17/VoltWatt_Y9"
              }
            },
            {
              "rid": "VoltWatt_X10",
              "type": "setting",
              "payload": {
                "name": "VoltWatt_X10",
                "metricPath": "qcells_mpu/setting_data/INSTALL_DATA_GROUP17/VoltWatt_X10"
              }
            },
            {
              "rid": "VoltWatt_Y10",
              "type": "setting",
              "payload": {
                "name": "VoltWatt_Y10",
                "metricPath": "qcells_mpu/setting_data/INSTALL_DATA_GROUP17/VoltWatt_Y10"
              }
            },
            {
              "rid": "Qp_Curve_Num",
              "type": "setting",
              "payload": {
                "name": "Qp_Curve_Num",
                "metricPath": "qcells_mpu/setting_data/INSTALL_DATA_GROUP18/Qp_Curve_Num"
              }
            },
            {
              "rid": "wattvar_X7",
              "type": "setting",
              "payload": {
                "name": "wattvar_X7",
                "metricPath": "qcells_mpu/setting_data/INSTALL_DATA_GROUP18/wattvar_X7"
              }
            },
            {
              "rid": "wattvar_Y7",
              "type": "setting",
              "payload": {
                "name": "wattvar_Y7",
                "metricPath": "qcells_mpu/setting_data/INSTALL_DATA_GROUP18/wattvar_Y7"
              }
            },
            {
              "rid": "wattvar_X8",
              "type": "setting",
              "payload": {
                "name": "wattvar_X8",
                "metricPath": "qcells_mpu/setting_data/INSTALL_DATA_GROUP18/wattvar_X8"
              }
            },
            {
              "rid": "wattvar_Y8",
              "type": "setting",
              "payload": {
                "name": "wattvar_Y8",
                "metricPath": "qcells_mpu/setting_data/INSTALL_DATA_GROUP18/wattvar_Y8"
              }
            },
            {
              "rid": "wattvar_X9",
              "type": "setting",
              "payload": {
                "name": "wattvar_X9",
                "metricPath": "qcells_mpu/setting_data/INSTALL_DATA_GROUP18/wattvar_X9"
              }
            },
            {
              "rid": "wattvar_Y9",
              "type": "setting",
              "payload": {
                "name": "wattvar_Y9",
                "metricPath": "qcells_mpu/setting_data/INSTALL_DATA_GROUP18/wattvar_Y9"
              }
            },
            {
              "rid": "wattvar_X10",
              "type": "setting",
              "payload": {
                "name": "wattvar_X10",
                "metricPath": "qcells_mpu/setting_data/INSTALL_DATA_GROUP18/wattvar_X10"
              }
            },
            {
              "rid": "wattvar_Y10",
              "type": "setting",
              "payload": {
                "name": "wattvar_Y10",
                "metricPath": "qcells_mpu/setting_data/INSTALL_DATA_GROUP18/wattvar_Y10"
              }
            },
            {
              "rid": "VoltVar_Qu_Curve_Num",
              "type": "setting",
              "payload": {
                "name": "VoltVar_Qu_Curve_Num",
                "metricPath": "qcells_mpu/setting_data/INSTALL_DATA_GROUP18/VoltVar_Qu_Curve_Num"
              }
            },
            {
              "rid": "voltvar_X5",
              "type": "setting",
              "payload": {
                "name": "voltvar_X5",
                "metricPath": "qcells_mpu/setting_data/INSTALL_DATA_GROUP18/voltvar_X5"
              }
            },
            {
              "rid": "voltvar_Y5",
              "type": "setting",
              "payload": {
                "name": "voltvar_Y5",
                "metricPath": "qcells_mpu/setting_data/INSTALL_DATA_GROUP18/voltvar_Y5"
              }
            },
            {
              "rid": "voltvar_X6",
              "type": "setting",
              "payload": {
                "name": "voltvar_X6",
                "metricPath": "qcells_mpu/setting_data/INSTALL_DATA_GROUP18/voltvar_X6"
              }
            },
            {
              "rid": "voltvar_Y6",
              "type": "setting",
              "payload": {
                "name": "voltvar_Y6",
                "metricPath": "qcells_mpu/setting_data/INSTALL_DATA_GROUP18/voltvar_Y6"
              }
            },
            {
              "rid": "voltvar_X7",
              "type": "setting",
              "payload": {
                "name": "voltvar_X7",
                "metricPath": "qcells_mpu/setting_data/INSTALL_DATA_GROUP18/voltvar_X7"
              }
            },
            {
              "rid": "voltvar_Y7",
              "type": "setting",
              "payload": {
                "name": "voltvar_Y7",
                "metricPath": "qcells_mpu/setting_data/INSTALL_DATA_GROUP18/voltvar_Y7"
              }
            },
            {
              "rid": "voltvar_X8",
              "type": "setting",
              "payload": {
                "name": "voltvar_X8",
                "metricPath": "qcells_mpu/setting_data/INSTALL_DATA_GROUP18/voltvar_X8"
              }
            },
            {
              "rid": "voltvar_Y8",
              "type": "setting",
              "payload": {
                "name": "voltvar_Y8",
                "metricPath": "qcells_mpu/setting_data/INSTALL_DATA_GROUP18/voltvar_Y8"
              }
            },
            {
              "rid": "voltvar_X9",
              "type": "setting",
              "payload": {
                "name": "voltvar_X9",
                "metricPath": "qcells_mpu/setting_data/INSTALL_DATA_GROUP18/voltvar_X9"
              }
            },
            {
              "rid": "voltvar_Y9",
              "type": "setting",
              "payload": {
                "name": "voltvar_Y9",
                "metricPath": "qcells_mpu/setting_data/INSTALL_DATA_GROUP18/voltvar_Y9"
              }
            },
            {
              "rid": "voltvar_X10",
              "type": "setting",
              "payload": {
                "name": "voltvar_X10",
                "metricPath": "qcells_mpu/setting_data/INSTALL_DATA_GROUP18/voltvar_X10"
              }
            },
            {
              "rid": "voltvar_Y10",
              "type": "setting",
              "payload": {
                "name": "voltvar_Y10",
                "metricPath": "qcells_mpu/setting_data/INSTALL_DATA_GROUP18/voltvar_Y10"
              }
            },
            {
              "rid": "est_server_url",
              "type": "setting",
              "payload": {
                "name": "est_server_url",
                "metricPath": "qcells_mpu/setting_data/mpu_data/est_server_url"
              }
            },
            {
              "rid": "timezone",
              "type": "setting",
              "payload": {
                "name": "timezone",
                "metricPath": "qcells_mpu/setting_data/mpu_data/timezone"
              }
            },
            {
              "rid": "log_level_er",
              "type": "setting",
              "payload": {
                "name": "log_level_er",
                "metricPath": "qcells_mpu/setting_data/mpu_data/log_level_er"
              }
            },
            {
              "rid": "log_level_db",
              "type": "setting",
              "payload": {
                "name": "log_level_db",
                "metricPath": "qcells_mpu/setting_data/mpu_data/log_level_db"
              }
            },
            {
              "rid": "log_level_sm",
              "type": "setting",
              "payload": {
                "name": "log_level_sm",
                "metricPath": "qcells_mpu/setting_data/mpu_data/log_level_sm"
              }
            },
            {
              "rid": "log_level_az",
              "type": "setting",
              "payload": {
                "name": "log_level_az",
                "metricPath": "qcells_mpu/setting_data/mpu_data/log_level_az"
              }
            },
            {
              "rid": "log_level_el",
              "type": "setting",
              "payload": {
                "name": "log_level_el",
                "metricPath": "qcells_mpu/setting_data/mpu_data/log_level_el"
              }
            },
            {
              "rid": "log_level_ta",
              "type": "setting",
              "payload": {
                "name": "log_level_ta",
                "metricPath": "qcells_mpu/setting_data/mpu_data/log_level_ta"
              }
            },
            {
              "rid": "log_level_et",
              "type": "setting",
              "payload": {
                "name": "log_level_et",
                "metricPath": "qcells_mpu/setting_data/mpu_data/log_level_et"
              }
            },
            {
              "rid": "log_level_um",
              "type": "setting",
              "payload": {
                "name": "log_level_um",
                "metricPath": "qcells_mpu/setting_data/mpu_data/log_level_um"
              }
            },
            {
              "rid": "log_level_sl",
              "type": "setting",
              "payload": {
                "name": "log_level_sl",
                "metricPath": "qcells_mpu/setting_data/mpu_data/log_level_sl"
              }
            },
            {
              "rid": "log_level_ed",
              "type": "setting",
              "payload": {
                "name": "log_level_ed",
                "metricPath": "qcells_mpu/setting_data/mpu_data/log_level_ed"
              }
            },
            {
              "rid": "log_level_dm",
              "type": "setting",
              "payload": {
                "name": "log_level_dm",
                "metricPath": "qcells_mpu/setting_data/mpu_data/log_level_dm"
              }
            },
            {
              "rid": "log_level_rt",
              "type": "setting",
              "payload": {
                "name": "log_level_rt",
                "metricPath": "qcells_mpu/setting_data/mpu_data/log_level_rt"
              }
            },
            {
              "rid": "log_level_wi",
              "type": "setting",
              "payload": {
                "name": "log_level_wi",
                "metricPath": "qcells_mpu/setting_data/mpu_data/log_level_wi"
              }
            },
            {
              "rid": "log_level_dl",
              "type": "setting",
              "payload": {
                "name": "log_level_dl",
                "metricPath": "qcells_mpu/setting_data/mpu_data/log_level_dl"
              }
            },
            {
              "rid": "log_level_sc",
              "type": "setting",
              "payload": {
                "name": "log_level_sc",
                "metricPath": "qcells_mpu/setting_data/mpu_data/log_level_sc"
              }
            },
            {
              "rid": "log_level_bc",
              "type": "setting",
              "payload": {
                "name": "log_level_bc",
                "metricPath": "qcells_mpu/setting_data/mpu_data/log_level_bc"
              }
            },
            {
              "rid": "log_level_di",
              "type": "setting",
              "payload": {
                "name": "log_level_di",
                "metricPath": "qcells_mpu/setting_data/mpu_data/log_level_di"
              }
            },
            {
              "rid": "log_level_gm",
              "type": "setting",
              "payload": {
                "name": "log_level_gm",
                "metricPath": "qcells_mpu/setting_data/mpu_data/log_level_gm"
              }
            },
            {
              "rid": "commissioning_progress",
              "type": "setting",
              "payload": {
                "name": "commissioning_progress",
                "metricPath": "qcells_mpu/setting_data/mpu_data/commissioning_progress"
              }
            },
            {
              "rid": "gen_maintenance_mode",
              "type": "setting",
              "payload": {
                "name": "gen_maintenance_mode",
                "metricPath": "qcells_mpu/setting_data/mpu_data/gen_maintenance_mode"
              }
            },
            {
              "rid": "hub_generator_low_soc",
              "type": "setting",
              "payload": {
                "name": "hub_generator_low_soc",
                "metricPath": "qcells_mpu/setting_data/mpu_data/hub_generator_low_soc"
              }
            },
            {
              "rid": "hub_generator_use_manual",
              "type": "setting",
              "payload": {
                "name": "hub_generator_use_manual",
                "metricPath": "qcells_mpu/setting_data/mpu_data/hub_generator_use_manual"
              }
            },
            {
              "rid": "hub_generator_user_auto",
              "type": "setting",
              "payload": {
                "name": "hub_generator_user_auto",
                "metricPath": "qcells_mpu/setting_data/mpu_data/hub_generator_user_auto"
              }
            },
            {
              "rid": "hub_generator_auto_operation",
              "type": "setting",
              "payload": {
                "name": "hub_generator_auto_operation",
                "metricPath": "qcells_mpu/setting_data/mpu_data/hub_generator_auto_operation"
              }
            },
            {
              "rid": "gen_to_ess_mode_start_soc",
              "type": "setting",
              "payload": {
                "name": "gen_to_ess_mode_start_soc",
                "metricPath": "qcells_mpu/setting_data/mpu_data/gen_to_ess_mode_start_soc"
              }
            },
            {
              "rid": "gen_to_ess_mode_stop_soc",
              "type": "setting",
              "payload": {
                "name": "gen_to_ess_mode_stop_soc",
                "metricPath": "qcells_mpu/setting_data/mpu_data/gen_to_ess_mode_stop_soc"
              }
            },
            {
              "rid": "msp_breaker_rating",
              "type": "setting",
              "payload": {
                "name": "msp_breaker_rating",
                "metricPath": "qcells_mpu/setting_data/mpu_data/msp_breaker_rating"
              }
            },
            {
              "rid": "der_breaker_rating",
              "type": "setting",
              "payload": {
                "name": "der_breaker_rating",
                "metricPath": "qcells_mpu/setting_data/mpu_data/der_breaker_rating"
              }
            },
            {
              "rid": "pv_breaker_rating",
              "type": "setting",
              "payload": {
                "name": "pv_breaker_rating",
                "metricPath": "qcells_mpu/setting_data/mpu_data/pv_breaker_rating"
              }
            },
            {
              "rid": "nem_integrity_mode",
              "type": "setting",
              "payload": {
                "name": "nem_integrity_mode",
                "metricPath": "qcells_mpu/setting_data/mpu_data/nem_integrity_mode"
              }
            },
            {
              "rid": "mi_monitoring_interval",
              "type": "setting",
              "payload": {
                "name": "mi_monitoring_interval",
                "metricPath": "qcells_mpu/setting_data/mpu_data/mi_monitoring_interval"
              }
            },
            {
              "rid": "dps_name",
              "type": "setting",
              "payload": {
                "name": "dps_name",
                "metricPath": "qcells_mpu/setting_data/mpu_data/dps_name"
              }
            },
            {
              "rid": "dps_id_scope",
              "type": "setting",
              "payload": {
                "name": "dps_id_scope",
                "metricPath": "qcells_mpu/setting_data/mpu_data/dps_id_scope"
              }
            },
            {
              "rid": "cellular_data_enabled",
              "type": "setting",
              "payload": {
                "name": "cellular_data_enabled",
                "metricPath": "qcells_mpu/setting_data/mpu_data/cellular_data_enabled"
              }
            },
            {
              "rid": "sep2_server_ip",
              "type": "setting",
              "payload": {
                "name": "sep2_server_ip",
                "metricPath": "qcells_mpu/setting_data/mpu_data/sep2_server_ip"
              }
            },
            {
              "rid": "sep2_server_port",
              "type": "setting",
              "payload": {
                "name": "sep2_server_port",
                "metricPath": "qcells_mpu/setting_data/mpu_data/sep2_server_port"
              }
            },
            {
              "rid": "sep2_server_url",
              "type": "setting",
              "payload": {
                "name": "sep2_server_url",
                "metricPath": "qcells_mpu/setting_data/mpu_data/sep2_server_url"
              }
            },
            {
              "rid": "sep2_device_setting",
              "type": "setting",
              "payload": {
                "name": "sep2_device_setting",
                "metricPath": "qcells_mpu/setting_data/mpu_data/sep2_device_setting"
              }
            },
            {
              "rid": "ja12_compliance_enabled",
              "type": "setting",
              "payload": {
                "name": "ja12_compliance_enabled",
                "metricPath": "qcells_mpu/setting_data/mpu_data/ja12_compliance_enabled"
              }
            },
            {
              "rid": "ja12_compliance_capacity",
              "type": "setting",
              "payload": {
                "name": "ja12_compliance_capacity",
                "metricPath": "qcells_mpu/setting_data/mpu_data/ja12_compliance_capacity"
              }
            },
            {
              "rid": "system_type",
              "type": "setting",
              "payload": {
                "name": "system_type",
                "metricPath": "qcells_mpu/setting_data/mpu_data/system_type"
              }
            },
            {
              "rid": "grid_setting_configured",
              "type": "setting",
              "payload": {
                "name": "grid_setting_configured",
                "metricPath": "qcells_mpu/setting_data/mpu_data/grid_setting_configured"
              }
            },
            {
              "rid": "work_mode_setting_configured",
              "type": "setting",
              "payload": {
                "name": "work_mode_setting_configured",
                "metricPath": "qcells_mpu/setting_data/mpu_data/work_mode_setting_configured"
              }
            },
            {
              "rid": "ESS_Voltage_Ref",
              "type": "setting",
              "payload": {
                "name": "ESS_Voltage_Ref",
                "metricPath": "qcells_mpu/setting_data/mpu_data/ESS_Voltage_Ref"
              }
            },
            {
              "rid": "simulation_mode",
              "type": "setting",
              "payload": {
                "name": "simulation_mode",
                "metricPath": "qcells_mpu/setting_data/mpu_data/simulation_mode"
              }
            },
            {
              "rid": "force_update_flag",
              "type": "setting",
              "payload": {
                "name": "force_update_flag",
                "metricPath": "qcells_mpu/setting_data/mpu_data/force_update_flag"
              }
            },
            {
              "rid": "log_level_vl",
              "type": "setting",
              "payload": {
                "name": "log_level_vl",
                "metricPath": "qcells_mpu/setting_data/mpu_data/log_level_vl"
              }
            },
            {
              "rid": "log_level_cb",
              "type": "setting",
              "payload": {
                "name": "log_level_cb",
                "metricPath": "qcells_mpu/setting_data/mpu_data/log_level_cb"
              }
            },
            {
              "rid": "ntp_enabled",
              "type": "setting",
              "payload": {
                "name": "ntp_enabled",
                "metricPath": "qcells_mpu/setting_data/mpu_data/ntp_enabled"
              }
            },
            {
              "rid": "pcs_setting_configured",
              "type": "setting",
              "payload": {
                "name": "pcs_setting_configured",
                "metricPath": "qcells_mpu/setting_data/mpu_data/pcs_setting_configured"
              }
            },
            {
              "rid": "validation_status_info",
              "type": "setting",
              "payload": {
                "name": "validation_status_info",
                "metricPath": "qcells_mpu/setting_data/mpu_data/validation_status_info"
              }
            },
            {
              "rid": "Grid_Code_ess",
              "type": "setting",
              "payload": {
                "name": "Grid_Code_ess",
                "metricPath": "qcells_mpu/setting_data/mpu_data/Grid_Code_ess"
              }
            },
            {
              "rid": "Grid_Code_mi",
              "type": "setting",
              "payload": {
                "name": "Grid_Code_mi",
                "metricPath": "qcells_mpu/setting_data/mpu_data/Grid_Code_mi"
              }
            },
            {
              "rid": "mi_count",
              "type": "setting",
              "payload": {
                "name": "mi_count",
                "metricPath": "qcells_mpu/setting_data/mpu_data/mi_count"
              }
            },
            {
              "rid": "pcs_count",
              "type": "setting",
              "payload": {
                "name": "pcs_count",
                "metricPath": "qcells_mpu/setting_data/mpu_data/pcs_count"
              }
            },
            {
              "rid": "battery_count",
              "type": "setting",
              "payload": {
                "name": "battery_count",
                "metricPath": "qcells_mpu/setting_data/mpu_data/battery_count"
              }
            },
            {
              "rid": "ja12_enabled_date",
              "type": "setting",
              "payload": {
                "name": "ja12_enabled_date",
                "metricPath": "qcells_mpu/setting_data/mpu_data/ja12_enabled_date"
              }
            },
            {
              "rid": "warranty_date",
              "type": "setting",
              "payload": {
                "name": "warranty_date",
                "metricPath": "qcells_mpu/setting_data/mpu_data/warranty_date"
              }
            },
            {
              "rid": "product_serial_number",
              "type": "info",
              "payload": {
                "name": "product_serial_number",
                "metricPath": "qcells_mpu/info_data/device_constant/product_serial_number"
              }
            },
            {
              "rid": "EMS_Plus_Serial_Number",
              "type": "info",
              "payload": {
                "name": "EMS_Plus_Serial_Number",
                "metricPath": "qcells_mpu/info_data/device_constant/EMS_Plus_Serial_Number"
              }
            },
            {
              "rid": "generator_maintenance_last_run",
              "type": "info",
              "payload": {
                "name": "generator_maintenance_last_run",
                "metricPath": "qcells_mpu/info_data/device_constant/generator_maintenance_last_run"
              }
            },
            {
              "rid": "generator_maintenance_last_failed",
              "type": "info",
              "payload": {
                "name": "generator_maintenance_last_failed",
                "metricPath": "qcells_mpu/info_data/device_constant/generator_maintenance_last_failed"
              }
            },
            {
              "rid": "generator_maintenance_biweekly_last_run",
              "type": "info",
              "payload": {
                "name": "generator_maintenance_biweekly_last_run",
                "metricPath": "qcells_mpu/info_data/device_constant/generator_maintenance_biweekly_last_run"
              }
            },
            {
              "rid": "jf2_upper_controller_state",
              "type": "info",
              "payload": {
                "name": "jf2_upper_controller_state",
                "metricPath": "qcells_mpu/info_data/device_constant/jf2_upper_controller_state"
              }
            },
            {
              "rid": "fault_history",
              "type": "info",
              "payload": {
                "name": "fault_history",
                "metricPath": "qcells_mpu/info_data/device_constant/fault_history"
              }
            },
            {
              "rid": "network_info",
              "type": "info",
              "payload": {
                "name": "network_info",
                "metricPath": "qcells_mpu/info_data/device_constant/network_info"
              }
            },
            {
              "rid": "Grid_V_Detection_Value",
              "type": "info",
              "payload": {
                "name": "Grid_V_Detection_Value",
                "metricPath": "qcells_mpu/info_data/device_constant/Grid_V_Detection_Value"
              }
            },
            {
              "rid": "mpu_version",
              "type": "info",
              "payload": {
                "name": "mpu_version",
                "metricPath": "qcells_mpu/info_data/device_version/mpu_version"
              }
            },
            {
              "rid": "bpu_version",
              "type": "info",
              "payload": {
                "name": "bpu_version",
                "metricPath": "qcells_mpu/info_data/device_version/bpu_version"
              }
            },
            {
              "rid": "hub_version",
              "type": "info",
              "payload": {
                "name": "hub_version",
                "metricPath": "qcells_mpu/info_data/device_version/hub_version"
              }
            },
            {
              "rid": "c_box_version",
              "type": "info",
              "payload": {
                "name": "c_box_version",
                "metricPath": "qcells_mpu/info_data/device_version/c_box_version"
              }
            },
            {
              "rid": "external_relay_box_version",
              "type": "info",
              "payload": {
                "name": "external_relay_box_version",
                "metricPath": "qcells_mpu/info_data/device_version/external_relay_box_version"
              }
            },
            {
              "rid": "mi_info",
              "type": "info",
              "payload": {
                "name": "mi_info",
                "metricPath": "qcells_mpu/info_data/device_version/mi_info"
              }
            },
            {
              "rid": "jf2_bms_version",
              "type": "info",
              "payload": {
                "name": "jf2_bms_version",
                "metricPath": "qcells_mpu/info_data/device_version/jf2_bms_version"
              }
            },
            {
              "rid": "jf2_rbms_version",
              "type": "info",
              "payload": {
                "name": "jf2_rbms_version",
                "metricPath": "qcells_mpu/info_data/device_version/jf2_rbms_version"
              }
            },
            {
              "rid": "pcs_sn",
              "type": "info",
              "payload": {
                "name": "pcs_sn",
                "metricPath": "qcells_mpu/info_data/device_sn/pcs_sn"
              }
            },
            {
              "rid": "battery_pack_sn",
              "type": "info",
              "payload": {
                "name": "battery_pack_sn",
                "metricPath": "qcells_mpu/info_data/device_sn/battery_pack_sn"
              }
            },
            {
              "rid": "external_relay_box_sn",
              "type": "info",
              "payload": {
                "name": "external_relay_box_sn",
                "metricPath": "qcells_mpu/info_data/device_sn/external_relay_box_sn"
              }
            },
            {
              "rid": "c_box_sn",
              "type": "info",
              "payload": {
                "name": "c_box_sn",
                "metricPath": "qcells_mpu/info_data/device_sn/c_box_sn"
              }
            },
            {
              "rid": "jf2_bpu_sn",
              "type": "info",
              "payload": {
                "name": "jf2_bpu_sn",
                "metricPath": "qcells_mpu/info_data/device_sn/jf2_bpu_sn"
              }
            },
            {
              "rid": "jf2_rbms_sn",
              "type": "info",
              "payload": {
                "name": "jf2_rbms_sn",
                "metricPath": "qcells_mpu/info_data/device_sn/jf2_rbms_sn"
              }
            },
            {
              "rid": "jf2_pack_sn",
              "type": "info",
              "payload": {
                "name": "jf2_pack_sn",
                "metricPath": "qcells_mpu/info_data/device_sn/jf2_pack_sn"
              }
            },
            {
              "rid": "MI_Auto_Detected_Status",
              "type": "info",
              "payload": {
                "name": "MI_Auto_Detected_Status",
                "metricPath": "qcells_mpu/info_data/Device_Auto_Detection_MCU/MI_Auto_Detected_Status"
              }
            },
            {
              "rid": "External_Box_Auto_Detected_Status",
              "type": "info",
              "payload": {
                "name": "External_Box_Auto_Detected_Status",
                "metricPath": "qcells_mpu/info_data/Device_Auto_Detection_MCU/External_Box_Auto_Detected_Status"
              }
            },
            {
              "rid": "Smart_Relay_Board_Detected_Status",
              "type": "info",
              "payload": {
                "name": "Smart_Relay_Board_Detected_Status",
                "metricPath": "qcells_mpu/info_data/Device_Auto_Detection_MCU/Smart_Relay_Board_Detected_Status"
              }
            },
            {
              "rid": "Rogowski_Coil_Detected_Status",
              "type": "info",
              "payload": {
                "name": "Rogowski_Coil_Detected_Status",
                "metricPath": "qcells_mpu/info_data/Device_Auto_Detection_MCU/Rogowski_Coil_Detected_Status"
              }
            },
            {
              "rid": "Qcell_MID_Detected_Status",
              "type": "info",
              "payload": {
                "name": "Qcell_MID_Detected_Status",
                "metricPath": "qcells_mpu/info_data/Device_Auto_Detection_MCU/Qcell_MID_Detected_Status"
              }
            },
            {
              "rid": "Eaton_MID_Detected_Status",
              "type": "info",
              "payload": {
                "name": "Eaton_MID_Detected_Status",
                "metricPath": "qcells_mpu/info_data/Device_Auto_Detection_MCU/Eaton_MID_Detected_Status"
              }
            },
            {
              "rid": "Grid_Voltage_Detected_Status",
              "type": "info",
              "payload": {
                "name": "Grid_Voltage_Detected_Status",
                "metricPath": "qcells_mpu/info_data/Device_Auto_Detection_MCU/Grid_Voltage_Detected_Status"
              }
            },
            {
              "rid": "SPI_Map_Version",
              "type": "info",
              "payload": {
                "name": "SPI_Map_Version",
                "metricPath": "qcells_mpu/info_data/MCU_Info/SPI_Map_Version"
              }
            },
            {
              "rid": "ST8500_PE_FW_Version",
              "type": "info",
              "payload": {
                "name": "ST8500_PE_FW_Version",
                "metricPath": "qcells_mpu/info_data/MCU_Info/ST8500_PE_FW_Version"
              }
            },
            {
              "rid": "ST8500_RTE_FW_Version",
              "type": "info",
              "payload": {
                "name": "ST8500_RTE_FW_Version",
                "metricPath": "qcells_mpu/info_data/MCU_Info/ST8500_RTE_FW_Version"
              }
            },
            {
              "rid": "MCU_Flash_All_Checksum",
              "type": "info",
              "payload": {
                "name": "MCU_Flash_All_Checksum",
                "metricPath": "qcells_mpu/info_data/MCU_Info/MCU_Flash_All_Checksum"
              }
            },
            {
              "rid": "MCU_Boot_FW_VERSION",
              "type": "info",
              "payload": {
                "name": "MCU_Boot_FW_VERSION",
                "metricPath": "qcells_mpu/info_data/MCU_Info/MCU_Boot_FW_VERSION"
              }
            },
            {
              "rid": "MCU_FW_VERSION",
              "type": "info",
              "payload": {
                "name": "MCU_FW_VERSION",
                "metricPath": "qcells_mpu/info_data/MCU_Info/MCU_FW_VERSION"
              }
            },
            {
              "rid": "DER_Type",
              "type": "info",
              "payload": {
                "name": "DER_Type",
                "metricPath": "qcells_mpu/info_data/Nameplate_Response_PCS/DER_Type"
              }
            },
            {
              "rid": "Rated_ApparentPower",
              "type": "info",
              "payload": {
                "name": "Rated_ApparentPower",
                "metricPath": "qcells_mpu/info_data/Nameplate_Response_PCS/Rated_ApparentPower"
              }
            },
            {
              "rid": "Rated_ActivePower",
              "type": "info",
              "payload": {
                "name": "Rated_ActivePower",
                "metricPath": "qcells_mpu/info_data/Nameplate_Response_PCS/Rated_ActivePower"
              }
            },
            {
              "rid": "Rated_ActivePower_OE",
              "type": "info",
              "payload": {
                "name": "Rated_ActivePower_OE",
                "metricPath": "qcells_mpu/info_data/Nameplate_Response_PCS/Rated_ActivePower_OE"
              }
            },
            {
              "rid": "Rated_ActivePower_UE",
              "type": "info",
              "payload": {
                "name": "Rated_ActivePower_UE",
                "metricPath": "qcells_mpu/info_data/Nameplate_Response_PCS/Rated_ActivePower_UE"
              }
            },
            {
              "rid": "Rated_OE_ReactivePower",
              "type": "info",
              "payload": {
                "name": "Rated_OE_ReactivePower",
                "metricPath": "qcells_mpu/info_data/Nameplate_Response_PCS/Rated_OE_ReactivePower"
              }
            },
            {
              "rid": "Rated_UE_ReactivePower",
              "type": "info",
              "payload": {
                "name": "Rated_UE_ReactivePower",
                "metricPath": "qcells_mpu/info_data/Nameplate_Response_PCS/Rated_UE_ReactivePower"
              }
            },
            {
              "rid": "Rated_OE_PowerFactor",
              "type": "info",
              "payload": {
                "name": "Rated_OE_PowerFactor",
                "metricPath": "qcells_mpu/info_data/Nameplate_Response_PCS/Rated_OE_PowerFactor"
              }
            },
            {
              "rid": "Rated_UE_PowerFactor",
              "type": "info",
              "payload": {
                "name": "Rated_UE_PowerFactor",
                "metricPath": "qcells_mpu/info_data/Nameplate_Response_PCS/Rated_UE_PowerFactor"
              }
            },
            {
              "rid": "Max_BatteryChargePower",
              "type": "info",
              "payload": {
                "name": "Max_BatteryChargePower",
                "metricPath": "qcells_mpu/info_data/Nameplate_Response_PCS/Max_BatteryChargePower"
              }
            },
            {
              "rid": "NumberOfPhases",
              "type": "info",
              "payload": {
                "name": "NumberOfPhases",
                "metricPath": "qcells_mpu/info_data/Nameplate_Response_PCS/NumberOfPhases"
              }
            },
            {
              "rid": "Max_RMSCurrent",
              "type": "info",
              "payload": {
                "name": "Max_RMSCurrent",
                "metricPath": "qcells_mpu/info_data/Nameplate_Response_PCS/Max_RMSCurrent"
              }
            },
            {
              "rid": "ChargeRateMaxVA_Rating",
              "type": "info",
              "payload": {
                "name": "ChargeRateMaxVA_Rating",
                "metricPath": "qcells_mpu/info_data/Nameplate_Response_PCS/ChargeRateMaxVA_Rating"
              }
            },
            {
              "rid": "Rated_AC_Voltage",
              "type": "info",
              "payload": {
                "name": "Rated_AC_Voltage",
                "metricPath": "qcells_mpu/info_data/Nameplate_Response_PCS/Rated_AC_Voltage"
              }
            },
            {
              "rid": "Max_Rated_AC_Voltage",
              "type": "info",
              "payload": {
                "name": "Max_Rated_AC_Voltage",
                "metricPath": "qcells_mpu/info_data/Nameplate_Response_PCS/Max_Rated_AC_Voltage"
              }
            },
            {
              "rid": "Min_Rated_AC_Voltage",
              "type": "info",
              "payload": {
                "name": "Min_Rated_AC_Voltage",
                "metricPath": "qcells_mpu/info_data/Nameplate_Response_PCS/Min_Rated_AC_Voltage"
              }
            },
            {
              "rid": "Reactive_Susceptance",
              "type": "info",
              "payload": {
                "name": "Reactive_Susceptance",
                "metricPath": "qcells_mpu/info_data/Nameplate_Response_PCS/Reactive_Susceptance"
              }
            },
            {
              "rid": "Mode_Supported",
              "type": "info",
              "payload": {
                "name": "Mode_Supported",
                "metricPath": "qcells_mpu/info_data/Nameplate_Response_PCS/Mode_Supported"
              }
            },
            {
              "rid": "Abnormal_Category",
              "type": "info",
              "payload": {
                "name": "Abnormal_Category",
                "metricPath": "qcells_mpu/info_data/Nameplate_Response_PCS/Abnormal_Category"
              }
            },
            {
              "rid": "Normal_Category",
              "type": "info",
              "payload": {
                "name": "Normal_Category",
                "metricPath": "qcells_mpu/info_data/Nameplate_Response_PCS/Normal_Category"
              }
            },
            {
              "rid": "Nameplate_Ratings_WMaxRtg",
              "type": "info",
              "payload": {
                "name": "Nameplate_Ratings_WMaxRtg",
                "metricPath": "qcells_mpu/info_data/MI_DER_Capacity/Nameplate_Ratings_WMaxRtg"
              }
            },
            {
              "rid": "Nameplate_Ratings_WOvrExtRtg",
              "type": "info",
              "payload": {
                "name": "Nameplate_Ratings_WOvrExtRtg",
                "metricPath": "qcells_mpu/info_data/MI_DER_Capacity/Nameplate_Ratings_WOvrExtRtg"
              }
            },
            {
              "rid": "Nameplate_Ratings_WOvrExtRtgPF",
              "type": "info",
              "payload": {
                "name": "Nameplate_Ratings_WOvrExtRtgPF",
                "metricPath": "qcells_mpu/info_data/MI_DER_Capacity/Nameplate_Ratings_WOvrExtRtgPF"
              }
            },
            {
              "rid": "Nameplate_Ratings_WUndExtRtg",
              "type": "info",
              "payload": {
                "name": "Nameplate_Ratings_WUndExtRtg",
                "metricPath": "qcells_mpu/info_data/MI_DER_Capacity/Nameplate_Ratings_WUndExtRtg"
              }
            },
            {
              "rid": "Nameplate_Ratings_WUndExtRtgPF",
              "type": "info",
              "payload": {
                "name": "Nameplate_Ratings_WUndExtRtgPF",
                "metricPath": "qcells_mpu/info_data/MI_DER_Capacity/Nameplate_Ratings_WUndExtRtgPF"
              }
            },
            {
              "rid": "Nameplate_Ratings_VAMaxRtg",
              "type": "info",
              "payload": {
                "name": "Nameplate_Ratings_VAMaxRtg",
                "metricPath": "qcells_mpu/info_data/MI_DER_Capacity/Nameplate_Ratings_VAMaxRtg"
              }
            },
            {
              "rid": "Nameplate_Ratings_VarMaxInjRtg",
              "type": "info",
              "payload": {
                "name": "Nameplate_Ratings_VarMaxInjRtg",
                "metricPath": "qcells_mpu/info_data/MI_DER_Capacity/Nameplate_Ratings_VarMaxInjRtg"
              }
            },
            {
              "rid": "Nameplate_Ratings_VarMaxAbsRtg",
              "type": "info",
              "payload": {
                "name": "Nameplate_Ratings_VarMaxAbsRtg",
                "metricPath": "qcells_mpu/info_data/MI_DER_Capacity/Nameplate_Ratings_VarMaxAbsRtg"
              }
            },
            {
              "rid": "Nameplate_Ratings_VNomRtg",
              "type": "info",
              "payload": {
                "name": "Nameplate_Ratings_VNomRtg",
                "metricPath": "qcells_mpu/info_data/MI_DER_Capacity/Nameplate_Ratings_VNomRtg"
              }
            },
            {
              "rid": "Nameplate_Ratings_VMaxRtg",
              "type": "info",
              "payload": {
                "name": "Nameplate_Ratings_VMaxRtg",
                "metricPath": "qcells_mpu/info_data/MI_DER_Capacity/Nameplate_Ratings_VMaxRtg"
              }
            },
            {
              "rid": "Nameplate_Ratings_VMinRtg",
              "type": "info",
              "payload": {
                "name": "Nameplate_Ratings_VMinRtg",
                "metricPath": "qcells_mpu/info_data/MI_DER_Capacity/Nameplate_Ratings_VMinRtg"
              }
            },
            {
              "rid": "Nameplate_Ratings_AMaxRtg",
              "type": "info",
              "payload": {
                "name": "Nameplate_Ratings_AMaxRtg",
                "metricPath": "qcells_mpu/info_data/MI_DER_Capacity/Nameplate_Ratings_AMaxRtg"
              }
            },
            {
              "rid": "NorOpCatRtg",
              "type": "info",
              "payload": {
                "name": "NorOpCatRtg",
                "metricPath": "qcells_mpu/info_data/MI_DER_Capacity/NorOpCatRtg"
              }
            },
            {
              "rid": "AbnOpCatRtg",
              "type": "info",
              "payload": {
                "name": "AbnOpCatRtg",
                "metricPath": "qcells_mpu/info_data/MI_DER_Capacity/AbnOpCatRtg"
              }
            },
            {
              "rid": "CtrlModes",
              "type": "info",
              "payload": {
                "name": "CtrlModes",
                "metricPath": "qcells_mpu/info_data/MI_DER_Capacity/CtrlModes"
              }
            },
            {
              "rid": "IntIslandCatRtg",
              "type": "info",
              "payload": {
                "name": "IntIslandCatRtg",
                "metricPath": "qcells_mpu/info_data/MI_DER_Capacity/IntIslandCatRtg"
              }
            },
            {
              "rid": "rebootHub",
              "type": "control",
              "payload": {
                "name": "rebootHub",
                "metricPath": "qcells_mpu/control_data/control_data/rebootHub"
              }
            },
            {
              "rid": "getSystemStatus",
              "type": "control",
              "payload": {
                "name": "getSystemStatus",
                "metricPath": "qcells_mpu/control_data/control_data/getSystemStatus"
              }
            },
            {
              "rid": "releasePcs1Protection",
              "type": "control",
              "payload": {
                "name": "releasePcs1Protection",
                "metricPath": "qcells_mpu/control_data/control_data/releasePcs1Protection"
              }
            },
            {
              "rid": "releasePcs2Protection",
              "type": "control",
              "payload": {
                "name": "releasePcs2Protection",
                "metricPath": "qcells_mpu/control_data/control_data/releasePcs2Protection"
              }
            },
            {
              "rid": "releaseHubProtection",
              "type": "control",
              "payload": {
                "name": "releaseHubProtection",
                "metricPath": "qcells_mpu/control_data/control_data/releaseHubProtection"
              }
            },
            {
              "rid": "releaseMiFault",
              "type": "control",
              "payload": {
                "name": "releaseMiFault",
                "metricPath": "qcells_mpu/control_data/control_data/releaseMiFault"
              }
            },
            {
              "rid": "stormCover",
              "type": "control",
              "payload": {
                "name": "stormCover",
                "metricPath": "qcells_mpu/control_data/control_data/stormCover"
              }
            },
            {
              "rid": "vpp",
              "type": "control",
              "payload": {
                "name": "vpp",
                "metricPath": "qcells_mpu/control_data/control_data/vpp"
              }
            },
            {
              "rid": "tou",
              "type": "control",
              "payload": {
                "name": "tou",
                "metricPath": "qcells_mpu/control_data/control_data/tou"
              }
            },
            {
              "rid": "PCS_HW_MainBoard_Ver",
              "type": "info",
              "payload": {
                "name": "PCS_HW_MainBoard_Ver",
                "metricPath": "qcells_mpu/info_data/cloud_additional_info/PCS_HW_MainBoard_Ver"
              }
            },
            {
              "rid": "Nameplate_energy",
              "type": "info",
              "payload": {
                "name": "Nameplate_energy",
                "metricPath": "qcells_mpu/info_data/cloud_additional_info/Nameplate_energy"
              }
            },
            {
              "rid": "Cell_Name",
              "type": "info",
              "payload": {
                "name": "Cell_Name",
                "metricPath": "qcells_mpu/info_data/cloud_additional_info/Cell_Name"
              }
            },
            {
              "rid": "My_PLC_Network_ID",
              "type": "info",
              "payload": {
                "name": "My_PLC_Network_ID",
                "metricPath": "qcells_mpu/info_data/cloud_additional_info/My_PLC_Network_ID"
              }
            },
            {
              "rid": "releasePmuFault",
              "type": "control",
              "payload": {
                "name": "releasePmuFault",
                "metricPath": "qcells_mpu/control_data/control_data/releasePmuFault"
              }
            },
            {
              "rid": "releaseBpuFault",
              "type": "control",
              "payload": {
                "name": "releaseBpuFault",
                "metricPath": "qcells_mpu/control_data/control_data/releaseBpuFault"
              }
            },
            {
              "rid": "storm_cover_flag",
              "type": "setting",
              "payload": {
                "name": "storm_cover_flag",
                "metricPath": "qcells_mpu/setting_data/mpu_data/storm_cover_flag"
              }
            },
            {
              "rid": "storm_cover_charge_type",
              "type": "setting",
              "payload": {
                "name": "storm_cover_charge_type",
                "metricPath": "qcells_mpu/setting_data/mpu_data/storm_cover_charge_type"
              }
            },
            {
              "rid": "EMS_Energy_Policy",
              "type": "setting",
              "payload": {
                "name": "EMS_Energy_Policy",
                "metricPath": "qcells_mpu/setting_data/mpu_energy_setting/EMS_Energy_Policy"
              }
            },
            {
              "rid": "Feed_In_Limit_Flag",
              "type": "setting",
              "payload": {
                "name": "Feed_In_Limit_Flag",
                "metricPath": "qcells_mpu/setting_data/mpu_energy_setting/Feed_In_Limit_Flag"
              }
            },
            {
              "rid": "Grid_Load_Backup_Priority_Mode",
              "type": "setting",
              "payload": {
                "name": "Grid_Load_Backup_Priority_Mode",
                "metricPath": "qcells_mpu/setting_data/mpu_energy_setting/Grid_Load_Backup_Priority_Mode"
              }
            },
            {
              "rid": "Feeder_Ex_P_Limit",
              "type": "setting",
              "payload": {
                "name": "Feeder_Ex_P_Limit",
                "metricPath": "qcells_mpu/setting_data/mpu_energy_setting/Feeder_Ex_P_Limit"
              }
            },
            {
              "rid": "Feeder_Im_P_Limit",
              "type": "setting",
              "payload": {
                "name": "Feeder_Im_P_Limit",
                "metricPath": "qcells_mpu/setting_data/mpu_energy_setting/Feeder_Im_P_Limit"
              }
            },
            {
              "rid": "Grid_Ex_P_Limit",
              "type": "setting",
              "payload": {
                "name": "Grid_Ex_P_Limit",
                "metricPath": "qcells_mpu/setting_data/mpu_energy_setting/Grid_Ex_P_Limit"
              }
            },
            {
              "rid": "Grid_Im_P_Limit",
              "type": "setting",
              "payload": {
                "name": "Grid_Im_P_Limit",
                "metricPath": "qcells_mpu/setting_data/mpu_energy_setting/Grid_Im_P_Limit"
              }
            },
            {
              "rid": "Tot_ESS_to_Grid_Ex_P_Limit",
              "type": "setting",
              "payload": {
                "name": "Tot_ESS_to_Grid_Ex_P_Limit",
                "metricPath": "qcells_mpu/setting_data/mpu_energy_setting/Tot_ESS_to_Grid_Ex_P_Limit"
              }
            },
            {
              "rid": "Tot_ESS_to_Grid_Im_P_Limit",
              "type": "setting",
              "payload": {
                "name": "Tot_ESS_to_Grid_Im_P_Limit",
                "metricPath": "qcells_mpu/setting_data/mpu_energy_setting/Tot_ESS_to_Grid_Im_P_Limit"
              }
            },
            {
              "rid": "Tot_ESS_Ex_P_Limit",
              "type": "setting",
              "payload": {
                "name": "Tot_ESS_Ex_P_Limit",
                "metricPath": "qcells_mpu/setting_data/mpu_energy_setting/Tot_ESS_Ex_P_Limit"
              }
            },
            {
              "rid": "Tot_ESS_Im_P_Limit",
              "type": "setting",
              "payload": {
                "name": "Tot_ESS_Im_P_Limit",
                "metricPath": "qcells_mpu/setting_data/mpu_energy_setting/Tot_ESS_Im_P_Limit"
              }
            },
            {
              "rid": "Battery1_Charge_Limit",
              "type": "setting",
              "payload": {
                "name": "Battery1_Charge_Limit",
                "metricPath": "qcells_mpu/setting_data/mpu_energy_setting/Battery1_Charge_Limit"
              }
            },
            {
              "rid": "Battery2_Charge_Limit",
              "type": "setting",
              "payload": {
                "name": "Battery2_Charge_Limit",
                "metricPath": "qcells_mpu/setting_data/mpu_energy_setting/Battery2_Charge_Limit"
              }
            },
            {
              "rid": "Battery3_Charge_Limit",
              "type": "setting",
              "payload": {
                "name": "Battery3_Charge_Limit",
                "metricPath": "qcells_mpu/setting_data/mpu_energy_setting/Battery3_Charge_Limit"
              }
            },
            {
              "rid": "Battery4_Charge_Limit",
              "type": "setting",
              "payload": {
                "name": "Battery4_Charge_Limit",
                "metricPath": "qcells_mpu/setting_data/mpu_energy_setting/Battery4_Charge_Limit"
              }
            },
            {
              "rid": "Battery1_Discharge_Limit",
              "type": "setting",
              "payload": {
                "name": "Battery1_Discharge_Limit",
                "metricPath": "qcells_mpu/setting_data/mpu_energy_setting/Battery1_Discharge_Limit"
              }
            },
            {
              "rid": "Battery2_Discharge_Limit",
              "type": "setting",
              "payload": {
                "name": "Battery2_Discharge_Limit",
                "metricPath": "qcells_mpu/setting_data/mpu_energy_setting/Battery2_Discharge_Limit"
              }
            },
            {
              "rid": "Battery3_Discharge_Limit",
              "type": "setting",
              "payload": {
                "name": "Battery3_Discharge_Limit",
                "metricPath": "qcells_mpu/setting_data/mpu_energy_setting/Battery3_Discharge_Limit"
              }
            },
            {
              "rid": "Battery4_Discharge_Limit",
              "type": "setting",
              "payload": {
                "name": "Battery4_Discharge_Limit",
                "metricPath": "qcells_mpu/setting_data/mpu_energy_setting/Battery4_Discharge_Limit"
              }
            },
            {
              "rid": "Battery_Installation_Status",
              "type": "setting",
              "payload": {
                "name": "Battery_Installation_Status",
                "metricPath": "qcells_mpu/setting_data/mpu_energy_setting/Battery_Installation_Status"
              }
            },
            {
              "rid": "Pre_PTO_Mode",
              "type": "setting",
              "payload": {
                "name": "Pre_PTO_Mode",
                "metricPath": "qcells_mpu/setting_data/mpu_energy_setting/Pre_PTO_Mode"
              }
            },
            {
              "rid": "energy_tou_schedules",
              "type": "setting",
              "payload": {
                "name": "energy_tou_schedules",
                "metricPath": "qcells_mpu/setting_data/mpu_energy_setting/energy_tou_schedules"
              }
            },
            {
              "rid": "energy_vpp_schedules",
              "type": "setting",
              "payload": {
                "name": "energy_vpp_schedules",
                "metricPath": "qcells_mpu/setting_data/mpu_energy_setting/energy_vpp_schedules"
              }
            },
            {
              "rid": "energy_storm_cover_schedules",
              "type": "setting",
              "payload": {
                "name": "energy_storm_cover_schedules",
                "metricPath": "qcells_mpu/setting_data/mpu_energy_setting/energy_storm_cover_schedules"
              }
            },
            {
              "rid": "ESS_Operating_Mode",
              "type": "setting",
              "payload": {
                "name": "ESS_Operating_Mode",
                "metricPath": "qcells_mpu/setting_data/mpu_energy_setting/ESS_Operating_Mode"
              }
            },
            {
              "rid": "ja12_override_timer_start",
              "type": "info",
              "payload": {
                "name": "ja12_override_timer_start",
                "metricPath": "qcells_mpu/info_data/device_constant/ja12_override_timer_start"
              }
            },
            {
              "rid": "default_tou_operation",
              "type": "setting",
              "payload": {
                "name": "default_tou_operation",
                "metricPath": "qcells_mpu/setting_data/mpu_energy_setting/default_tou_operation"
              }
            },
            {
              "rid": "factory_reset",
              "type": "info",
              "payload": {
                "name": "factory_reset",
                "metricPath": "qcells_mpu/info_data/device_constant/factory_reset"
              }
            },
            {
              "rid": "pcs_version",
              "type": "info",
              "payload": {
                "name": "pcs_version",
                "metricPath": "qcells_mpu/info_data/device_version/pcs_version"
              }
            },
            {
              "rid": "gen_maintenance_mode_duration",
              "type": "setting",
              "payload": {
                "name": "gen_maintenance_mode_duration",
                "metricPath": "qcells_mpu/setting_data/mpu_data/gen_maintenance_mode_duration"
              }
            }
          ],
          "connectionInfos":
          [
            {
              "targetDeviceRid": "5920259c-e6ff-4d31-9f9b-5a5c663548dd",
              "protocols": [
                {
                  "rid": "bdeaca72-cffd-45ec-9d1b-bdab714c3673",
                  "protocol": "QcellsSPI",
                  "config": {
                    "interface": "/dev/spidev2.0"
                  },
                  "timeoutMs": 0,
                  "registerMapId": "qcells_mcu"
                },
                {
                  "rid": "d084d68a-5204-4617-92f6-6c95a7d7278f",
                  "protocol": "CAN",
                  "config": {
                    "canProtocol": "CANOpen",
                    "interface": "can0",
                    "baudRate": 500000,
                    "canNodeId": "1"
                  },
                  "timeoutMs": 1000,
                  "registerMapId": "qcells_ess_g4"
                }
              ]
            }
          ]
        },
        {
          "rid": "5920259c-e6ff-4d31-9f9b-5a5c663548dd",
          "description": "TPO optimized ESS G4-T",
          "serialNum": "342710176016A01001",
          "manufacturer": "Qcells",
          "model": "TPO_Optimized_ESS_G4_T",
          "deviceType": "Battery",
          "deviceSubType": "IncludeCombiner",
          "deviceMetricList":
          [
            {
              "rid": "battery_701_W",
              "name": "battery_701_W",
              "readingType":
              {
                "qualifier": "Avg",
                "accumulationType": "Instantaneous",
                "tenMultiplier": -2,
                "telemetryPeriod": 60,
                "flowDirectionType": "NA"
              },
              "metricPath": "qcells_ess_g4/read/P01_1s_Monitoring_Data_02/BDC_Power_1s",
              "extendedTelemetry": false
            },
            {
              "rid": "battery_701_A",
              "name": "battery_701_A",
              "readingType":
              {
                "qualifier": "Avg",
                "accumulationType": "Instantaneous",
                "tenMultiplier": -2,
                "telemetryPeriod": 60,
                "flowDirectionType": "NA"
              },
              "metricPath": "qcells_ess_g4/read/P01_1s_Monitoring_Data_03/Total_Rack_Current",
              "extendedTelemetry": false
            },
            {
              "rid": "battery_701_DailyWhInj",
              "name": "battery_701_DailyWhInj",
              "readingType":
              {
                "qualifier": "NA",
                "accumulationType": "DailyCumulative",
                "tenMultiplier": -2,
                "telemetryPeriod": 60,
                "flowDirectionType": "Positive"
              },
              "metricPath": "qcells_ess_g4/read/P01_1s_Monitoring_Data_02/BDC_Power_1s",
              "extendedTelemetry": false
            },
            {
              "rid": "battery_701_IncWhInj",
              "name": "battery_701_IncWhInj",
              "readingType":
              {
                "qualifier": "NA",
                "accumulationType": "DeltaData",
                "tenMultiplier": -2,
                "telemetryPeriod": 60,
                "flowDirectionType": "Positive"
              },
              "metricPath": "qcells_ess_g4/read/P01_1s_Monitoring_Data_02/BDC_Power_1s",
              "extendedTelemetry": false
            },
            {
              "rid": "battery_701_DailyWhAbs",
              "name": "battery_701_DailyWhAbs",
              "readingType":
              {
                "qualifier": "NA",
                "accumulationType": "DailyCumulative",
                "tenMultiplier": -2,
                "telemetryPeriod": 60,
                "flowDirectionType": "Negative"
              },
              "metricPath": "qcells_ess_g4/read/P01_1s_Monitoring_Data_02/BDC_Power_1s",
              "extendedTelemetry": false
            },
            {
              "rid": "battery_701_IncWhAbs",
              "name": "battery_701_IncWhAbs",
              "readingType":
              {
                "qualifier": "NA",
                "accumulationType": "DeltaData",
                "tenMultiplier": -2,
                "telemetryPeriod": 60,
                "flowDirectionType": "Negative"
              },
              "metricPath": "qcells_ess_g4/read/P01_1s_Monitoring_Data_02/BDC_Power_1s",
              "extendedTelemetry": false
            },
            {
              "rid": "battery_713_SoC",
              "name": "battery_713_SoC",
              "readingType":
              {
                "qualifier": "Avg",
                "accumulationType": "Instantaneous",
                "tenMultiplier": -2,
                "telemetryPeriod": 60,
                "flowDirectionType": "NA"
              },
              "calculation": ["qcells_ess_g4/read/P01_B01_JF2_Normal_Back_BMS_03/User_SOC",
                              "qcells_ess_g4/read/P01_B02_JF2_Normal_Back_BMS_03/User_SOC", "+", "2", "/"],
              "extendedTelemetry": false
            },
            {
              "rid": "battery_713_SoH",
              "name": "battery_713_SoH",
              "readingType":
              {
                "qualifier": "Avg",
                "accumulationType": "Instantaneous",
                "tenMultiplier": -2,
                "telemetryPeriod": 60,
                "flowDirectionType": "NA"
              },
              "calculation": ["qcells_ess_g4/read/P01_B01_JF2_Normal_Back_BMS_03/SOH",
                              "qcells_ess_g4/read/P01_B02_JF2_Normal_Back_BMS_03/SOH", "+", "2", "/"],
              "extendedTelemetry": false
            },
            {
              "rid": "battery_714_DCW",
              "name": "battery_714_DCW",
              "readingType":
              {
                "qualifier": "Avg",
                "accumulationType": "Instantaneous",
                "tenMultiplier": -2,
                "telemetryPeriod": 60,
                "flowDirectionType": "NA"
              },
              "metricPath": "qcells_ess_g4/read/P01_1s_Monitoring_Data_02/BDC_Power_1s",
              "extendedTelemetry": false
            },
            {
              "rid": "battery_714_DailyDCWhInj",
              "name": "battery_714_DailyDCWhInj",
              "readingType":
              {
                "qualifier": "Avg",
                "accumulationType": "DailyCumulative",
                "tenMultiplier": -2,
                "telemetryPeriod": 60,
                "flowDirectionType": "Positive"
              },
              "metricPath": "qcells_ess_g4/read/P01_1s_Monitoring_Data_02/BDC_Power_1s",
              "extendedTelemetry": false
            },
            {
              "rid": "battery_714_DailyDCWhAbs",
              "name": "battery_714_DailyDCWhAbs",
              "readingType":
              {
                "qualifier": "Avg",
                "accumulationType": "DailyCumulative",
                "tenMultiplier": -2,
                "telemetryPeriod": 60,
                "flowDirectionType": "Negative"
              },
              "metricPath": "qcells_ess_g4/read/P01_1s_Monitoring_Data_02/BDC_Power_1s",
              "extendedTelemetry": false
            },
            {
              "rid": "pv_701_W",
              "name": "pv_701_W",
              "readingType":
              {
                "qualifier": "Avg",
                "accumulationType": "Instantaneous",
                "tenMultiplier": -2,
                "telemetryPeriod": 60,
                "flowDirectionType": "NA"
              },
              "metricPath": "qcells_mcu/read/PMU_Monitoring_Data_01/MI_Active_Power",
              "extendedTelemetry": false
            },
            {
              "rid": "pv_701_A",
              "name": "pv_701_A",
              "readingType":
              {
                "qualifier": "Avg",
                "accumulationType": "Instantaneous",
                "tenMultiplier": -2,
                "telemetryPeriod": 60,
                "flowDirectionType": "NA"
              },
              "metricPath": "qcells_mcu/read/PMU_Monitoring_Data_02/MI_L1_I",
              "extendedTelemetry": false
            },
            {
              "rid": "pv_701_LLV",
              "name": "pv_701_LLV",
              "readingType":
              {
                "qualifier": "Avg",
                "accumulationType": "Instantaneous",
                "tenMultiplier": -2,
                "telemetryPeriod": 60,
                "flowDirectionType": "NA"
              },
              "metricPath": "qcells_mcu/read/PMU_Monitoring_Data_02/MI_LL_V",
              "extendedTelemetry": false
            },
            {
              "rid": "pv_701_Hz",
              "name": "pv_701_Hz",
              "readingType":
              {
                "qualifier": "Avg",
                "accumulationType": "Instantaneous",
                "tenMultiplier": -2,
                "telemetryPeriod": 60,
                "flowDirectionType": "NA"
              },
              "metricPath": "qcells_mcu/read/PMU_Monitoring_Data_01/AC_Bus_Freq",
              "extendedTelemetry": false
            },
            {
              "rid": "pv_701_DailyWhAbs",
              "name": "pv_701_DailyWhAbs",
              "readingType":
              {
                "qualifier": "NA",
                "accumulationType": "DailyCumulative",
                "tenMultiplier": -2,
                "telemetryPeriod": 60,
                "flowDirectionType": "NA"
              },
              "metricPath": "qcells_mcu/read/PMU_Monitoring_Data_01/MI_Active_Power",
              "extendedTelemetry": false
            },
            {
              "rid": "pv_701_IncWhAbs",
              "name": "pv_701_IncWhAbs",
              "readingType":
              {
                "qualifier": "NA",
                "accumulationType": "DeltaData",
                "tenMultiplier": -2,
                "telemetryPeriod": 60,
                "flowDirectionType": "NA"
              },
              "metricPath": "qcells_mcu/read/PMU_Monitoring_Data_01/MI_Active_Power",
              "extendedTelemetry": false
            },
            {
              "rid": "extpv_701_W",
              "name": "extpv_701_W",
              "readingType":
              {
                "qualifier": "Avg",
                "accumulationType": "Instantaneous",
                "tenMultiplier": -2,
                "telemetryPeriod": 60,
                "flowDirectionType": "NA"
              },
              "metricPath": "qcells_mcu/read/PMU_Monitoring_Data_01/Ext_PV_Active_Power",
              "extendedTelemetry": false
            },
            {
              "rid": "extpv_701_DailyWhAbs",
              "name": "extpv_701_DailyWhAbs",
              "readingType":
              {
                "qualifier": "NA",
                "accumulationType": "DailyCumulative",
                "tenMultiplier": -2,
                "telemetryPeriod": 60,
                "flowDirectionType": "NA"
              },
              "metricPath": "qcells_mcu/read/PMU_Monitoring_Data_01/Ext_PV_Active_Power",
              "extendedTelemetry": false
            },
            {
              "rid": "extpv_701_IncWhAbs",
              "name": "extpv_701_IncWhAbs",
              "readingType":
              {
                "qualifier": "NA",
                "accumulationType": "DeltaData",
                "tenMultiplier": -2,
                "telemetryPeriod": 60,
                "flowDirectionType": "NA"
              },
              "metricPath": "qcells_mcu/read/PMU_Monitoring_Data_01/Ext_PV_Active_Power",
              "extendedTelemetry": false
            }
          ],
          "devicePointList": []
        },
        {
          "rid": "2329b47f-4409-4ee9-ab28-97ba1e303602",
          "description": "Built-in Battery in ESS G4-T",
          "serialNum": "342430513126A02010",
          "manufacturer": "LG",
          "model": "Battery_ESS_G4_T",
          "deviceType": "BatteryPack",
          "devicePointList": [],
          "relationList":
          [
            {
              "type": "parents",
              "targetList": [
                "5920259c-e6ff-4d31-9f9b-5a5c663548dd"
              ]
            }
          ]
        },
        {
          "rid": "32b07020-bae3-4b44-8822-069e8303a350",
          "description": "Expansion Battery in ESS G4-T",
          "serialNum": "342440513126A02020",
          "manufacturer": "Qcells",
          "model": "Battery_ESS_G4_T",
          "deviceType": "BatteryPack",
          "devicePointList": [],
          "relationList":
          [
            {
              "type": "parents",
              "targetList": [
                "5920259c-e6ff-4d31-9f9b-5a5c663548dd"
              ]
            }
          ]
        },
        {
          "rid": "1c6c8562-955e-4bd1-bb4e-1656ca2317a5",
          "description": "MI",
          "serialNum": "2M114IF30056",
          "manufacturer": "Qcells",
          "model": "MI",
          "deviceType": "MicroInverter",
          "deviceMetricList":
          [
            {
              "rid": "pv_701_W",
              "name": "pv_701_W",
              "readingType":
              {
                "qualifier": "Avg",
                "accumulationType": "Instantaneous",
                "tenMultiplier": 0,
                "telemetryPeriod": 900,
                "flowDirectionType": "NA"
              },
              "metricPath": "qcells_mcu/onDemandRead/M000_MI_Monitoring_Data_00/watt",
              "extendedTelemetry": false
            },
            {
              "rid": "pv_701_TmpOt",
              "name": "pv_701_TmpOt",
              "readingType":
              {
                "qualifier": "Avg",
                "accumulationType": "Instantaneous",
                "tenMultiplier": 0,
                "telemetryPeriod": 900,
                "flowDirectionType": "NA"
              },
              "metricPath": "qcells_mcu/onDemandRead/M000_MI_Monitoring_Data_00/temperature",
              "extendedTelemetry": false
            },
            {
              "rid": "pv_701_Hz",
              "name": "pv_701_Hz",
              "readingType":
              {
                "qualifier": "Avg",
                "accumulationType": "Instantaneous",
                "tenMultiplier": 0,
                "telemetryPeriod": 900,
                "flowDirectionType": "NA"
              },
              "metricPath": "qcells_mcu/onDemandRead/M000_MI_Monitoring_Data_00/grid_frequency",
              "extendedTelemetry": false
            },
            {
              "rid": "pv_701_LLV",
              "name": "pv_701_LLV",
              "readingType":
              {
                "qualifier": "Avg",
                "accumulationType": "Instantaneous",
                "tenMultiplier": 0,
                "telemetryPeriod": 900,
                "flowDirectionType": "NA"
              },
              "metricPath": "qcells_mcu/onDemandRead/M000_MI_Monitoring_Data_00/vac_rms",
              "extendedTelemetry": false
            },
            {
              "rid": "pv_714_DCA",
              "name": "pv_714_DCA",
              "readingType":
              {
                "qualifier": "Avg",
                "accumulationType": "Instantaneous",
                "tenMultiplier": 0,
                "telemetryPeriod": 900,
                "flowDirectionType": "NA"
              },
              "metricPath": "qcells_mcu/onDemandRead/M000_MI_Monitoring_Data_00/ipv",
              "extendedTelemetry": false
            },
            {
              "rid": "pv_701_DailyWhAbs",
              "name": "pv_701_DailyWhAbs",
              "readingType":
              {
                "uom": "Wh",
                "qualifier": "NA",
                "accumulationType": "DailyCumulative",
                "tenMultiplier": 0,
                "telemetryPeriod": 900,
                "flowDirectionType": "NA"
              },
              "calculation": ["qcells_mcu/onDemandRead/M000_MI_Monitoring_Data_00/watt_min", "60.0", "/"],
              "extendedTelemetry": false
            },
            {
              "rid": "pv_701_IncWhAbs",
              "name": "pv_701_IncWhAbs",
              "readingType":
              {
                "uom": "Wh",
                "qualifier": "NA",
                "accumulationType": "DeltaData",
                "tenMultiplier": 0,
                "telemetryPeriod": 900,
                "flowDirectionType": "NA"
              },
              "calculation": ["qcells_mcu/onDemandRead/M000_MI_Monitoring_Data_00/watt_min", "60.0", "/"],
              "extendedTelemetry": false
            }
          ],
          "devicePointList": [],
          "relationList":
          [
            {
              "type": "parents",
              "targetList": [
                "5920259c-e6ff-4d31-9f9b-5a5c663548dd"
              ]
            }
          ]
        },
        {
          "rid": "ba49edcc-76fc-45d6-b68b-269eb3a4b41e",
          "description": "MI",
          "serialNum": "2M114H511315",
          "manufacturer": "Qcells",
          "model": "MI",
          "deviceType": "MicroInverter",
          "deviceMetricList":
          [
            {
              "rid": "pv_701_W",
              "name": "pv_701_W",
              "readingType":
              {
                "qualifier": "Avg",
                "accumulationType": "Instantaneous",
                "tenMultiplier": 0,
                "telemetryPeriod": 900,
                "flowDirectionType": "NA"
              },
              "metricPath": "qcells_mcu/onDemandRead/M001_MI_Monitoring_Data_00/watt",
              "extendedTelemetry": false
            },
            {
              "rid": "pv_701_TmpOt",
              "name": "pv_701_TmpOt",
              "readingType":
              {
                "qualifier": "Avg",
                "accumulationType": "Instantaneous",
                "tenMultiplier": 0,
                "telemetryPeriod": 900,
                "flowDirectionType": "NA"
              },
              "metricPath": "qcells_mcu/onDemandRead/M001_MI_Monitoring_Data_00/temperature",
              "extendedTelemetry": false
            },
            {
              "rid": "pv_701_Hz",
              "name": "pv_701_Hz",
              "readingType":
              {
                "qualifier": "Avg",
                "accumulationType": "Instantaneous",
                "tenMultiplier": 0,
                "telemetryPeriod": 900,
                "flowDirectionType": "NA"
              },
              "metricPath": "qcells_mcu/onDemandRead/M001_MI_Monitoring_Data_00/grid_frequency",
              "extendedTelemetry": false
            },
            {
              "rid": "pv_701_LLV",
              "name": "pv_701_LLV",
              "readingType":
              {
                "qualifier": "Avg",
                "accumulationType": "Instantaneous",
                "tenMultiplier": 0,
                "telemetryPeriod": 900,
                "flowDirectionType": "NA"
              },
              "metricPath": "qcells_mcu/onDemandRead/M001_MI_Monitoring_Data_00/vac_rms",
              "extendedTelemetry": false
            },
            {
              "rid": "pv_714_DCA",
              "name": "pv_714_DCA",
              "readingType":
              {
                "qualifier": "Avg",
                "accumulationType": "Instantaneous",
                "tenMultiplier": 0,
                "telemetryPeriod": 900,
                "flowDirectionType": "NA"
              },
              "metricPath": "qcells_mcu/onDemandRead/M001_MI_Monitoring_Data_00/ipv",
              "extendedTelemetry": false
            },
            {
              "rid": "pv_701_DailyWhAbs",
              "name": "pv_701_DailyWhAbs",
              "readingType":
              {
                "uom": "Wh",
                "qualifier": "NA",
                "accumulationType": "DailyCumulative",
                "tenMultiplier": 0,
                "telemetryPeriod": 900,
                "flowDirectionType": "NA"
              },
              "calculation": ["qcells_mcu/onDemandRead/M001_MI_Monitoring_Data_00/watt_min", "60.0", "/"],
              "extendedTelemetry": false
            },
            {
              "rid": "pv_701_IncWhAbs",
              "name": "pv_701_IncWhAbs",
              "readingType":
              {
                "uom": "Wh",
                "qualifier": "NA",
                "accumulationType": "DeltaData",
                "tenMultiplier": 0,
                "telemetryPeriod": 900,
                "flowDirectionType": "NA"
              },
              "calculation": ["qcells_mcu/onDemandRead/M001_MI_Monitoring_Data_00/watt_min", "60.0", "/"],
              "extendedTelemetry": false
            }
          ],
          "devicePointList": [],
          "relationList":
          [
            {
              "type": "parents",
              "targetList": [
                "5920259c-e6ff-4d31-9f9b-5a5c663548dd"
              ]
            }
          ]
        }
      ]
    }    exit_code:0
  $ cat /tmp/em_metrics_17237.json
    [{"rid":"pv_200_W","metricPath":null,"telemetryPeriod":60,"qualifier":"Avg","tenMultiplier":-2,"accumulationType":"","flowDirectionType":"NA"},{"rid":"pv_200_DailyWhExp","metricPath":null,"telemetryPeriod":60,"qualifier":"NA","tenMultiplier":-2,"accumulationType":"","flowDirectionType":"NA"},{"rid":"pv_200_IncWhExp","metricPath":null,"telemetryPeriod":60,"qualifier":"NA","tenMultiplier":-2,"accumulationType":"","flowDirectionType":"NA"},{"rid":"load_200_W","metricPath":"qcells_mcu/read/PMU_Monitoring_Data_01/Tot_Load_Active_Power","telemetryPeriod":60,"qualifier":"Avg","tenMultiplier":-2,"accumulationType":"","flowDirectionType":"Positive"},{"rid":"load_200_DailyWhImp","metricPath":"qcells_mcu/read/PMU_Monitoring_Data_01/Tot_Load_Active_Power","telemetryPeriod":60,"qualifier":"NA","tenMultiplier":-2,"accumulationType":"","flowDirectionType":"Positive"},{"rid":"load_200_IncWhImp","metricPath":"qcells_mcu/read/PMU_Monitoring_Data_01/Tot_Load_Active_Power","telemetryPeriod":60,"qualifier":"NA","tenMultiplier":-2,"accumulationType":"","flowDirectionType":"Positive"},{"rid":"grid_200_W","metricPath":"qcells_mcu/read/PMU_Monitoring_Data_01/Grid_Active_Power","telemetryPeriod":60,"qualifier":"Avg","tenMultiplier":-2,"accumulationType":"","flowDirectionType":"NA"},{"rid":"grid_200_DailyWhImp","metricPath":"qcells_mcu/read/PMU_Monitoring_Data_01/Grid_Active_Power","telemetryPeriod":60,"qualifier":"NA","tenMultiplier":-2,"accumulationType":"","flowDirectionType":"Positive"},{"rid":"grid_200_IncWhImp","metricPath":"qcells_mcu/read/PMU_Monitoring_Data_01/Grid_Active_Power","telemetryPeriod":60,"qualifier":"NA","tenMultiplier":-2,"accumulationType":"","flowDirectionType":"Positive"},{"rid":"grid_200_DailyWhExp","metricPath":"qcells_mcu/read/PMU_Monitoring_Data_01/Grid_Active_Power","telemetryPeriod":60,"qualifier":"NA","tenMultiplier":-2,"accumulationType":"","flowDirectionType":"Negative"},{"rid":"grid_200_IncWhExp","metricPath":"qcells_mcu/read/PMU_Monitoring_Data_01/Grid_Active_Power","telemetryPeriod":60,"qualifier":"NA","tenMultiplier":-2,"accumulationType":"","flowDirectionType":"Negative"},{"rid":"battery_713_SoH","metricPath":null,"telemetryPeriod":60,"qualifier":"Avg","tenMultiplier":-2,"accumulationType":"","flowDirectionType":"NA"},{"rid":"battery_713_SoC","metricPath":null,"telemetryPeriod":60,"qualifier":"Avg","tenMultiplier":-2,"accumulationType":"","flowDirectionType":"NA"},{"rid":"battery_200_W","metricPath":"qcells_ess_g4/read/P01_1s_Monitoring_Data_02/BDC_Power_1s","telemetryPeriod":60,"qualifier":"Avg","tenMultiplier":-2,"accumulationType":"","flowDirectionType":"NA"},{"rid":"battery_200_DailyWhImp","metricPath":"qcells_ess_g4/read/P01_1s_Monitoring_Data_02/BDC_Power_1s","telemetryPeriod":60,"qualifier":"NA","tenMultiplier":-2,"accumulationType":"","flowDirectionType":"Negative"},{"rid":"battery_200_IncWhImp","metricPath":"qcells_ess_g4/read/P01_1s_Monitoring_Data_02/BDC_Power_1s","telemetryPeriod":60,"qualifier":"NA","tenMultiplier":-2,"accumulationType":"","flowDirectionType":"Negative"},{"rid":"battery_200_DailyWhExp","metricPath":"qcells_ess_g4/read/P01_1s_Monitoring_Data_02/BDC_Power_1s","telemetryPeriod":60,"qualifier":"NA","tenMultiplier":-2,"accumulationType":"","flowDirectionType":"Positive"},{"rid":"battery_200_IncWhExp","metricPath":"qcells_ess_g4/read/P01_1s_Monitoring_Data_02/BDC_Power_1s","telemetryPeriod":60,"qualifier":"NA","tenMultiplier":-2,"accumulationType":"","flowDirectionType":"Positive"},{"rid":"grid_200_PhVphA","metricPath":"qcells_mcu/read/PMU_Monitoring_Data_01/Grid_L1N_V","telemetryPeriod":60,"qualifier":"Avg","tenMultiplier":-2,"accumulationType":"","flowDirectionType":"NA"},{"rid":"grid_200_PhVphB","metricPath":"qcells_mcu/read/PMU_Monitoring_Data_01/Grid_L2N_V","telemetryPeriod":60,"qualifier":"Avg","tenMultiplier":-2,"accumulationType":"","flowDirectionType":"NA"},{"rid":"grid_200_AphA","metricPath":"qcells_mcu/read/PMU_Monitoring_Data_02/Grid_L1_I","telemetryPeriod":60,"qualifier":"Avg","tenMultiplier":-2,"accumulationType":"","flowDirectionType":"NA"},{"rid":"grid_200_AphB","metricPath":"qcells_mcu/read/PMU_Monitoring_Data_02/Grid_L2_I","telemetryPeriod":60,"qualifier":"Avg","tenMultiplier":-2,"accumulationType":"","flowDirectionType":"NA"},{"rid":"grid_200_VAR","metricPath":"qcells_mcu/read/PMU_Monitoring_Data_01/Grid_Reactive_Power","telemetryPeriod":60,"qualifier":"Avg","tenMultiplier":-2,"accumulationType":"","flowDirectionType":"NA"},{"rid":"grid_200_Hz","metricPath":"qcells_mcu/read/PMU_Monitoring_Data_01/Grid_Freq","telemetryPeriod":60,"qualifier":"Avg","tenMultiplier":-2,"accumulationType":"","flowDirectionType":"NA"},{"rid":"extpv_200_W","metricPath":"qcells_mcu/read/PMU_Monitoring_Data_01/Ext_PV_Active_Power","telemetryPeriod":60,"qualifier":"Avg","tenMultiplier":-2,"accumulationType":"","flowDirectionType":"NA"},{"rid":"extpv_200_DailyWhExp","metricPath":"qcells_mcu/read/PMU_Monitoring_Data_01/Ext_PV_Active_Power","telemetryPeriod":60,"qualifier":"NA","tenMultiplier":-2,"accumulationType":"","flowDirectionType":"NA"},{"rid":"extpv_200_IncWhExp","metricPath":"qcells_mcu/read/PMU_Monitoring_Data_01/Ext_PV_Active_Power","telemetryPeriod":60,"qualifier":"NA","tenMultiplier":-2,"accumulationType":"","flowDirectionType":"NA"},{"rid":"grid_200_PF","metricPath":"qcells_mcu/read/PMU_Monitoring_Data_01/Grid_Power_Factor","telemetryPeriod":60,"qualifier":"NA","tenMultiplier":-2,"accumulationType":"","flowDirectionType":"NA"},{"rid":"battery_802_SoC","metricPath":null,"telemetryPeriod":60,"qualifier":"NA","tenMultiplier":-2,"accumulationType":"","flowDirectionType":"NA"},{"rid":"battery_714_DCV","metricPath":"qcells_ess_g4/read/P01_1s_Monitoring_Data_03/BAT_Voltage_CONV","telemetryPeriod":60,"qualifier":"NA","tenMultiplier":-2,"accumulationType":"","flowDirectionType":"NA"},{"rid":"battery_714_DCA","metricPath":"qcells_ess_g4/read/P01_1s_Monitoring_Data_03/Total_Rack_Current","telemetryPeriod":60,"qualifier":"NA","tenMultiplier":-2,"accumulationType":"","flowDirectionType":"NA"},{"rid":"battery_805_CellVAvg","metricPath":"qcells_ess_g4/read/P01_1s_Monitoring_Data_04/Avg_Cell_Voltage","telemetryPeriod":60,"qualifier":"NA","tenMultiplier":-2,"accumulationType":"","flowDirectionType":"NA"},{"rid":"battery_805_CellVMax","metricPath":"qcells_ess_g4/read/P01_1s_Monitoring_Data_04/Max_Cell_Voltage","telemetryPeriod":60,"qualifier":"NA","tenMultiplier":-2,"accumulationType":"","flowDirectionType":"NA"},{"rid":"battery_805_CellVMin","metricPath":"qcells_ess_g4/read/P01_1s_Monitoring_Data_04/Min_Cell_Voltage","telemetryPeriod":60,"qualifier":"NA","tenMultiplier":-2,"accumulationType":"","flowDirectionType":"NA"},{"rid":"battery_805_CellTmpAvg","metricPath":"qcells_ess_g4/read/P01_1s_Monitoring_Data_04/Avg_Cell_Temperature","telemetryPeriod":60,"qualifier":"NA","tenMultiplier":-2,"accumulationType":"","flowDirectionType":"NA"},{"rid":"battery_805_CellTmpMax","metricPath":"qcells_ess_g4/read/P01_1s_Monitoring_Data_04/Max_Cell_Temperature","telemetryPeriod":60,"qualifier":"NA","tenMultiplier":-2,"accumulationType":"","flowDirectionType":"NA"},{"rid":"battery_805_CellTmpMin","metricPath":"qcells_ess_g4/read/P01_1s_Monitoring_Data_04/Min_Cell_Temperature","telemetryPeriod":60,"qualifier":"NA","tenMultiplier":-2,"accumulationType":"","flowDirectionType":"NA"},{"rid":"inverter_701_Hz","metricPath":"qcells_ess_g4/read/P01_1s_Monitoring_Data_01/ESS_Inverter_Frequency","telemetryPeriod":60,"qualifier":"NA","tenMultiplier":-2,"accumulationType":"","flowDirectionType":"NA"},{"rid":"battery_802_V","metricPath":null,"telemetryPeriod":60,"qualifier":"NA","tenMultiplier":-2,"accumulationType":"","flowDirectionType":"NA"},{"rid":"Grid_Status","metricPath":"qcells_mcu/read/PMU_Monitoring_Data_05/PMU_Grid_Status","telemetryPeriod":60,"qualifier":"NA","tenMultiplier":-2,"accumulationType":"","flowDirectionType":"NA"},{"rid":"Operation_Status","metricPath":"qcells_mpu/persistent_data/mpu_data/Operation_Status","telemetryPeriod":60,"qualifier":"NA","tenMultiplier":-2,"accumulationType":"","flowDirectionType":"NA"},{"rid":"energyControl","metricPath":"qcells_mpu/persistent_data/mpu_data/EnergyControl_Status","telemetryPeriod":60,"qualifier":"NA","tenMultiplier":-2,"accumulationType":"","flowDirectionType":"NA"},{"rid":"PCS_Mode","metricPath":"qcells_ess_g4/read/P01_1s_Monitoring_Data_01/PCS_CMD1","telemetryPeriod":60,"qualifier":"NA","tenMultiplier":-2,"accumulationType":"","flowDirectionType":"NA"},{"rid":"eMMC_Life","metricPath":"qcells_mpu/persistent_data/mpu_data/emmc_life_avg","telemetryPeriod":60,"qualifier":"NA","tenMultiplier":-2,"accumulationType":"","flowDirectionType":"NA"},{"rid":"battery_701_W","metricPath":"qcells_ess_g4/read/P01_1s_Monitoring_Data_02/BDC_Power_1s","telemetryPeriod":60,"qualifier":"Avg","tenMultiplier":-2,"accumulationType":"","flowDirectionType":"NA"},{"rid":"battery_701_A","metricPath":"qcells_ess_g4/read/P01_1s_Monitoring_Data_03/Total_Rack_Current","telemetryPeriod":60,"qualifier":"Avg","tenMultiplier":-2,"accumulationType":"","flowDirectionType":"NA"},{"rid":"battery_701_DailyWhInj","metricPath":"qcells_ess_g4/read/P01_1s_Monitoring_Data_02/BDC_Power_1s","telemetryPeriod":60,"qualifier":"NA","tenMultiplier":-2,"accumulationType":"","flowDirectionType":"Positive"},{"rid":"battery_701_IncWhInj","metricPath":"qcells_ess_g4/read/P01_1s_Monitoring_Data_02/BDC_Power_1s","telemetryPeriod":60,"qualifier":"NA","tenMultiplier":-2,"accumulationType":"","flowDirectionType":"Positive"},{"rid":"battery_701_DailyWhAbs","metricPath":"qcells_ess_g4/read/P01_1s_Monitoring_Data_02/BDC_Power_1s","telemetryPeriod":60,"qualifier":"NA","tenMultiplier":-2,"accumulationType":"","flowDirectionType":"Negative"},{"rid":"battery_701_IncWhAbs","metricPath":"qcells_ess_g4/read/P01_1s_Monitoring_Data_02/BDC_Power_1s","telemetryPeriod":60,"qualifier":"NA","tenMultiplier":-2,"accumulationType":"","flowDirectionType":"Negative"},{"rid":"battery_713_SoC","metricPath":null,"telemetryPeriod":60,"qualifier":"Avg","tenMultiplier":-2,"accumulationType":"","flowDirectionType":"NA"},{"rid":"battery_713_SoH","metricPath":null,"telemetryPeriod":60,"qualifier":"Avg","tenMultiplier":-2,"accumulationType":"","flowDirectionType":"NA"},{"rid":"battery_714_DCW","metricPath":"qcells_ess_g4/read/P01_1s_Monitoring_Data_02/BDC_Power_1s","telemetryPeriod":60,"qualifier":"Avg","tenMultiplier":-2,"accumulationType":"","flowDirectionType":"NA"},{"rid":"battery_714_DailyDCWhInj","metricPath":"qcells_ess_g4/read/P01_1s_Monitoring_Data_02/BDC_Power_1s","telemetryPeriod":60,"qualifier":"Avg","tenMultiplier":-2,"accumulationType":"","flowDirectionType":"Positive"},{"rid":"battery_714_DailyDCWhAbs","metricPath":"qcells_ess_g4/read/P01_1s_Monitoring_Data_02/BDC_Power_1s","telemetryPeriod":60,"qualifier":"Avg","tenMultiplier":-2,"accumulationType":"","flowDirectionType":"Negative"},{"rid":"pv_701_W","metricPath":"qcells_mcu/read/PMU_Monitoring_Data_01/MI_Active_Power","telemetryPeriod":60,"qualifier":"Avg","tenMultiplier":-2,"accumulationType":"","flowDirectionType":"NA"},{"rid":"pv_701_A","metricPath":"qcells_mcu/read/PMU_Monitoring_Data_02/MI_L1_I","telemetryPeriod":60,"qualifier":"Avg","tenMultiplier":-2,"accumulationType":"","flowDirectionType":"NA"},{"rid":"pv_701_LLV","metricPath":"qcells_mcu/read/PMU_Monitoring_Data_02/MI_LL_V","telemetryPeriod":60,"qualifier":"Avg","tenMultiplier":-2,"accumulationType":"","flowDirectionType":"NA"},{"rid":"pv_701_Hz","metricPath":"qcells_mcu/read/PMU_Monitoring_Data_01/AC_Bus_Freq","telemetryPeriod":60,"qualifier":"Avg","tenMultiplier":-2,"accumulationType":"","flowDirectionType":"NA"},{"rid":"pv_701_DailyWhAbs","metricPath":"qcells_mcu/read/PMU_Monitoring_Data_01/MI_Active_Power","telemetryPeriod":60,"qualifier":"NA","tenMultiplier":-2,"accumulationType":"","flowDirectionType":"NA"},{"rid":"pv_701_IncWhAbs","metricPath":"qcells_mcu/read/PMU_Monitoring_Data_01/MI_Active_Power","telemetryPeriod":60,"qualifier":"NA","tenMultiplier":-2,"accumulationType":"","flowDirectionType":"NA"},{"rid":"extpv_701_W","metricPath":"qcells_mcu/read/PMU_Monitoring_Data_01/Ext_PV_Active_Power","telemetryPeriod":60,"qualifier":"Avg","tenMultiplier":-2,"accumulationType":"","flowDirectionType":"NA"},{"rid":"extpv_701_DailyWhAbs","metricPath":"qcells_mcu/read/PMU_Monitoring_Data_01/Ext_PV_Active_Power","telemetryPeriod":60,"qualifier":"NA","tenMultiplier":-2,"accumulationType":"","flowDirectionType":"NA"},{"rid":"extpv_701_IncWhAbs","metricPath":"qcells_mcu/read/PMU_Monitoring_Data_01/Ext_PV_Active_Power","telemetryPeriod":60,"qualifier":"NA","tenMultiplier":-2,"accumulationType":"","flowDirectionType":"NA"},{"rid":"pv_701_W","metricPath":"qcells_mcu/onDemandRead/M000_MI_Monitoring_Data_00/watt","telemetryPeriod":900,"qualifier":"Avg","tenMultiplier":0,"accumulationType":"","flowDirectionType":"NA"},{"rid":"pv_701_TmpOt","metricPath":"qcells_mcu/onDemandRead/M000_MI_Monitoring_Data_00/temperature","telemetryPeriod":900,"qualifier":"Avg","tenMultiplier":0,"accumulationType":"","flowDirectionType":"NA"},{"rid":"pv_701_Hz","metricPath":"qcells_mcu/onDemandRead/M000_MI_Monitoring_Data_00/grid_frequency","telemetryPeriod":900,"qualifier":"Avg","tenMultiplier":0,"accumulationType":"","flowDirectionType":"NA"},{"rid":"pv_701_LLV","metricPath":"qcells_mcu/onDemandRead/M000_MI_Monitoring_Data_00/vac_rms","telemetryPeriod":900,"qualifier":"Avg","tenMultiplier":0,"accumulationType":"","flowDirectionType":"NA"},{"rid":"pv_714_DCA","metricPath":"qcells_mcu/onDemandRead/M000_MI_Monitoring_Data_00/ipv","telemetryPeriod":900,"qualifier":"Avg","tenMultiplier":0,"accumulationType":"","flowDirectionType":"NA"},{"rid":"pv_701_DailyWhAbs","metricPath":null,"telemetryPeriod":900,"qualifier":"NA","tenMultiplier":0,"accumulationType":"","flowDirectionType":"NA"},{"rid":"pv_701_IncWhAbs","metricPath":null,"telemetryPeriod":900,"qualifier":"NA","tenMultiplier":0,"accumulationType":"","flowDirectionType":"NA"},{"rid":"pv_701_W","metricPath":"qcells_mcu/onDemandRead/M001_MI_Monitoring_Data_00/watt","telemetryPeriod":900,"qualifier":"Avg","tenMultiplier":0,"accumulationType":"","flowDirectionType":"NA"},{"rid":"pv_701_TmpOt","metricPath":"qcells_mcu/onDemandRead/M001_MI_Monitoring_Data_00/temperature","telemetryPeriod":900,"qualifier":"Avg","tenMultiplier":0,"accumulationType":"","flowDirectionType":"NA"},{"rid":"pv_701_Hz","metricPath":"qcells_mcu/onDemandRead/M001_MI_Monitoring_Data_00/grid_frequency","telemetryPeriod":900,"qualifier":"Avg","tenMultiplier":0,"accumulationType":"","flowDirectionType":"NA"},{"rid":"pv_701_LLV","metricPath":"qcells_mcu/onDemandRead/M001_MI_Monitoring_Data_00/vac_rms","telemetryPeriod":900,"qualifier":"Avg","tenMultiplier":0,"accumulationType":"","flowDirectionType":"NA"},{"rid":"pv_714_DCA","metricPath":"qcells_mcu/onDemandRead/M001_MI_Monitoring_Data_00/ipv","telemetryPeriod":900,"qualifier":"Avg","tenMultiplier":0,"accumulationType":"","flowDirectionType":"NA"},{"rid":"pv_701_DailyWhAbs","metricPath":null,"telemetryPeriod":900,"qualifier":"NA","tenMultiplier":0,"accumulationType":"","flowDirectionType":"NA"},{"rid":"pv_701_IncWhAbs","metricPath":null,"telemetryPeriod":900,"qualifier":"NA","tenMultiplier":0,"accumulationType":"","flowDirectionType":"NA"}]
    exit_code:0
=== TC01: Report 항목 필터링 ===
  [SKIP] configuration.json 에서 사용 가능한 metric 을 찾지 못함
[FAIL] TC01-1: 캡처된 send_d2c_message 요청 1건 이상 수신
  [REASON] configured metric 없음
=== TC02: Azure IoT Hub 전송 ===
  TELEMETRY_PERIOD=60, 관찰 시간=140s
  $ cat /tmp/em_tc02_capture_17237.log
    exit_code:0
[FAIL] TC02-1: 관찰 구간 내 send_d2c_message 요청 2건 이상
  [REASON] 수신 건수=0
[FAIL] TC02-2: 모든 요청의 message_type 이 ReportCommonTelemetry
  [REASON] mtype_count=0 total=0
[FAIL] TC02-3: 모든 message 내용에 CommonTelemetryDto 포함
  [REASON] dto_count=0 total=0
[FAIL] TC02-4: 연속 전송 간격이 TELEMETRY_PERIOD ± 5초
  [REASON] 수신 건수 부족(total=0)
=== TC03: 평균 값 계산 ===
  [SKIP] readingType.qualifier=="Avg" 인 metric 없음
[FAIL] TC03-1: payload 값이 기대 평균(반올림 적용)과 일치
  [REASON] Avg qualifier metric 없음
[FAIL] TC03-2: payload 값이 마지막 발행값(순시값)과 다름
  [REASON] Avg qualifier metric 없음
=== TC04: 전송 주기 조절 ===
  [INFO] 요구사항 원본의 최상위 samplingRate 필드는 실제 ConfigurationDocument 파싱 구조에 없음
  [INFO] 실제 메커니즘은 metric 단위 readingType.telemetryPeriod — 본 TC 는 이 메커니즘 기준으로 검증
  SHORT_RID=pv_200_W SHORT_PERIOD=60 / LONG_RID=pv_701_IncWhAbs LONG_PERIOD=900
exit=124
RUN_END: 17:07:56

############################################################
# FILE: energy_monitor_run2_tc01_only/main.log (SETUP 수정 후 TC01 단독 재검증)
############################################################
Warning: Permanently added '192.168.10.25' (ECDSA) to the list of known hosts.
============================================
 energy_monitor TC
 Tue Aug 11 17:14:25 KST 2026
============================================
=== SETUP: configuration.json 메트릭 추출 ===
  $ docker exec ac_system_gen2 cat /edge/app/files/commonfile/configuration.json
    {
      "version": 0,
      "lastModifiedBy": "factory",
      "lastModifiedAt": 1756087205,
      "commonTelemetryVer": "1.1",
      "deviceList":
      [
        {
          "rid": "a2102559-45cb-4dc9-9b1a-495bb4571518",
          "description": "site aggregator description",
          "deviceType": "SiteAggregator",
          "deviceMetricList":
          [
            {
              "rid": "pv_200_W",
              "name": "pv_200_W",
              "readingType":
              {
                "qualifier": "Avg",
                "accumulationType": "Instantaneous",
                "tenMultiplier": -2,
                "telemetryPeriod": 60,
                "flowDirectionType": "NA"
              },
              "calculation": ["qcells_mcu/read/PMU_Monitoring_Data_01/MI_Active_Power", 
                              "qcells_mcu/read/PMU_Monitoring_Data_01/Ext_PV_Active_Power", "+"],
              "extendedTelemetry": false
            },
            {
              "rid": "pv_200_DailyWhExp",
              "name": "pv_200_DailyWhExp",
              "readingType":
              {
                "qualifier": "NA",
                "accumulationType": "DailyCumulative",
                "tenMultiplier": -2,
                "telemetryPeriod": 60,
                "flowDirectionType": "NA"
              },
              "calculation": ["qcells_mcu/read/PMU_Monitoring_Data_01/MI_Active_Power", 
                              "qcells_mcu/read/PMU_Monitoring_Data_01/Ext_PV_Active_Power", "+"],
              "extendedTelemetry": false
            },
            {
              "rid": "pv_200_IncWhExp",
              "name": "pv_200_IncWhExp",
              "readingType":
              {
                "qualifier": "NA",
                "accumulationType": "DeltaData",
                "tenMultiplier": -2,
                "telemetryPeriod": 60,
                "flowDirectionType": "NA"
              },
              "calculation": ["qcells_mcu/read/PMU_Monitoring_Data_01/MI_Active_Power",
                              "qcells_mcu/read/PMU_Monitoring_Data_01/Ext_PV_Active_Power", "+"],
              "extendedTelemetry": false
            },
            {
              "rid": "load_200_W",
              "name": "load_200_W",
              "readingType":
              {
                "qualifier": "Avg",
                "accumulationType": "Instantaneous",
                "tenMultiplier": -2,
                "telemetryPeriod": 60,
                "flowDirectionType": "Positive"
              },
              "metricPath": "qcells_mcu/read/PMU_Monitoring_Data_01/Tot_Load_Active_Power",
              "extendedTelemetry": false
            },
            {
              "rid": "load_200_DailyWhImp",
              "name": "load_200_DailyWhImp",
              "readingType":
              {
                "qualifier": "NA",
                "accumulationType": "DailyCumulative",
                "tenMultiplier": -2,
                "telemetryPeriod": 60,
                "flowDirectionType": "Positive"
              },
              "metricPath": "qcells_mcu/read/PMU_Monitoring_Data_01/Tot_Load_Active_Power",
              "extendedTelemetry": false
            },
            {
              "rid": "load_200_IncWhImp",
              "name": "load_200_IncWhImp",
              "readingType":
              {
                "qualifier": "NA",
                "accumulationType": "DeltaData",
                "tenMultiplier": -2,
                "telemetryPeriod": 60,
                "flowDirectionType": "Positive"
              },
              "metricPath": "qcells_mcu/read/PMU_Monitoring_Data_01/Tot_Load_Active_Power",
              "extendedTelemetry": false
            },
            {
              "rid": "grid_200_W",
              "name": "grid_200_W",
              "readingType":
              {
                "qualifier": "Avg",
                "accumulationType": "Instantaneous",
                "tenMultiplier": -2,
                "telemetryPeriod": 60,
                "flowDirectionType": "NA"
              },
              "metricPath": "qcells_mcu/read/PMU_Monitoring_Data_01/Grid_Active_Power",
              "extendedTelemetry": false
            },
            {
              "rid": "grid_200_DailyWhImp",
              "name": "grid_200_DailyWhImp",
              "readingType":
              {
                "qualifier": "NA",
                "accumulationType": "DailyCumulative",
                "tenMultiplier": -2,
                "telemetryPeriod": 60,
                "flowDirectionType": "Positive"
              },
              "metricPath": "qcells_mcu/read/PMU_Monitoring_Data_01/Grid_Active_Power",
              "extendedTelemetry": false
            },
            {
              "rid": "grid_200_IncWhImp",
              "name": "grid_200_IncWhImp",
              "readingType":
              {
                "qualifier": "NA",
                "accumulationType": "DeltaData",
                "tenMultiplier": -2,
                "telemetryPeriod": 60,
                "flowDirectionType": "Positive"
              },
              "metricPath": "qcells_mcu/read/PMU_Monitoring_Data_01/Grid_Active_Power",
              "extendedTelemetry": false
            },
            {
              "rid": "grid_200_DailyWhExp",
              "name": "grid_200_DailyWhExp",
              "readingType":
              {
                "qualifier": "NA",
                "accumulationType": "DailyCumulative",
                "tenMultiplier": -2,
                "telemetryPeriod": 60,
                "flowDirectionType": "Negative"
              },
              "metricPath": "qcells_mcu/read/PMU_Monitoring_Data_01/Grid_Active_Power",
              "extendedTelemetry": false
            },
            {
              "rid": "grid_200_IncWhExp",
              "name": "grid_200_IncWhExp",
              "readingType":
              {
                "qualifier": "NA",
                "accumulationType": "DeltaData",
                "tenMultiplier": -2,
                "telemetryPeriod": 60,
                "flowDirectionType": "Negative"
              },
              "metricPath": "qcells_mcu/read/PMU_Monitoring_Data_01/Grid_Active_Power",
              "extendedTelemetry": false
            },
            {
              "rid": "battery_713_SoH",
              "name": "battery_713_SoH",
              "readingType":
              {
                "qualifier": "Avg",
                "accumulationType": "Instantaneous",
                "tenMultiplier": -2,
                "telemetryPeriod": 60,
                "flowDirectionType": "NA"
              },
              "calculation": ["qcells_ess_g4/read/P01_B01_JF2_Normal_Back_BMS_03/SOH",
                              "qcells_ess_g4/read/P01_B02_JF2_Normal_Back_BMS_03/SOH", "+", "2", "/"],
              "extendedTelemetry": false
            },
            {
              "rid": "battery_713_SoC",
              "name": "battery_713_SoC",
              "readingType":
              {
                "qualifier": "Avg",
                "accumulationType": "Instantaneous",
                "tenMultiplier": -2,
                "telemetryPeriod": 60,
                "flowDirectionType": "NA"
              },
              "calculation": ["qcells_ess_g4/read/P01_B01_JF2_Normal_Back_BMS_03/User_SOC",
                              "qcells_ess_g4/read/P01_B02_JF2_Normal_Back_BMS_03/User_SOC", "+", "2", "/"],
              "extendedTelemetry": false
            },
            {
              "rid": "battery_200_W",
              "name": "battery_200_W",
              "readingType":
              {
                "qualifier": "Avg",
                "accumulationType": "Instantaneous",
                "tenMultiplier": -2,
                "telemetryPeriod": 60,
                "flowDirectionType": "NA"
              },
              "metricPath": "qcells_ess_g4/read/P01_1s_Monitoring_Data_02/BDC_Power_1s",
              "extendedTelemetry": false
            },
            {
              "rid": "battery_200_DailyWhImp",
              "name": "battery_200_DailyWhImp",
              "readingType":
              {
                "qualifier": "NA",
                "accumulationType": "DailyCumulative",
                "tenMultiplier": -2,
                "telemetryPeriod": 60,
                "flowDirectionType": "Negative"
              },
              "metricPath" : "qcells_ess_g4/read/P01_1s_Monitoring_Data_02/BDC_Power_1s",
              "extendedTelemetry": false
            },
            {
              "rid": "battery_200_IncWhImp",
              "name": "battery_200_IncWhImp",
              "readingType":
              {
                "qualifier": "NA",
                "accumulationType": "DeltaData",
                "tenMultiplier": -2,
                "telemetryPeriod": 60,
                "flowDirectionType": "Negative"
              },
              "metricPath" : "qcells_ess_g4/read/P01_1s_Monitoring_Data_02/BDC_Power_1s",
              "extendedTelemetry": false
            },
            {
              "rid": "battery_200_DailyWhExp",
              "name": "battery_200_DailyWhExp",
              "readingType":
              {
                "qualifier": "NA",
                "accumulationType": "DailyCumulative",
                "tenMultiplier": -2,
                "telemetryPeriod": 60,
                "flowDirectionType": "Positive"
              },
              "metricPath" : "qcells_ess_g4/read/P01_1s_Monitoring_Data_02/BDC_Power_1s",
              "extendedTelemetry": false
            },
            {
              "rid": "battery_200_IncWhExp",
              "name": "battery_200_IncWhExp",
              "readingType":
              {
                "qualifier": "NA",
                "accumulationType": "DeltaData",
                "tenMultiplier": -2,
                "telemetryPeriod": 60,
                "flowDirectionType": "Positive"
              },
              "metricPath" : "qcells_ess_g4/read/P01_1s_Monitoring_Data_02/BDC_Power_1s",
              "extendedTelemetry": false
            },
            {
              "rid": "grid_200_PhVphA",
              "name": "grid_200_PhVphA",
              "readingType":
              {
                "qualifier": "Avg",
                "accumulationType": "Instantaneous",
                "tenMultiplier": -2,
                "telemetryPeriod": 60,
                "flowDirectionType": "NA"
              },
              "metricPath": "qcells_mcu/read/PMU_Monitoring_Data_01/Grid_L1N_V",
              "extendedTelemetry": true
            },
            {
              "rid": "grid_200_PhVphB",
              "name": "grid_200_PhVphB",
              "readingType":
              {
                "qualifier": "Avg",
                "accumulationType": "Instantaneous",
                "tenMultiplier": -2,
                "telemetryPeriod": 60,
                "flowDirectionType": "NA"
              },
              "metricPath": "qcells_mcu/read/PMU_Monitoring_Data_01/Grid_L2N_V",
              "extendedTelemetry": true
            },
            {
              "rid": "grid_200_AphA",
              "name": "grid_200_AphA",
              "readingType":
              {
                "qualifier": "Avg",
                "accumulationType": "Instantaneous",
                "tenMultiplier": -2,
                "telemetryPeriod": 60,
                "flowDirectionType": "NA"
              },
              "metricPath": "qcells_mcu/read/PMU_Monitoring_Data_02/Grid_L1_I",
              "extendedTelemetry": true
            },
            {
              "rid": "grid_200_AphB",
              "name": "grid_200_AphB",
              "readingType":
              {
                "qualifier": "Avg",
                "accumulationType": "Instantaneous",
                "tenMultiplier": -2,
                "telemetryPeriod": 60,
                "flowDirectionType": "NA"
              },
              "metricPath": "qcells_mcu/read/PMU_Monitoring_Data_02/Grid_L2_I",
              "extendedTelemetry": true
            },
            {
              "rid": "grid_200_VAR",
              "name": "grid_200_VAR",
              "readingType":
              {
                "qualifier": "Avg",
                "accumulationType": "Instantaneous",
                "tenMultiplier": -2,
                "telemetryPeriod": 60,
                "flowDirectionType": "NA"
              },
              "metricPath": "qcells_mcu/read/PMU_Monitoring_Data_01/Grid_Reactive_Power",
              "extendedTelemetry": true
            },
            {
              "rid": "grid_200_Hz",
              "name": "grid_200_Hz",
              "readingType":
              {
                "qualifier": "Avg",
                "accumulationType": "Instantaneous",
                "tenMultiplier": -2,
                "telemetryPeriod": 60,
                "flowDirectionType": "NA"
              },
              "metricPath": "qcells_mcu/read/PMU_Monitoring_Data_01/Grid_Freq",
              "extendedTelemetry": true
            },
            {
              "rid": "extpv_200_W",
              "name": "extpv_200_W",
              "readingType":
              {
                "qualifier": "Avg",
                "accumulationType": "Instantaneous",
                "tenMultiplier": -2,
                "telemetryPeriod": 60,
                "flowDirectionType": "NA"
              },
              "metricPath": "qcells_mcu/read/PMU_Monitoring_Data_01/Ext_PV_Active_Power",
              "extendedTelemetry": true
            },
            {
              "rid": "extpv_200_DailyWhExp",
              "name": "extpv_200_DailyWhExp",
              "readingType":
              {
                "qualifier": "NA",
                "accumulationType": "DailyCumulative",
                "tenMultiplier": -2,
                "telemetryPeriod": 60,
                "flowDirectionType": "NA"
              },
              "metricPath": "qcells_mcu/read/PMU_Monitoring_Data_01/Ext_PV_Active_Power",
              "extendedTelemetry": true
            },
            {
              "rid": "extpv_200_IncWhExp",
              "name": "extpv_200_IncWhExp",
              "readingType":
              {
                "qualifier": "NA",
                "accumulationType": "DeltaData",
                "tenMultiplier": -2,
                "telemetryPeriod": 60,
                "flowDirectionType": "NA"
              },
              "metricPath": "qcells_mcu/read/PMU_Monitoring_Data_01/Ext_PV_Active_Power",
              "extendedTelemetry": true
            },
            {
              "rid": "grid_200_PF",
              "name": "grid_200_PF",
              "readingType":
              {
                "qualifier": "NA",
                "accumulationType": "Instantaneous",
                "tenMultiplier": -2,
                "telemetryPeriod": 60,
                "flowDirectionType": "NA"
              },
              "metricPath": "qcells_mcu/read/PMU_Monitoring_Data_01/Grid_Power_Factor",
              "extendedTelemetry": true
            },
            {
              "rid": "battery_802_SoC",
              "name": "battery_802_SoC",
              "readingType":
              {
                "qualifier": "NA",
                "accumulationType": "Instantaneous",
                "tenMultiplier": -2,
                "telemetryPeriod": 60,
                "flowDirectionType": "NA"
              },
              "calculation": ["qcells_ess_g4/read/P01_B01_JF2_Additional_10/Real_SOC",
                              "qcells_ess_g4/read/P01_B02_JF2_Additional_10/Real_SOC", "+", "2", "/"],
              "extendedTelemetry": true
            },
            {
              "rid": "battery_714_DCV",
              "name": "battery_714_DCV",
              "readingType":
              {
                "qualifier": "NA",
                "accumulationType": "Instantaneous",
                "tenMultiplier": -2,
                "telemetryPeriod": 60,
                "flowDirectionType": "NA"
              },
              "metricPath": "qcells_ess_g4/read/P01_1s_Monitoring_Data_03/BAT_Voltage_CONV",
              "extendedTelemetry": true
            },
            {
              "rid": "battery_714_DCA",
              "name": "battery_714_DCA",
              "readingType":
              {
                "qualifier": "NA",
                "accumulationType": "Instantaneous",
                "tenMultiplier": -2,
                "telemetryPeriod": 60,
                "flowDirectionType": "NA"
              },
              "metricPath": "qcells_ess_g4/read/P01_1s_Monitoring_Data_03/Total_Rack_Current",
              "extendedTelemetry": true
            },
            {
              "rid": "battery_805_CellVAvg",
              "name": "battery_805_CellVAvg",
              "readingType":
              {
                "qualifier": "NA",
                "accumulationType": "Instantaneous",
                "tenMultiplier": -2,
                "telemetryPeriod": 60,
                "flowDirectionType": "NA"
              },
              "metricPath": "qcells_ess_g4/read/P01_1s_Monitoring_Data_04/Avg_Cell_Voltage",
              "extendedTelemetry": true
            },
            {
              "rid": "battery_805_CellVMax",
              "name": "battery_805_CellVMax",
              "readingType":
              {
                "qualifier": "NA",
                "accumulationType": "Instantaneous",
                "tenMultiplier": -2,
                "telemetryPeriod": 60,
                "flowDirectionType": "NA"
              },
              "metricPath": "qcells_ess_g4/read/P01_1s_Monitoring_Data_04/Max_Cell_Voltage",
              "extendedTelemetry": true
            },
            {
              "rid": "battery_805_CellVMin",
              "name": "battery_805_CellVMin",
              "readingType":
              {
                "qualifier": "NA",
                "accumulationType": "Instantaneous",
                "tenMultiplier": -2,
                "telemetryPeriod": 60,
                "flowDirectionType": "NA"
              },
              "metricPath": "qcells_ess_g4/read/P01_1s_Monitoring_Data_04/Min_Cell_Voltage",
              "extendedTelemetry": true
            },
            {
              "rid": "battery_805_CellTmpAvg",
              "name": "battery_805_CellTmpAvg",
              "readingType":
              {
                "qualifier": "NA",
                "accumulationType": "Instantaneous",
                "tenMultiplier": -2,
                "telemetryPeriod": 60,
                "flowDirectionType": "NA"
              },
              "metricPath": "qcells_ess_g4/read/P01_1s_Monitoring_Data_04/Avg_Cell_Temperature",
              "extendedTelemetry": true
            },
            {
              "rid": "battery_805_CellTmpMax",
              "name": "battery_805_CellTmpMax",
              "readingType":
              {
                "qualifier": "NA",
                "accumulationType": "Instantaneous",
                "tenMultiplier": -2,
                "telemetryPeriod": 60,
                "flowDirectionType": "NA"
              },
              "metricPath": "qcells_ess_g4/read/P01_1s_Monitoring_Data_04/Max_Cell_Temperature",
              "extendedTelemetry": true
            },
            {
              "rid": "battery_805_CellTmpMin",
              "name": "battery_805_CellTmpMin",
              "readingType":
              {
                "qualifier": "NA",
                "accumulationType": "Instantaneous",
                "tenMultiplier": -2,
                "telemetryPeriod": 60,
                "flowDirectionType": "NA"
              },
              "metricPath": "qcells_ess_g4/read/P01_1s_Monitoring_Data_04/Min_Cell_Temperature",
              "extendedTelemetry": true
            },
            {
              "rid": "inverter_701_Hz",
              "name": "inverter_701_Hz",
              "readingType":
              {
                "qualifier": "NA",
                "accumulationType": "Instantaneous",
                "tenMultiplier": -2,
                "telemetryPeriod": 60,
                "flowDirectionType": "NA"
              },
              "metricPath": "qcells_ess_g4/read/P01_1s_Monitoring_Data_01/ESS_Inverter_Frequency",
              "extendedTelemetry": true
            },
            {
              "rid": "battery_802_V",
              "name": "battery_802_V",
              "readingType":
              {
                "qualifier": "NA",
                "accumulationType": "Instantaneous",
                "tenMultiplier": -2,
                "telemetryPeriod": 60,
                "flowDirectionType": "NA"
              },
              "calculation": ["qcells_ess_g4/read/P01_B01_JF2_Normal_Back_BMS_03/Cell_Sum_Voltage",
                              "qcells_ess_g4/read/P01_B02_JF2_Normal_Back_BMS_03/Cell_Sum_Voltage", "+", "2", "/"],
              "extendedTelemetry": true
            },
            {
              "rid": "Grid_Status",
              "name": "Grid_Status",
              "readingType":
              {
                "qualifier": "NA",
                "accumulationType": "Instantaneous",
                "tenMultiplier": -2,
                "telemetryPeriod": 60,
                "flowDirectionType": "NA"
              },
              "metricPath": "qcells_mcu/read/PMU_Monitoring_Data_05/PMU_Grid_Status",
              "extendedTelemetry": true
            },
            {
              "rid": "Operation_Status",
              "name": "Operation_Status",
              "readingType":
              {
                "qualifier": "NA",
                "accumulationType": "Instantaneous",
                "tenMultiplier": -2,
                "telemetryPeriod": 60,
                "flowDirectionType": "NA"
              },
              "metricPath": "qcells_mpu/persistent_data/mpu_data/Operation_Status",
              "extendedTelemetry": true
            },
            {
              "rid": "energyControl",
              "name": "energyControl",
              "readingType":
              {
                "qualifier": "NA",
                "accumulationType": "Instantaneous",
                "tenMultiplier": -2,
                "telemetryPeriod": 60,
                "flowDirectionType": "NA"
              },
              "metricPath": "qcells_mpu/persistent_data/mpu_data/EnergyControl_Status",
              "extendedTelemetry": true
            },
            {
              "rid": "PCS_Mode",
              "name": "PCS_Mode",
              "readingType":
              {
                "qualifier": "NA",
                "accumulationType": "Instantaneous",
                "tenMultiplier": -2,
                "telemetryPeriod": 60,
                "flowDirectionType": "NA"
              },
              "metricPath": "qcells_ess_g4/read/P01_1s_Monitoring_Data_01/PCS_CMD1",
              "extendedTelemetry": true
            },
            {
              "rid": "eMMC_Life",
              "name": "eMMC_Life",
              "readingType":
              {
                "qualifier": "NA",
                "accumulationType": "Instantaneous",
                "tenMultiplier": -2,
                "telemetryPeriod": 60,
                "flowDirectionType": "NA"
              },
              "metricPath": "qcells_mpu/persistent_data/mpu_data/emmc_life_avg",
              "extendedTelemetry": true
            }
          ],
          "devicePointList":
          [
            {
              "rid": "reboot",
              "type": "control",
              "payload": {
                "name": "reboot",
                "metricPath": "qcells_mpu/control_data/control_data/reboot"
              }
            },
            {
              "rid": "wifiSetting",
              "type": "control",
              "payload": {
                "name": "wifiSetting",
                "metricPath": "qcells_mpu/control_data/control_data/wifiSetting"
              }
            },
            {
              "rid": "connectReverseSsh",
              "type": "control",
              "payload": {
                "name": "connectReverseSsh",
                "metricPath": "qcells_mpu/control_data/control_data/connectReverseSsh"
              }
            },
            {
              "rid": "changeOperationMode",
              "type": "control",
              "payload": {
                "name": "changeOperationMode",
                "metricPath": "qcells_mpu/control_data/control_data/changeOperationMode"
              }
            },
            {
              "rid": "realtimeTelemetry",
              "type": "control",
              "payload": {
                "name": "realtimeTelemetry",
                "metricPath": "qcells_mpu/control_data/control_data/realtimeTelemetry"
              }
            },
            {
              "rid": "lteModemSerialNumber",
              "type": "info",
              "payload": {
                "name": "lteModemSerialNumber",
                "metricPath": "qcells_mpu/info_data/device_constant/network_info"
              }
            },
            {
              "rid": "MI_Connected_Count",
              "type": "info",
              "payload": {
                "name": "MI_Connected_Count",
                "metricPath": "qcells_mpu/info_data/Device_Auto_Detection_MCU/MI_Connected_Count"
              }
            },
            {
              "rid": "MSC_Auto_Detect_Status",
              "type": "info",
              "payload": {
                "name": "MSC_Auto_Detect_Status",
                "metricPath": "qcells_mpu/info_data/Device_Auto_Detection_MCU/MSC_Auto_Detect_Status"
              }
            },
            {
              "rid": "MSC_Connected_Count",
              "type": "info",
              "payload": {
                "name": "MSC_Connected_Count",
                "metricPath": "qcells_mpu/info_data/Device_Auto_Detection_MCU/MSC_Connected_Count"
              }
            },
            {
              "rid": "Clamp_CT_Status",
              "type": "info",
              "payload": {
                "name": "Clamp_CT_Status",
                "metricPath": "qcells_mpu/info_data/Device_Auto_Detection_MCU/Clamp_CT_Status"
              }
            },
            {
              "rid": "Clamp_CT_Connected_Count",
              "type": "info",
              "payload": {
                "name": "Clamp_CT_Connected_Count",
                "metricPath": "qcells_mpu/info_data/Device_Auto_Detection_MCU/Clamp_CT_Connected_Count"
              }
            },
            {
              "rid": "Rogowski_Coil_Connected_Count",
              "type": "info",
              "payload": {
                "name": "Rogowski_Coil_Connected_Count",
                "metricPath": "qcells_mpu/info_data/Device_Auto_Detection_MCU/Rogowski_Coil_Connected_Count"
              }
            },
            {
              "rid": "Smart_Relay_Board_Connected_Count",
              "type": "info",
              "payload": {
                "name": "Smart_Relay_Board_Connected_Count",
                "metricPath": "qcells_mpu/info_data/Device_Auto_Detection_MCU/Smart_Relay_Board_Connected_Count"
              }
            },
            {
              "rid": "External_Box_Connected_Count",
              "type": "info",
              "payload": {
                "name": "External_Box_Connected_Count",
                "metricPath": "qcells_mpu/info_data/Device_Auto_Detection_MCU/External_Box_Connected_Count"
              }
            },
            {
              "rid": "Qcell_MID_Connected_Count",
              "type": "info",
              "payload": {
                "name": "Qcell_MID_Connected_Count",
                "metricPath": "qcells_mpu/info_data/Device_Auto_Detection_MCU/Qcell_MID_Connected_Count"
              }
            },
            {
              "rid": "Eaton_MID_Connected_Count",
              "type": "info",
              "payload": {
                "name": "Eaton_MID_Connected_Count",
                "metricPath": "qcells_mpu/info_data/Device_Auto_Detection_MCU/Eaton_MID_Connected_Count"
              }
            },
            {
              "rid": "simCardSerialNumber",
              "type": "info",
              "payload": {
                "name": "simCardSerialNumber",
                "metricPath": "qcells_mpu/info_data/device_constant/network_info"
              }
            },
            {
              "rid": "bmsVersion_Battery_ESS_G4_T_000",
              "type": "info",
              "payload": {
                "name": "bmsVersion",
                "metricPath": "qcells_mpu/info_data/device_version/jf2_bms_version"
              }
            },
            {
              "rid": "bmsVersion_Battery_ESS_G4_T_001",
              "type": "info",
              "payload": {
                "name": "bmsVersion",
                "metricPath": "qcells_mpu/info_data/device_version/jf2_bms_version"
              }
            },
            {
              "rid": "microInverterVersion_MI_000",
              "type": "info",
              "payload": {
                "name": "microInverterVersion",
                "metricPath": "qcells_mpu/info_data/device_version/mi_info"
              }
            },
            {
              "rid": "microInverterVersion_MI_001",
              "type": "info",
              "payload": {
                "name": "microInverterVersion",
                "metricPath": "qcells_mpu/info_data/device_version/mi_info"
              }
            },
            {
              "rid": "wMaxRtg_TPO_Optimized_ESS_G4_T_000",
              "type": "info",
              "payload": {
                "name": "wMaxRtg",
                "metricPath": "qcells_mpu/info_data/Nameplate_Response_PCS/Rated_ActivePower"
              }
            },
            {
              "rid": "whRtg_Battery_ESS_G4_T_000",
              "type": "info",
              "payload": {
                "name": "whRtg",
                "metricPath": "qcells_mpu/info_data/cloud_additional_info/Nameplate_energy"
              }
            },
            {
              "rid": "whRtg_Battery_ESS_G4_T_001",
              "type": "info",
              "payload": {
                "name": "whRtg",
                "metricPath": "qcells_mpu/info_data/cloud_additional_info/Nameplate_energy"
              }
            },
            {
              "rid": "wMaxRtg_MI_000",
              "type": "info",
              "payload": {
                "name": "wMaxRtg",
                "metricPath": "qcells_mpu/info_data/cloud_additional_info/MI_Nameplate_WMaxRtg"
              }
            },
            {
              "rid": "wMaxRtg_MI_001",
              "type": "info",
              "payload": {
                "name": "wMaxRtg",
                "metricPath": "qcells_mpu/info_data/cloud_additional_info/MI_Nameplate_WMaxRtg"
              }
            },
            {
              "rid": "Inverter_Max_output_Power",
              "type": "setting",
              "payload": {
                "name": "Inverter_Max_output_Power",
                "metricPath": "qcells_mpu/setting_data/INSTALL_DATA_GROUP1/Inverter_Max_output_Power"
              }
            },
            {
              "rid": "log_level_mcu",
              "type": "setting",
              "payload": {
                "name": "log_level_mcu",
                "metricPath": "qcells_mpu/setting_data/mpu_data/log_level_mcu"
              }
            },
            {
              "rid": "ESS_Charge_Current_Limit",
              "type": "setting",
              "payload": {
                "name": "ESS_Charge_Current_Limit",
                "metricPath": "qcells_mpu/setting_data/mpu_energy_setting/ESS_Charge_Current_Limit"
              }
            },
            {
              "rid": "ESS_Discharge_Current_Limit",
              "type": "setting",
              "payload": {
                "name": "ESS_Discharge_Current_Limit",
                "metricPath": "qcells_mpu/setting_data/mpu_energy_setting/ESS_Discharge_Current_Limit"
              }
            },
            {
              "rid": "Grid_Target_Frequency",
              "type": "setting",
              "payload": {
                "name": "Grid_Target_Frequency",
                "metricPath": "qcells_mpu/setting_data/INSTALL_DATA_GROUP1/Grid_Target_Frequency"
              }
            },
            {
              "rid": "ESS2_Battery_number",
              "type": "setting",
              "payload": {
                "name": "ESS2_Battery_number",
                "metricPath": "qcells_mpu/setting_data/INSTALL_DATA_GROUP1/ESS2_Battery_number"
              }
            },
            {
              "rid": "ESS1_Battery_number",
              "type": "setting",
              "payload": {
                "name": "ESS1_Battery_number",
                "metricPath": "qcells_mpu/setting_data/INSTALL_DATA_GROUP1/ESS1_Battery_number"
              }
            },
            {
              "rid": "Battery_Backup_SOC",
              "type": "setting",
              "payload": {
                "name": "Battery_Backup_SOC",
                "metricPath": "qcells_mpu/setting_data/INSTALL_DATA_GROUP1/Battery_Backup_SOC"
              }
            },
            {
              "rid": "Battery_Hysteresis_Low",
              "type": "setting",
              "payload": {
                "name": "Battery_Hysteresis_Low",
                "metricPath": "qcells_mpu/setting_data/INSTALL_DATA_GROUP1/Battery_Hysteresis_Low"
              }
            },
            {
              "rid": "Battery_Hysteresis_High",
              "type": "setting",
              "payload": {
                "name": "Battery_Hysteresis_High",
                "metricPath": "qcells_mpu/setting_data/INSTALL_DATA_GROUP1/Battery_Hysteresis_High"
              }
            },
            {
              "rid": "Derating_Flag",
              "type": "setting",
              "payload": {
                "name": "Derating_Flag",
                "metricPath": "qcells_mpu/setting_data/INSTALL_DATA_GROUP1/Derating_Flag"
              }
            },
            {
              "rid": "Derating_Start_Temp",
              "type": "setting",
              "payload": {
                "name": "Derating_Start_Temp",
                "metricPath": "qcells_mpu/setting_data/INSTALL_DATA_GROUP1/Derating_Start_Temp"
              }
            },
            {
              "rid": "Derating_Value",
              "type": "setting",
              "payload": {
                "name": "Derating_Value",
                "metricPath": "qcells_mpu/setting_data/INSTALL_DATA_GROUP1/Derating_Value"
              }
            },
            {
              "rid": "Advanced_HUB_Installed",
              "type": "setting",
              "payload": {
                "name": "Advanced_HUB_Installed",
                "metricPath": "qcells_mpu/setting_data/INSTALL_DATA_GROUP1/Advanced_HUB_Installed"
              }
            },
            {
              "rid": "System_Commissioning_Status",
              "type": "setting",
              "payload": {
                "name": "System_Commissioning_Status",
                "metricPath": "qcells_mpu/setting_data/INSTALL_DATA_GROUP1/System_Commissioning_Status"
              }
            },
            {
              "rid": "PV_Type",
              "type": "setting",
              "payload": {
                "name": "PV_Type",
                "metricPath": "qcells_mpu/setting_data/INSTALL_DATA_GROUP1/PV_Type"
              }
            },
            {
              "rid": "ESS_Install_Num",
              "type": "setting",
              "payload": {
                "name": "ESS_Install_Num",
                "metricPath": "qcells_mpu/setting_data/INSTALL_DATA_GROUP2/ESS_Install_Num"
              }
            },
            {
              "rid": "HUB_Installed_Flag",
              "type": "setting",
              "payload": {
                "name": "HUB_Installed_Flag",
                "metricPath": "qcells_mpu/setting_data/INSTALL_DATA_GROUP2/HUB_Installed_Flag"
              }
            },
            {
              "rid": "MSP_Installed_Flag",
              "type": "setting",
              "payload": {
                "name": "MSP_Installed_Flag",
                "metricPath": "qcells_mpu/setting_data/INSTALL_DATA_GROUP2/MSP_Installed_Flag"
              }
            },
            {
              "rid": "MSC_Installed_Point",
              "type": "setting",
              "payload": {
                "name": "MSC_Installed_Point",
                "metricPath": "qcells_mpu/setting_data/INSTALL_DATA_GROUP2/MSC_Installed_Point"
              }
            },
            {
              "rid": "Ext_Relay_Box_Installed",
              "type": "setting",
              "payload": {
                "name": "Ext_Relay_Box_Installed",
                "metricPath": "qcells_mpu/setting_data/INSTALL_DATA_GROUP2/Ext_Relay_Box1_Installed"
              }
            },
            {
              "rid": "Ext_PV_Installed_Flag",
              "type": "setting",
              "payload": {
                "name": "Ext_PV_Installed_Flag",
                "metricPath": "qcells_mpu/setting_data/INSTALL_DATA_GROUP2/Ext_PV_Installed_Flag"
              }
            },
            {
              "rid": "Generator_User_Auto_Start_Enable",
              "type": "setting",
              "payload": {
                "name": "Generator_User_Auto_Start_Enable",
                "metricPath": "qcells_mpu/setting_data/INSTALL_DATA_GROUP2/Generator_User_Auto_Start_Enable"
              }
            },
            {
              "rid": "Generator_User_Manual_On_Command",
              "type": "setting",
              "payload": {
                "name": "Generator_User_Manual_On_Command",
                "metricPath": "qcells_mpu/setting_data/INSTALL_DATA_GROUP2/Generator_User_Manual_On_Command"
              }
            },
            {
              "rid": "GEN_Maintenance_Mode_Flag",
              "type": "setting",
              "payload": {
                "name": "GEN_Maintenance_Mode_Flag",
                "metricPath": "qcells_mpu/setting_data/INSTALL_DATA_GROUP2/GEN_Maintenance_Mode_Flag"
              }
            },
            {
              "rid": "GEN_Maintenance_Mode_Duration",
              "type": "setting",
              "payload": {
                "name": "GEN_Maintenance_Mode_Duration",
                "metricPath": "qcells_mpu/setting_data/INSTALL_DATA_GROUP2/GEN_Maintenance_Mode_Duration"
              }
            },
            {
              "rid": "GEN_Mode_Start_SOC",
              "type": "setting",
              "payload": {
                "name": "GEN_Mode_Start_SOC",
                "metricPath": "qcells_mpu/setting_data/INSTALL_DATA_GROUP2/GEN_Mode_Start_SOC"
              }
            },
            {
              "rid": "GEN_Mode_Release_SOC",
              "type": "setting",
              "payload": {
                "name": "GEN_Mode_Release_SOC",
                "metricPath": "qcells_mpu/setting_data/INSTALL_DATA_GROUP2/GEN_Mode_Release_SOC"
              }
            },
            {
              "rid": "GEN_Nameplate_Power",
              "type": "setting",
              "payload": {
                "name": "GEN_Nameplate_Power",
                "metricPath": "qcells_mpu/setting_data/INSTALL_DATA_GROUP2/GEN_Nameplate_Power"
              }
            },
            {
              "rid": "Ext_CT_Installed_Point",
              "type": "setting",
              "payload": {
                "name": "Ext_CT_Installed_Point",
                "metricPath": "qcells_mpu/setting_data/INSTALL_DATA_GROUP2/Ext_CT_Installed_Point"
              }
            },
            {
              "rid": "Ext_Dry_Contact",
              "type": "setting",
              "payload": {
                "name": "Ext_Dry_Contact",
                "metricPath": "qcells_mpu/setting_data/INSTALL_DATA_GROUP2/Ext_Dry_Contact"
              }
            },
            {
              "rid": "Busbar_Protection_Flag",
              "type": "setting",
              "payload": {
                "name": "Busbar_Protection_Flag",
                "metricPath": "qcells_mpu/setting_data/INSTALL_DATA_GROUP2/Busbar_Protection_Flag"
              }
            },
            {
              "rid": "MSP_Busbar_Rating",
              "type": "setting",
              "payload": {
                "name": "MSP_Busbar_Rating",
                "metricPath": "qcells_mpu/setting_data/INSTALL_DATA_GROUP2/MSP_Busbar_Rating"
              }
            },
            {
              "rid": "MI_Nameplate_Power",
              "type": "setting",
              "payload": {
                "name": "MI_Nameplate_Power",
                "metricPath": "qcells_mpu/setting_data/INSTALL_DATA_GROUP2/MI_Nameplate_Power"
              }
            },
            {
              "rid": "DER_CB_Rating",
              "type": "setting",
              "payload": {
                "name": "DER_CB_Rating",
                "metricPath": "qcells_mpu/setting_data/INSTALL_DATA_GROUP2/DER_CB_Rating"
              }
            },
            {
              "rid": "Mixed_Tariff",
              "type": "setting",
              "payload": {
                "name": "Mixed_Tariff",
                "metricPath": "qcells_mpu/setting_data/INSTALL_DATA_GROUP2/Mixed_Tariff"
              }
            },
            {
              "rid": "Sub_Panel_Installed_Flag",
              "type": "setting",
              "payload": {
                "name": "Sub_Panel_Installed_Flag",
                "metricPath": "qcells_mpu/setting_data/INSTALL_DATA_GROUP2/Sub_Panel_Installed_Flag"
              }
            },
            {
              "rid": "Power_Ctrl_Time",
              "type": "setting",
              "payload": {
                "name": "Power_Ctrl_Time",
                "metricPath": "qcells_mpu/setting_data/INSTALL_DATA_GROUP2/Power_Ctrl_Time"
              }
            },
            {
              "rid": "Power_Ctrl_Limit_Min",
              "type": "setting",
              "payload": {
                "name": "Power_Ctrl_Limit_Min",
                "metricPath": "qcells_mpu/setting_data/INSTALL_DATA_GROUP2/Power_Ctrl_Limit_Min"
              }
            },
            {
              "rid": "PG_E_Mode_Disable",
              "type": "setting",
              "payload": {
                "name": "PG_E_Mode_Disable",
                "metricPath": "qcells_mpu/setting_data/INSTALL_DATA_GROUP2/PG_E_Mode_Disable"
              }
            },
            {
              "rid": "BBOC_Reconnection_Time",
              "type": "setting",
              "payload": {
                "name": "BBOC_Reconnection_Time",
                "metricPath": "qcells_mpu/setting_data/INSTALL_DATA_GROUP2/BBOC_Reconnection_Time"
              }
            },
            {
              "rid": "Config_3rd_Party_ESS",
              "type": "setting",
              "payload": {
                "name": "Config_3rd_Party_ESS",
                "metricPath": "qcells_mpu/setting_data/INSTALL_DATA_GROUP2/Config_3rd_Party_ESS"
              }
            },
            {
              "rid": "CT_Polarity",
              "type": "setting",
              "payload": {
                "name": "CT_Polarity",
                "metricPath": "qcells_mpu/setting_data/INSTALL_DATA_GROUP2/CT_Polarity"
              }
            },
            {
              "rid": "Ext_SRB_CH1_Installed",
              "type": "setting",
              "payload": {
                "name": "Ext_SRB_CH1_Installed",
                "metricPath": "qcells_mpu/setting_data/INSTALL_DATA_GROUP2/Ext_SRB_CH1_Installed"
              }
            },
            {
              "rid": "Ext_SRB_CH2_Installed",
              "type": "setting",
              "payload": {
                "name": "Ext_SRB_CH2_Installed",
                "metricPath": "qcells_mpu/setting_data/INSTALL_DATA_GROUP2/Ext_SRB_CH2_Installed"
              }
            },
            {
              "rid": "Sub_Panel_Busbar_Rating",
              "type": "setting",
              "payload": {
                "name": "Sub_Panel_Busbar_Rating",
                "metricPath": "qcells_mpu/setting_data/INSTALL_DATA_GROUP2/Sub_Panel_Busbar_Rating"
              }
            },
            {
              "rid": "DER1_Device_Select",
              "type": "setting",
              "payload": {
                "name": "DER1_Device_Select",
                "metricPath": "qcells_mpu/setting_data/INSTALL_DATA_GROUP3/DER1_Device_Select"
              }
            },
            {
              "rid": "DER2_Device_Select",
              "type": "setting",
              "payload": {
                "name": "DER2_Device_Select",
                "metricPath": "qcells_mpu/setting_data/INSTALL_DATA_GROUP3/DER2_Device_Select"
              }
            },
            {
              "rid": "DER3_Device_Select",
              "type": "setting",
              "payload": {
                "name": "DER3_Device_Select",
                "metricPath": "qcells_mpu/setting_data/INSTALL_DATA_GROUP3/DER3_Device_Select"
              }
            },
            {
              "rid": "DER4_Device_Select",
              "type": "setting",
              "payload": {
                "name": "DER4_Device_Select",
                "metricPath": "qcells_mpu/setting_data/INSTALL_DATA_GROUP3/DER4_Device_Select"
              }
            },
            {
              "rid": "Backup_Load_Relay_Installed",
              "type": "setting",
              "payload": {
                "name": "Backup_Load_Relay_Installed",
                "metricPath": "qcells_mpu/setting_data/INSTALL_DATA_GROUP3/Backup_Load_Relay_Installed"
              }
            },
            {
              "rid": "Tau_Coefficient_ess",
              "type": "setting",
              "payload": {
                "name": "Tau_Coefficient_ess",
                "metricPath": "qcells_mpu/setting_data/INSTALL_DATA_GROUP4_E/Tau_Coefficient_ess"
              }
            },
            {
              "rid": "Grid_Target_Voltage_ess",
              "type": "setting",
              "payload": {
                "name": "Grid_Target_Voltage_ess",
                "metricPath": "qcells_mpu/setting_data/INSTALL_DATA_GROUP4_E/Grid_Target_Voltage_ess"
              }
            },
            {
              "rid": "Max_Apparent_Power_Limit_ess",
              "type": "setting",
              "payload": {
                "name": "Max_Apparent_Power_Limit_ess",
                "metricPath": "qcells_mpu/setting_data/INSTALL_DATA_GROUP4_E/Max_Apparent_Power_Limit_ess"
              }
            },
            {
              "rid": "Export_P_min_ess",
              "type": "setting",
              "payload": {
                "name": "Export_P_min_ess",
                "metricPath": "qcells_mpu/setting_data/INSTALL_DATA_GROUP4_E/Export_P_min_ess"
              }
            },
            {
              "rid": "Import_P_min_ess",
              "type": "setting",
              "payload": {
                "name": "Import_P_min_ess",
                "metricPath": "qcells_mpu/setting_data/INSTALL_DATA_GROUP4_E/Import_P_min_ess"
              }
            },
            {
              "rid": "VarMax_Over_Excited_ess",
              "type": "setting",
              "payload": {
                "name": "VarMax_Over_Excited_ess",
                "metricPath": "qcells_mpu/setting_data/INSTALL_DATA_GROUP4_E/VarMax_Over_Excited_ess"
              }
            },
            {
              "rid": "VarMax_Under_Excited_ess",
              "type": "setting",
              "payload": {
                "name": "VarMax_Under_Excited_ess",
                "metricPath": "qcells_mpu/setting_data/INSTALL_DATA_GROUP4_E/VarMax_Under_Excited_ess"
              }
            },
            {
              "rid": "PFMin_Over_Excited_ess",
              "type": "setting",
              "payload": {
                "name": "PFMin_Over_Excited_ess",
                "metricPath": "qcells_mpu/setting_data/INSTALL_DATA_GROUP4_E/PFMin_Over_Excited_ess"
              }
            },
            {
              "rid": "PFMin_Under_Excited_ess",
              "type": "setting",
              "payload": {
                "name": "PFMin_Under_Excited_ess",
                "metricPath": "qcells_mpu/setting_data/INSTALL_DATA_GROUP4_E/PFMin_Under_Excited_ess"
              }
            },
            {
              "rid": "Charge_Rate_Setting_ess",
              "type": "setting",
              "payload": {
                "name": "Charge_Rate_Setting_ess",
                "metricPath": "qcells_mpu/setting_data/INSTALL_DATA_GROUP4_E/Charge_Rate_Setting_ess"
              }
            },
            {
              "rid": "Discharge_Rate_Setting_ess",
              "type": "setting",
              "payload": {
                "name": "Discharge_Rate_Setting_ess",
                "metricPath": "qcells_mpu/setting_data/INSTALL_DATA_GROUP4_E/Discharge_Rate_Setting_ess"
              }
            },
            {
              "rid": "Charge_Rate_VA_Setting_ess",
              "type": "setting",
              "payload": {
                "name": "Charge_Rate_VA_Setting_ess",
                "metricPath": "qcells_mpu/setting_data/INSTALL_DATA_GROUP4_E/Charge_Rate_VA_Setting_ess"
              }
            },
            {
              "rid": "Active_Power_Setting_ess",
              "type": "setting",
              "payload": {
                "name": "Active_Power_Setting_ess",
                "metricPath": "qcells_mpu/setting_data/INSTALL_DATA_GROUP4_E/Active_Power_Setting_ess"
              }
            },
            {
              "rid": "Active_Power_Over_Excited_Setting_ess",
              "type": "setting",
              "payload": {
                "name": "Active_Power_Over_Excited_Setting_ess",
                "metricPath": "qcells_mpu/setting_data/INSTALL_DATA_GROUP4_E/Active_Power_Over_Excited_Setting_ess"
              }
            },
            {
              "rid": "Active_Power_Under_Excited_Setting_ess",
              "type": "setting",
              "payload": {
                "name": "Active_Power_Under_Excited_Setting_ess",
                "metricPath": "qcells_mpu/setting_data/INSTALL_DATA_GROUP4_E/Active_Power_Under_Excited_Setting_ess"
              }
            },
            {
              "rid": "rtgVarMax_ess",
              "type": "setting",
              "payload": {
                "name": "rtgVarMax_ess",
                "metricPath": "qcells_mpu/setting_data/INSTALL_DATA_GROUP4_E/rtgVarMax_ess"
              }
            },
            {
              "rid": "SetVrt_ess",
              "type": "setting",
              "payload": {
                "name": "SetVrt_ess",
                "metricPath": "qcells_mpu/setting_data/INSTALL_DATA_GROUP4_E/SetVrt_ess"
              }
            },
            {
              "rid": "SetVMax_ess",
              "type": "setting",
              "payload": {
                "name": "SetVMax_ess",
                "metricPath": "qcells_mpu/setting_data/INSTALL_DATA_GROUP4_E/SetVMax_ess"
              }
            },
            {
              "rid": "SetVmin_ess",
              "type": "setting",
              "payload": {
                "name": "SetVmin_ess",
                "metricPath": "qcells_mpu/setting_data/INSTALL_DATA_GROUP4_E/SetVmin_ess"
              }
            },
            {
              "rid": "SetAMax_ess",
              "type": "setting",
              "payload": {
                "name": "SetAMax_ess",
                "metricPath": "qcells_mpu/setting_data/INSTALL_DATA_GROUP4_E/SetAMax_ess"
              }
            },
            {
              "rid": "Tau_Coefficient_mi",
              "type": "setting",
              "payload": {
                "name": "Tau_Coefficient_mi",
                "metricPath": "qcells_mpu/setting_data/INSTALL_DATA_GROUP4_M/Tau_Coefficient_mi"
              }
            },
            {
              "rid": "Grid_Target_Voltage_mi",
              "type": "setting",
              "payload": {
                "name": "Grid_Target_Voltage_mi",
                "metricPath": "qcells_mpu/setting_data/INSTALL_DATA_GROUP4_M/Grid_Target_Voltage_mi"
              }
            },
            {
              "rid": "Max_Apparent_Power_Limit_mi",
              "type": "setting",
              "payload": {
                "name": "Max_Apparent_Power_Limit_mi",
                "metricPath": "qcells_mpu/setting_data/INSTALL_DATA_GROUP4_M/Max_Apparent_Power_Limit_mi"
              }
            },
            {
              "rid": "Export_P_min_mi",
              "type": "setting",
              "payload": {
                "name": "Export_P_min_mi",
                "metricPath": "qcells_mpu/setting_data/INSTALL_DATA_GROUP4_M/Export_P_min_mi"
              }
            },
            {
              "rid": "Import_P_min_mi",
              "type": "setting",
              "payload": {
                "name": "Import_P_min_mi",
                "metricPath": "qcells_mpu/setting_data/INSTALL_DATA_GROUP4_M/Import_P_min_mi"
              }
            },
            {
              "rid": "VarMax_Over_Excited_mi",
              "type": "setting",
              "payload": {
                "name": "VarMax_Over_Excited_mi",
                "metricPath": "qcells_mpu/setting_data/INSTALL_DATA_GROUP4_M/VarMax_Over_Excited_mi"
              }
            },
            {
              "rid": "VarMax_Under_Excited_mi",
              "type": "setting",
              "payload": {
                "name": "VarMax_Under_Excited_mi",
                "metricPath": "qcells_mpu/setting_data/INSTALL_DATA_GROUP4_M/VarMax_Under_Excited_mi"
              }
            },
            {
              "rid": "PFMin_Over_Excited_mi",
              "type": "setting",
              "payload": {
                "name": "PFMin_Over_Excited_mi",
                "metricPath": "qcells_mpu/setting_data/INSTALL_DATA_GROUP4_M/PFMin_Over_Excited_mi"
              }
            },
            {
              "rid": "PFMin_Under_Excited_mi",
              "type": "setting",
              "payload": {
                "name": "PFMin_Under_Excited_mi",
                "metricPath": "qcells_mpu/setting_data/INSTALL_DATA_GROUP4_M/PFMin_Under_Excited_mi"
              }
            },
            {
              "rid": "Charge_Rate_Setting_mi",
              "type": "setting",
              "payload": {
                "name": "Charge_Rate_Setting_mi",
                "metricPath": "qcells_mpu/setting_data/INSTALL_DATA_GROUP4_M/Charge_Rate_Setting_mi"
              }
            },
            {
              "rid": "Discharge_Rate_Setting_mi",
              "type": "setting",
              "payload": {
                "name": "Discharge_Rate_Setting_mi",
                "metricPath": "qcells_mpu/setting_data/INSTALL_DATA_GROUP4_M/Discharge_Rate_Setting_mi"
              }
            },
            {
              "rid": "Charge_Rate_VA_Setting_mi",
              "type": "setting",
              "payload": {
                "name": "Charge_Rate_VA_Setting_mi",
                "metricPath": "qcells_mpu/setting_data/INSTALL_DATA_GROUP4_M/Charge_Rate_VA_Setting_mi"
              }
            },
            {
              "rid": "Active_Power_Setting_mi",
              "type": "setting",
              "payload": {
                "name": "Active_Power_Setting_mi",
                "metricPath": "qcells_mpu/setting_data/INSTALL_DATA_GROUP4_M/Active_Power_Setting_mi"
              }
            },
            {
              "rid": "Active_Power_Over_Excited_Setting_mi",
              "type": "setting",
              "payload": {
                "name": "Active_Power_Over_Excited_Setting_mi",
                "metricPath": "qcells_mpu/setting_data/INSTALL_DATA_GROUP4_M/Active_Power_Over_Excited_Setting_mi"
              }
            },
            {
              "rid": "Active_Power_Under_Excited_Setting_mi",
              "type": "setting",
              "payload": {
                "name": "Active_Power_Under_Excited_Setting_mi",
                "metricPath": "qcells_mpu/setting_data/INSTALL_DATA_GROUP4_M/Active_Power_Under_Excited_Setting_mi"
              }
            },
            {
              "rid": "rtgVarMax_mi",
              "type": "setting",
              "payload": {
                "name": "rtgVarMax_mi",
                "metricPath": "qcells_mpu/setting_data/INSTALL_DATA_GROUP4_M/rtgVarMax_mi"
              }
            },
            {
              "rid": "SetVrt_mi",
              "type": "setting",
              "payload": {
                "name": "SetVrt_mi",
                "metricPath": "qcells_mpu/setting_data/INSTALL_DATA_GROUP4_M/SetVrt_mi"
              }
            },
            {
              "rid": "SetVMax_mi",
              "type": "setting",
              "payload": {
                "name": "SetVMax_mi",
                "metricPath": "qcells_mpu/setting_data/INSTALL_DATA_GROUP4_M/SetVMax_mi"
              }
            },
            {
              "rid": "SetVmin_mi",
              "type": "setting",
              "payload": {
                "name": "SetVmin_mi",
                "metricPath": "qcells_mpu/setting_data/INSTALL_DATA_GROUP4_M/SetVmin_mi"
              }
            },
            {
              "rid": "SetAMax_mi",
              "type": "setting",
              "payload": {
                "name": "SetAMax_mi",
                "metricPath": "qcells_mpu/setting_data/INSTALL_DATA_GROUP4_M/SetAMax_mi"
              }
            },
            {
              "rid": "HVRT_Flag_ess",
              "type": "setting",
              "payload": {
                "name": "HVRT_Flag_ess",
                "metricPath": "qcells_mpu/setting_data/INSTALL_DATA_GROUP5_E/HVRT_Flag_ess"
              }
            },
            {
              "rid": "Over_Voltage_Detection_Level1_ess",
              "type": "setting",
              "payload": {
                "name": "Over_Voltage_Detection_Level1_ess",
                "metricPath": "qcells_mpu/setting_data/INSTALL_DATA_GROUP5_E/Over_Voltage_Detection_Level1_ess"
              }
            },
            {
              "rid": "Over_Voltage_Detection_Time1_ess",
              "type": "setting",
              "payload": {
                "name": "Over_Voltage_Detection_Time1_ess",
                "metricPath": "qcells_mpu/setting_data/INSTALL_DATA_GROUP5_E/Over_Voltage_Detection_Time1_ess"
              }
            },
            {
              "rid": "Over_Voltage_Detection_Level2_ess",
              "type": "setting",
              "payload": {
                "name": "Over_Voltage_Detection_Level2_ess",
                "metricPath": "qcells_mpu/setting_data/INSTALL_DATA_GROUP5_E/Over_Voltage_Detection_Level2_ess"
              }
            },
            {
              "rid": "Over_Voltage_Detection_Time2_ess",
              "type": "setting",
              "payload": {
                "name": "Over_Voltage_Detection_Time2_ess",
                "metricPath": "qcells_mpu/setting_data/INSTALL_DATA_GROUP5_E/Over_Voltage_Detection_Time2_ess"
              }
            },
            {
              "rid": "Over_Voltage_Detection_Level3_ess",
              "type": "setting",
              "payload": {
                "name": "Over_Voltage_Detection_Level3_ess",
                "metricPath": "qcells_mpu/setting_data/INSTALL_DATA_GROUP5_E/Over_Voltage_Detection_Level3_ess"
              }
            },
            {
              "rid": "Over_Voltage_Detection_Time3_ess",
              "type": "setting",
              "payload": {
                "name": "Over_Voltage_Detection_Time3_ess",
                "metricPath": "qcells_mpu/setting_data/INSTALL_DATA_GROUP5_E/Over_Voltage_Detection_Time3_ess"
              }
            },
            {
              "rid": "Over_Voltage_Detection_Level4_ess",
              "type": "setting",
              "payload": {
                "name": "Over_Voltage_Detection_Level4_ess",
                "metricPath": "qcells_mpu/setting_data/INSTALL_DATA_GROUP5_E/Over_Voltage_Detection_Level4_ess"
              }
            },
            {
              "rid": "Over_Voltage_Detection_Time4_ess",
              "type": "setting",
              "payload": {
                "name": "Over_Voltage_Detection_Time4_ess",
                "metricPath": "qcells_mpu/setting_data/INSTALL_DATA_GROUP5_E/Over_Voltage_Detection_Time4_ess"
              }
            },
            {
              "rid": "Over_Voltage_Detection_Level5_ess",
              "type": "setting",
              "payload": {
                "name": "Over_Voltage_Detection_Level5_ess",
                "metricPath": "qcells_mpu/setting_data/INSTALL_DATA_GROUP5_E/Over_Voltage_Detection_Level5_ess"
              }
            },
            {
              "rid": "Over_Voltage_Detection_Time5_ess",
              "type": "setting",
              "payload": {
                "name": "Over_Voltage_Detection_Time5_ess",
                "metricPath": "qcells_mpu/setting_data/INSTALL_DATA_GROUP5_E/Over_Voltage_Detection_Time5_ess"
              }
            },
            {
              "rid": "HVRT_Flag_mi",
              "type": "setting",
              "payload": {
                "name": "HVRT_Flag_mi",
                "metricPath": "qcells_mpu/setting_data/INSTALL_DATA_GROUP5_M/HVRT_Flag_mi"
              }
            },
            {
              "rid": "Over_Voltage_Detection_Level1_mi",
              "type": "setting",
              "payload": {
                "name": "Over_Voltage_Detection_Level1_mi",
                "metricPath": "qcells_mpu/setting_data/INSTALL_DATA_GROUP5_M/Over_Voltage_Detection_Level1_mi"
              }
            },
            {
              "rid": "Over_Voltage_Detection_Time1_mi",
              "type": "setting",
              "payload": {
                "name": "Over_Voltage_Detection_Time1_mi",
                "metricPath": "qcells_mpu/setting_data/INSTALL_DATA_GROUP5_M/Over_Voltage_Detection_Time1_mi"
              }
            },
            {
              "rid": "Over_Voltage_Detection_Level2_mi",
              "type": "setting",
              "payload": {
                "name": "Over_Voltage_Detection_Level2_mi",
                "metricPath": "qcells_mpu/setting_data/INSTALL_DATA_GROUP5_M/Over_Voltage_Detection_Level2_mi"
              }
            },
            {
              "rid": "Over_Voltage_Detection_Time2_mi",
              "type": "setting",
              "payload": {
                "name": "Over_Voltage_Detection_Time2_mi",
                "metricPath": "qcells_mpu/setting_data/INSTALL_DATA_GROUP5_M/Over_Voltage_Detection_Time2_mi"
              }
            },
            {
              "rid": "Over_Voltage_Detection_Level3_mi",
              "type": "setting",
              "payload": {
                "name": "Over_Voltage_Detection_Level3_mi",
                "metricPath": "qcells_mpu/setting_data/INSTALL_DATA_GROUP5_M/Over_Voltage_Detection_Level3_mi"
              }
            },
            {
              "rid": "Over_Voltage_Detection_Time3_mi",
              "type": "setting",
              "payload": {
                "name": "Over_Voltage_Detection_Time3_mi",
                "metricPath": "qcells_mpu/setting_data/INSTALL_DATA_GROUP5_M/Over_Voltage_Detection_Time3_mi"
              }
            },
            {
              "rid": "Over_Voltage_Detection_Level4_mi",
              "type": "setting",
              "payload": {
                "name": "Over_Voltage_Detection_Level4_mi",
                "metricPath": "qcells_mpu/setting_data/INSTALL_DATA_GROUP5_M/Over_Voltage_Detection_Level4_mi"
              }
            },
            {
              "rid": "Over_Voltage_Detection_Time4_mi",
              "type": "setting",
              "payload": {
                "name": "Over_Voltage_Detection_Time4_mi",
                "metricPath": "qcells_mpu/setting_data/INSTALL_DATA_GROUP5_M/Over_Voltage_Detection_Time4_mi"
              }
            },
            {
              "rid": "Over_Voltage_Detection_Level5_mi",
              "type": "setting",
              "payload": {
                "name": "Over_Voltage_Detection_Level5_mi",
                "metricPath": "qcells_mpu/setting_data/INSTALL_DATA_GROUP5_M/Over_Voltage_Detection_Level5_mi"
              }
            },
            {
              "rid": "Over_Voltage_Detection_Time5_mi",
              "type": "setting",
              "payload": {
                "name": "Over_Voltage_Detection_Time5_mi",
                "metricPath": "qcells_mpu/setting_data/INSTALL_DATA_GROUP5_M/Over_Voltage_Detection_Time5_mi"
              }
            },
            {
              "rid": "LVRT_Flag_ess",
              "type": "setting",
              "payload": {
                "name": "LVRT_Flag_ess",
                "metricPath": "qcells_mpu/setting_data/INSTALL_DATA_GROUP6_E/LVRT_Flag_ess"
              }
            },
            {
              "rid": "Under_Voltage_Detection_Level1_ess",
              "type": "setting",
              "payload": {
                "name": "Under_Voltage_Detection_Level1_ess",
                "metricPath": "qcells_mpu/setting_data/INSTALL_DATA_GROUP6_E/Under_Voltage_Detection_Level1_ess"
              }
            },
            {
              "rid": "Under_Voltage_Detection_Time1_ess",
              "type": "setting",
              "payload": {
                "name": "Under_Voltage_Detection_Time1_ess",
                "metricPath": "qcells_mpu/setting_data/INSTALL_DATA_GROUP6_E/Under_Voltage_Detection_Time1_ess"
              }
            },
            {
              "rid": "Under_Voltage_Detection_Level2_ess",
              "type": "setting",
              "payload": {
                "name": "Under_Voltage_Detection_Level2_ess",
                "metricPath": "qcells_mpu/setting_data/INSTALL_DATA_GROUP6_E/Under_Voltage_Detection_Level2_ess"
              }
            },
            {
              "rid": "Under_Voltage_Detection_Time2_ess",
              "type": "setting",
              "payload": {
                "name": "Under_Voltage_Detection_Time2_ess",
                "metricPath": "qcells_mpu/setting_data/INSTALL_DATA_GROUP6_E/Under_Voltage_Detection_Time2_ess"
              }
            },
            {
              "rid": "Under_Voltage_Detection_Level3_ess",
              "type": "setting",
              "payload": {
                "name": "Under_Voltage_Detection_Level3_ess",
                "metricPath": "qcells_mpu/setting_data/INSTALL_DATA_GROUP6_E/Under_Voltage_Detection_Level3_ess"
              }
            },
            {
              "rid": "Under_Voltage_Detection_Time3_ess",
              "type": "setting",
              "payload": {
                "name": "Under_Voltage_Detection_Time3_ess",
                "metricPath": "qcells_mpu/setting_data/INSTALL_DATA_GROUP6_E/Under_Voltage_Detection_Time3_ess"
              }
            },
            {
              "rid": "Under_Voltage_Detection_Level4_ess",
              "type": "setting",
              "payload": {
                "name": "Under_Voltage_Detection_Level4_ess",
                "metricPath": "qcells_mpu/setting_data/INSTALL_DATA_GROUP6_E/Under_Voltage_Detection_Level4_ess"
              }
            },
            {
              "rid": "Under_Voltage_Detection_Time4_ess",
              "type": "setting",
              "payload": {
                "name": "Under_Voltage_Detection_Time4_ess",
                "metricPath": "qcells_mpu/setting_data/INSTALL_DATA_GROUP6_E/Under_Voltage_Detection_Time4_ess"
              }
            },
            {
              "rid": "Under_Voltage_Detection_Level5_ess",
              "type": "setting",
              "payload": {
                "name": "Under_Voltage_Detection_Level5_ess",
                "metricPath": "qcells_mpu/setting_data/INSTALL_DATA_GROUP6_E/Under_Voltage_Detection_Level5_ess"
              }
            },
            {
              "rid": "Under_Voltage_Detection_Time5_ess",
              "type": "setting",
              "payload": {
                "name": "Under_Voltage_Detection_Time5_ess",
                "metricPath": "qcells_mpu/setting_data/INSTALL_DATA_GROUP6_E/Under_Voltage_Detection_Time5_ess"
              }
            },
            {
              "rid": "LVRT_Flag_mi",
              "type": "setting",
              "payload": {
                "name": "LVRT_Flag_mi",
                "metricPath": "qcells_mpu/setting_data/INSTALL_DATA_GROUP6_M/LVRT_Flag_mi"
              }
            },
            {
              "rid": "Under_Voltage_Detection_Level1_mi",
              "type": "setting",
              "payload": {
                "name": "Under_Voltage_Detection_Level1_mi",
                "metricPath": "qcells_mpu/setting_data/INSTALL_DATA_GROUP6_M/Under_Voltage_Detection_Level1_mi"
              }
            },
            {
              "rid": "Under_Voltage_Detection_Time1_mi",
              "type": "setting",
              "payload": {
                "name": "Under_Voltage_Detection_Time1_mi",
                "metricPath": "qcells_mpu/setting_data/INSTALL_DATA_GROUP6_M/Under_Voltage_Detection_Time1_mi"
              }
            },
            {
              "rid": "Under_Voltage_Detection_Level2_mi",
              "type": "setting",
              "payload": {
                "name": "Under_Voltage_Detection_Level2_mi",
                "metricPath": "qcells_mpu/setting_data/INSTALL_DATA_GROUP6_M/Under_Voltage_Detection_Level2_mi"
              }
            },
            {
              "rid": "Under_Voltage_Detection_Time2_mi",
              "type": "setting",
              "payload": {
                "name": "Under_Voltage_Detection_Time2_mi",
                "metricPath": "qcells_mpu/setting_data/INSTALL_DATA_GROUP6_M/Under_Voltage_Detection_Time2_mi"
              }
            },
            {
              "rid": "Under_Voltage_Detection_Level3_mi",
              "type": "setting",
              "payload": {
                "name": "Under_Voltage_Detection_Level3_mi",
                "metricPath": "qcells_mpu/setting_data/INSTALL_DATA_GROUP6_M/Under_Voltage_Detection_Level3_mi"
              }
            },
            {
              "rid": "Under_Voltage_Detection_Time3_mi",
              "type": "setting",
              "payload": {
                "name": "Under_Voltage_Detection_Time3_mi",
                "metricPath": "qcells_mpu/setting_data/INSTALL_DATA_GROUP6_M/Under_Voltage_Detection_Time3_mi"
              }
            },
            {
              "rid": "Under_Voltage_Detection_Level4_mi",
              "type": "setting",
              "payload": {
                "name": "Under_Voltage_Detection_Level4_mi",
                "metricPath": "qcells_mpu/setting_data/INSTALL_DATA_GROUP6_M/Under_Voltage_Detection_Level4_mi"
              }
            },
            {
              "rid": "Under_Voltage_Detection_Time4_mi",
              "type": "setting",
              "payload": {
                "name": "Under_Voltage_Detection_Time4_mi",
                "metricPath": "qcells_mpu/setting_data/INSTALL_DATA_GROUP6_M/Under_Voltage_Detection_Time4_mi"
              }
            },
            {
              "rid": "Under_Voltage_Detection_Level5_mi",
              "type": "setting",
              "payload": {
                "name": "Under_Voltage_Detection_Level5_mi",
                "metricPath": "qcells_mpu/setting_data/INSTALL_DATA_GROUP6_M/Under_Voltage_Detection_Level5_mi"
              }
            },
            {
              "rid": "Under_Voltage_Detection_Time5_mi",
              "type": "setting",
              "payload": {
                "name": "Under_Voltage_Detection_Time5_mi",
                "metricPath": "qcells_mpu/setting_data/INSTALL_DATA_GROUP6_M/Under_Voltage_Detection_Time5_mi"
              }
            },
            {
              "rid": "HFRT_Flag_ess",
              "type": "setting",
              "payload": {
                "name": "HFRT_Flag_ess",
                "metricPath": "qcells_mpu/setting_data/INSTALL_DATA_GROUP7_E/HFRT_Flag_ess"
              }
            },
            {
              "rid": "Over_Frequency_Detection_Level1_ess",
              "type": "setting",
              "payload": {
                "name": "Over_Frequency_Detection_Level1_ess",
                "metricPath": "qcells_mpu/setting_data/INSTALL_DATA_GROUP7_E/Over_Frequency_Detection_Level1_ess"
              }
            },
            {
              "rid": "Over_Frequency_Detection_Time1_ess",
              "type": "setting",
              "payload": {
                "name": "Over_Frequency_Detection_Time1_ess",
                "metricPath": "qcells_mpu/setting_data/INSTALL_DATA_GROUP7_E/Over_Frequency_Detection_Time1_ess"
              }
            },
            {
              "rid": "Over_Frequency_Detection_Level2_ess",
              "type": "setting",
              "payload": {
                "name": "Over_Frequency_Detection_Level2_ess",
                "metricPath": "qcells_mpu/setting_data/INSTALL_DATA_GROUP7_E/Over_Frequency_Detection_Level2_ess"
              }
            },
            {
              "rid": "Over_Frequency_Detection_Time2_ess",
              "type": "setting",
              "payload": {
                "name": "Over_Frequency_Detection_Time2_ess",
                "metricPath": "qcells_mpu/setting_data/INSTALL_DATA_GROUP7_E/Over_Frequency_Detection_Time2_ess"
              }
            },
            {
              "rid": "Over_Frequency_Detection_Level3_ess",
              "type": "setting",
              "payload": {
                "name": "Over_Frequency_Detection_Level3_ess",
                "metricPath": "qcells_mpu/setting_data/INSTALL_DATA_GROUP7_E/Over_Frequency_Detection_Level3_ess"
              }
            },
            {
              "rid": "Over_Frequency_Detection_Time3_ess",
              "type": "setting",
              "payload": {
                "name": "Over_Frequency_Detection_Time3_ess",
                "metricPath": "qcells_mpu/setting_data/INSTALL_DATA_GROUP7_E/Over_Frequency_Detection_Time3_ess"
              }
            },
            {
              "rid": "Over_Frequency_Detection_Level4_ess",
              "type": "setting",
              "payload": {
                "name": "Over_Frequency_Detection_Level4_ess",
                "metricPath": "qcells_mpu/setting_data/INSTALL_DATA_GROUP7_E/Over_Frequency_Detection_Level4_ess"
              }
            },
            {
              "rid": "Over_Frequency_Detection_Time4_ess",
              "type": "setting",
              "payload": {
                "name": "Over_Frequency_Detection_Time4_ess",
                "metricPath": "qcells_mpu/setting_data/INSTALL_DATA_GROUP7_E/Over_Frequency_Detection_Time4_ess"
              }
            },
            {
              "rid": "Over_Frequency_Detection_Level5_ess",
              "type": "setting",
              "payload": {
                "name": "Over_Frequency_Detection_Level5_ess",
                "metricPath": "qcells_mpu/setting_data/INSTALL_DATA_GROUP7_E/Over_Frequency_Detection_Level5_ess"
              }
            },
            {
              "rid": "Over_Frequency_Detection_Time5_ess",
              "type": "setting",
              "payload": {
                "name": "Over_Frequency_Detection_Time5_ess",
                "metricPath": "qcells_mpu/setting_data/INSTALL_DATA_GROUP7_E/Over_Frequency_Detection_Time5_ess"
              }
            },
            {
              "rid": "HFRT_Flag_mi",
              "type": "setting",
              "payload": {
                "name": "HFRT_Flag_mi",
                "metricPath": "qcells_mpu/setting_data/INSTALL_DATA_GROUP7_M/HFRT_Flag_mi"
              }
            },
            {
              "rid": "Over_Frequency_Detection_Level1_mi",
              "type": "setting",
              "payload": {
                "name": "Over_Frequency_Detection_Level1_mi",
                "metricPath": "qcells_mpu/setting_data/INSTALL_DATA_GROUP7_M/Over_Frequency_Detection_Level1_mi"
              }
            },
            {
              "rid": "Over_Frequency_Detection_Time1_mi",
              "type": "setting",
              "payload": {
                "name": "Over_Frequency_Detection_Time1_mi",
                "metricPath": "qcells_mpu/setting_data/INSTALL_DATA_GROUP7_M/Over_Frequency_Detection_Time1_mi"
              }
            },
            {
              "rid": "Over_Frequency_Detection_Level2_mi",
              "type": "setting",
              "payload": {
                "name": "Over_Frequency_Detection_Level2_mi",
                "metricPath": "qcells_mpu/setting_data/INSTALL_DATA_GROUP7_M/Over_Frequency_Detection_Level2_mi"
              }
            },
            {
              "rid": "Over_Frequency_Detection_Time2_mi",
              "type": "setting",
              "payload": {
                "name": "Over_Frequency_Detection_Time2_mi",
                "metricPath": "qcells_mpu/setting_data/INSTALL_DATA_GROUP7_M/Over_Frequency_Detection_Time2_mi"
              }
            },
            {
              "rid": "Over_Frequency_Detection_Level3_mi",
              "type": "setting",
              "payload": {
                "name": "Over_Frequency_Detection_Level3_mi",
                "metricPath": "qcells_mpu/setting_data/INSTALL_DATA_GROUP7_M/Over_Frequency_Detection_Level3_mi"
              }
            },
            {
              "rid": "Over_Frequency_Detection_Time3_mi",
              "type": "setting",
              "payload": {
                "name": "Over_Frequency_Detection_Time3_mi",
                "metricPath": "qcells_mpu/setting_data/INSTALL_DATA_GROUP7_M/Over_Frequency_Detection_Time3_mi"
              }
            },
            {
              "rid": "Over_Frequency_Detection_Level4_mi",
              "type": "setting",
              "payload": {
                "name": "Over_Frequency_Detection_Level4_mi",
                "metricPath": "qcells_mpu/setting_data/INSTALL_DATA_GROUP7_M/Over_Frequency_Detection_Level4_mi"
              }
            },
            {
              "rid": "Over_Frequency_Detection_Time4_mi",
              "type": "setting",
              "payload": {
                "name": "Over_Frequency_Detection_Time4_mi",
                "metricPath": "qcells_mpu/setting_data/INSTALL_DATA_GROUP7_M/Over_Frequency_Detection_Time4_mi"
              }
            },
            {
              "rid": "Over_Frequency_Detection_Level5_mi",
              "type": "setting",
              "payload": {
                "name": "Over_Frequency_Detection_Level5_mi",
                "metricPath": "qcells_mpu/setting_data/INSTALL_DATA_GROUP7_M/Over_Frequency_Detection_Level5_mi"
              }
            },
            {
              "rid": "Over_Frequency_Detection_Time5_mi",
              "type": "setting",
              "payload": {
                "name": "Over_Frequency_Detection_Time5_mi",
                "metricPath": "qcells_mpu/setting_data/INSTALL_DATA_GROUP7_M/Over_Frequency_Detection_Time5_mi"
              }
            },
            {
              "rid": "LFRT_Flag_ess",
              "type": "setting",
              "payload": {
                "name": "LFRT_Flag_ess",
                "metricPath": "qcells_mpu/setting_data/INSTALL_DATA_GROUP8_E/LFRT_Flag_ess"
              }
            },
            {
              "rid": "Under_Frequency_Detection_Level1_ess",
              "type": "setting",
              "payload": {
                "name": "Under_Frequency_Detection_Level1_ess",
                "metricPath": "qcells_mpu/setting_data/INSTALL_DATA_GROUP8_E/Under_Frequency_Detection_Level1_ess"
              }
            },
            {
              "rid": "Under_Frequency_Detection_Time1_ess",
              "type": "setting",
              "payload": {
                "name": "Under_Frequency_Detection_Time1_ess",
                "metricPath": "qcells_mpu/setting_data/INSTALL_DATA_GROUP8_E/Under_Frequency_Detection_Time1_ess"
              }
            },
            {
              "rid": "Under_Frequency_Detection_Level2_ess",
              "type": "setting",
              "payload": {
                "name": "Under_Frequency_Detection_Level2_ess",
                "metricPath": "qcells_mpu/setting_data/INSTALL_DATA_GROUP8_E/Under_Frequency_Detection_Level2_ess"
              }
            },
            {
              "rid": "Under_Frequency_Detection_Time2_ess",
              "type": "setting",
              "payload": {
                "name": "Under_Frequency_Detection_Time2_ess",
                "metricPath": "qcells_mpu/setting_data/INSTALL_DATA_GROUP8_E/Under_Frequency_Detection_Time2_ess"
              }
            },
            {
              "rid": "Under_Frequency_Detection_Level3_ess",
              "type": "setting",
              "payload": {
                "name": "Under_Frequency_Detection_Level3_ess",
                "metricPath": "qcells_mpu/setting_data/INSTALL_DATA_GROUP8_E/Under_Frequency_Detection_Level3_ess"
              }
            },
            {
              "rid": "Under_Frequency_Detection_Time3_ess",
              "type": "setting",
              "payload": {
                "name": "Under_Frequency_Detection_Time3_ess",
                "metricPath": "qcells_mpu/setting_data/INSTALL_DATA_GROUP8_E/Under_Frequency_Detection_Time3_ess"
              }
            },
            {
              "rid": "Under_Frequency_Detection_Level4_ess",
              "type": "setting",
              "payload": {
                "name": "Under_Frequency_Detection_Level4_ess",
                "metricPath": "qcells_mpu/setting_data/INSTALL_DATA_GROUP8_E/Under_Frequency_Detection_Level4_ess"
              }
            },
            {
              "rid": "Under_Frequency_Detection_Time4_ess",
              "type": "setting",
              "payload": {
                "name": "Under_Frequency_Detection_Time4_ess",
                "metricPath": "qcells_mpu/setting_data/INSTALL_DATA_GROUP8_E/Under_Frequency_Detection_Time4_ess"
              }
            },
            {
              "rid": "Under_Frequency_Detection_Level5_ess",
              "type": "setting",
              "payload": {
                "name": "Under_Frequency_Detection_Level5_ess",
                "metricPath": "qcells_mpu/setting_data/INSTALL_DATA_GROUP8_E/Under_Frequency_Detection_Level5_ess"
              }
            },
            {
              "rid": "Under_Frequency_Detection_Time5_ess",
              "type": "setting",
              "payload": {
                "name": "Under_Frequency_Detection_Time5_ess",
                "metricPath": "qcells_mpu/setting_data/INSTALL_DATA_GROUP8_E/Under_Frequency_Detection_Time5_ess"
              }
            },
            {
              "rid": "LFRT_Flag_mi",
              "type": "setting",
              "payload": {
                "name": "LFRT_Flag_mi",
                "metricPath": "qcells_mpu/setting_data/INSTALL_DATA_GROUP8_M/LFRT_Flag_mi"
              }
            },
            {
              "rid": "Under_Frequency_Detection_Level1_mi",
              "type": "setting",
              "payload": {
                "name": "Under_Frequency_Detection_Level1_mi",
                "metricPath": "qcells_mpu/setting_data/INSTALL_DATA_GROUP8_M/Under_Frequency_Detection_Level1_mi"
              }
            },
            {
              "rid": "Under_Frequency_Detection_Time1_mi",
              "type": "setting",
              "payload": {
                "name": "Under_Frequency_Detection_Time1_mi",
                "metricPath": "qcells_mpu/setting_data/INSTALL_DATA_GROUP8_M/Under_Frequency_Detection_Time1_mi"
              }
            },
            {
              "rid": "Under_Frequency_Detection_Level2_mi",
              "type": "setting",
              "payload": {
                "name": "Under_Frequency_Detection_Level2_mi",
                "metricPath": "qcells_mpu/setting_data/INSTALL_DATA_GROUP8_M/Under_Frequency_Detection_Level2_mi"
              }
            },
            {
              "rid": "Under_Frequency_Detection_Time2_mi",
              "type": "setting",
              "payload": {
                "name": "Under_Frequency_Detection_Time2_mi",
                "metricPath": "qcells_mpu/setting_data/INSTALL_DATA_GROUP8_M/Under_Frequency_Detection_Time2_mi"
              }
            },
            {
              "rid": "Under_Frequency_Detection_Level3_mi",
              "type": "setting",
              "payload": {
                "name": "Under_Frequency_Detection_Level3_mi",
                "metricPath": "qcells_mpu/setting_data/INSTALL_DATA_GROUP8_M/Under_Frequency_Detection_Level3_mi"
              }
            },
            {
              "rid": "Under_Frequency_Detection_Time3_mi",
              "type": "setting",
              "payload": {
                "name": "Under_Frequency_Detection_Time3_mi",
                "metricPath": "qcells_mpu/setting_data/INSTALL_DATA_GROUP8_M/Under_Frequency_Detection_Time3_mi"
              }
            },
            {
              "rid": "Under_Frequency_Detection_Level4_mi",
              "type": "setting",
              "payload": {
                "name": "Under_Frequency_Detection_Level4_mi",
                "metricPath": "qcells_mpu/setting_data/INSTALL_DATA_GROUP8_M/Under_Frequency_Detection_Level4_mi"
              }
            },
            {
              "rid": "Under_Frequency_Detection_Time4_mi",
              "type": "setting",
              "payload": {
                "name": "Under_Frequency_Detection_Time4_mi",
                "metricPath": "qcells_mpu/setting_data/INSTALL_DATA_GROUP8_M/Under_Frequency_Detection_Time4_mi"
              }
            },
            {
              "rid": "Under_Frequency_Detection_Level5_mi",
              "type": "setting",
              "payload": {
                "name": "Under_Frequency_Detection_Level5_mi",
                "metricPath": "qcells_mpu/setting_data/INSTALL_DATA_GROUP8_M/Under_Frequency_Detection_Level5_mi"
              }
            },
            {
              "rid": "Under_Frequency_Detection_Time5_mi",
              "type": "setting",
              "payload": {
                "name": "Under_Frequency_Detection_Time5_mi",
                "metricPath": "qcells_mpu/setting_data/INSTALL_DATA_GROUP8_M/Under_Frequency_Detection_Time5_mi"
              }
            },
            {
              "rid": "Active_Power_Setpoint_Flag_ess",
              "type": "setting",
              "payload": {
                "name": "Active_Power_Setpoint_Flag_ess",
                "metricPath": "qcells_mpu/setting_data/INSTALL_DATA_GROUP9_E/Active_Power_Setpoint_Flag_ess"
              }
            },
            {
              "rid": "Active_Power_FreqWatt_Flag_ess",
              "type": "setting",
              "payload": {
                "name": "Active_Power_FreqWatt_Flag_ess",
                "metricPath": "qcells_mpu/setting_data/INSTALL_DATA_GROUP9_E/Active_Power_FreqWatt_Flag_ess"
              }
            },
            {
              "rid": "Active_Power_VoltWatt_Flag_ess",
              "type": "setting",
              "payload": {
                "name": "Active_Power_VoltWatt_Flag_ess",
                "metricPath": "qcells_mpu/setting_data/INSTALL_DATA_GROUP9_E/Active_Power_VoltWatt_Flag_ess"
              }
            },
            {
              "rid": "Active_Power_Set_Point_Value_ess",
              "type": "setting",
              "payload": {
                "name": "Active_Power_Set_Point_Value_ess",
                "metricPath": "qcells_mpu/setting_data/INSTALL_DATA_GROUP9_E/Active_Power_Set_Point_Value_ess"
              }
            },
            {
              "rid": "Active_Power_Set_Point_Gradient_ess",
              "type": "setting",
              "payload": {
                "name": "Active_Power_Set_Point_Gradient_ess",
                "metricPath": "qcells_mpu/setting_data/INSTALL_DATA_GROUP9_E/Active_Power_Set_Point_Gradient_ess"
              }
            },
            {
              "rid": "Active_power_freq_Droop_Kof_ess",
              "type": "setting",
              "payload": {
                "name": "Active_power_freq_Droop_Kof_ess",
                "metricPath": "qcells_mpu/setting_data/INSTALL_DATA_GROUP9_E/Active_power_freq_Droop_Kof_ess"
              }
            },
            {
              "rid": "Active_power_freq_Droop_Kuf_ess",
              "type": "setting",
              "payload": {
                "name": "Active_power_freq_Droop_Kuf_ess",
                "metricPath": "qcells_mpu/setting_data/INSTALL_DATA_GROUP9_E/Active_power_freq_Droop_Kuf_ess"
              }
            },
            {
              "rid": "Frequency_X1_ess",
              "type": "setting",
              "payload": {
                "name": "Frequency_X1_ess",
                "metricPath": "qcells_mpu/setting_data/INSTALL_DATA_GROUP9_E/Frequency_X1_ess"
              }
            },
            {
              "rid": "Frequency_X2_ess",
              "type": "setting",
              "payload": {
                "name": "Frequency_X2_ess",
                "metricPath": "qcells_mpu/setting_data/INSTALL_DATA_GROUP9_E/Frequency_X2_ess"
              }
            },
            {
              "rid": "Active_Power_frequency_Response_Time_ess",
              "type": "setting",
              "payload": {
                "name": "Active_Power_frequency_Response_Time_ess",
                "metricPath": "qcells_mpu/setting_data/INSTALL_DATA_GROUP9_E/Active_Power_frequency_Response_Time_ess"
              }
            },
            {
              "rid": "VoltWatt_X1_ess",
              "type": "setting",
              "payload": {
                "name": "VoltWatt_X1_ess",
                "metricPath": "qcells_mpu/setting_data/INSTALL_DATA_GROUP9_E/VoltWatt_X1_ess"
              }
            },
            {
              "rid": "VoltWatt_Y1_ess",
              "type": "setting",
              "payload": {
                "name": "VoltWatt_Y1_ess",
                "metricPath": "qcells_mpu/setting_data/INSTALL_DATA_GROUP9_E/VoltWatt_Y1_ess"
              }
            },
            {
              "rid": "VoltWatt_X2_ess",
              "type": "setting",
              "payload": {
                "name": "VoltWatt_X2_ess",
                "metricPath": "qcells_mpu/setting_data/INSTALL_DATA_GROUP9_E/VoltWatt_X2_ess"
              }
            },
            {
              "rid": "VoltWatt_Y2_ess",
              "type": "setting",
              "payload": {
                "name": "VoltWatt_Y2_ess",
                "metricPath": "qcells_mpu/setting_data/INSTALL_DATA_GROUP9_E/VoltWatt_Y2_ess"
              }
            },
            {
              "rid": "Voltwatt_Response_Time_ess",
              "type": "setting",
              "payload": {
                "name": "Voltwatt_Response_Time_ess",
                "metricPath": "qcells_mpu/setting_data/INSTALL_DATA_GROUP9_E/Voltwatt_Response_Time_ess"
              }
            },
            {
              "rid": "WattPmax_ess",
              "type": "setting",
              "payload": {
                "name": "WattPmax_ess",
                "metricPath": "qcells_mpu/setting_data/INSTALL_DATA_GROUP9_E/WattPmax_ess"
              }
            },
            {
              "rid": "WattPmin_ess",
              "type": "setting",
              "payload": {
                "name": "WattPmin_ess",
                "metricPath": "qcells_mpu/setting_data/INSTALL_DATA_GROUP9_E/WattPmin_ess"
              }
            },
            {
              "rid": "Active_Power_Setpoint_Flag_mi",
              "type": "setting",
              "payload": {
                "name": "Active_Power_Setpoint_Flag_mi",
                "metricPath": "qcells_mpu/setting_data/INSTALL_DATA_GROUP9_M/Active_Power_Setpoint_Flag_mi"
              }
            },
            {
              "rid": "Active_Power_FreqWatt_Flag_mi",
              "type": "setting",
              "payload": {
                "name": "Active_Power_FreqWatt_Flag_mi",
                "metricPath": "qcells_mpu/setting_data/INSTALL_DATA_GROUP9_M/Active_Power_FreqWatt_Flag_mi"
              }
            },
            {
              "rid": "Active_Power_VoltWatt_Flag_mi",
              "type": "setting",
              "payload": {
                "name": "Active_Power_VoltWatt_Flag_mi",
                "metricPath": "qcells_mpu/setting_data/INSTALL_DATA_GROUP9_M/Active_Power_VoltWatt_Flag_mi"
              }
            },
            {
              "rid": "Active_Power_Set_Point_Value_mi",
              "type": "setting",
              "payload": {
                "name": "Active_Power_Set_Point_Value_mi",
                "metricPath": "qcells_mpu/setting_data/INSTALL_DATA_GROUP9_M/Active_Power_Set_Point_Value_mi"
              }
            },
            {
              "rid": "Active_Power_Set_Point_Gradient_mi",
              "type": "setting",
              "payload": {
                "name": "Active_Power_Set_Point_Gradient_mi",
                "metricPath": "qcells_mpu/setting_data/INSTALL_DATA_GROUP9_M/Active_Power_Set_Point_Gradient_mi"
              }
            },
            {
              "rid": "Active_power_freq_Droop_Kof_mi",
              "type": "setting",
              "payload": {
                "name": "Active_power_freq_Droop_Kof_mi",
                "metricPath": "qcells_mpu/setting_data/INSTALL_DATA_GROUP9_M/Active_power_freq_Droop_Kof_mi"
              }
            },
            {
              "rid": "Active_power_freq_Droop_Kuf_mi",
              "type": "setting",
              "payload": {
                "name": "Active_power_freq_Droop_Kuf_mi",
                "metricPath": "qcells_mpu/setting_data/INSTALL_DATA_GROUP9_M/Active_power_freq_Droop_Kuf_mi"
              }
            },
            {
              "rid": "Frequency_X1_mi",
              "type": "setting",
              "payload": {
                "name": "Frequency_X1_mi",
                "metricPath": "qcells_mpu/setting_data/INSTALL_DATA_GROUP9_M/Frequency_X1_mi"
              }
            },
            {
              "rid": "Frequency_X2_mi",
              "type": "setting",
              "payload": {
                "name": "Frequency_X2_mi",
                "metricPath": "qcells_mpu/setting_data/INSTALL_DATA_GROUP9_M/Frequency_X2_mi"
              }
            },
            {
              "rid": "Active_Power_frequency_Response_Time_mi",
              "type": "setting",
              "payload": {
                "name": "Active_Power_frequency_Response_Time_mi",
                "metricPath": "qcells_mpu/setting_data/INSTALL_DATA_GROUP9_M/Active_Power_frequency_Response_Time_mi"
              }
            },
            {
              "rid": "VoltWatt_X1_mi",
              "type": "setting",
              "payload": {
                "name": "VoltWatt_X1_mi",
                "metricPath": "qcells_mpu/setting_data/INSTALL_DATA_GROUP9_M/VoltWatt_X1_mi"
              }
            },
            {
              "rid": "VoltWatt_Y1_mi",
              "type": "setting",
              "payload": {
                "name": "VoltWatt_Y1_mi",
                "metricPath": "qcells_mpu/setting_data/INSTALL_DATA_GROUP9_M/VoltWatt_Y1_mi"
              }
            },
            {
              "rid": "VoltWatt_X2_mi",
              "type": "setting",
              "payload": {
                "name": "VoltWatt_X2_mi",
                "metricPath": "qcells_mpu/setting_data/INSTALL_DATA_GROUP9_M/VoltWatt_X2_mi"
              }
            },
            {
              "rid": "VoltWatt_Y2_mi",
              "type": "setting",
              "payload": {
                "name": "VoltWatt_Y2_mi",
                "metricPath": "qcells_mpu/setting_data/INSTALL_DATA_GROUP9_M/VoltWatt_Y2_mi"
              }
            },
            {
              "rid": "Voltwatt_Response_Time_mi",
              "type": "setting",
              "payload": {
                "name": "Voltwatt_Response_Time_mi",
                "metricPath": "qcells_mpu/setting_data/INSTALL_DATA_GROUP9_M/Voltwatt_Response_Time_mi"
              }
            },
            {
              "rid": "WattPmax_mi",
              "type": "setting",
              "payload": {
                "name": "WattPmax_mi",
                "metricPath": "qcells_mpu/setting_data/INSTALL_DATA_GROUP9_M/WattPmax_mi"
              }
            },
            {
              "rid": "WattPmin_mi",
              "type": "setting",
              "payload": {
                "name": "WattPmin_mi",
                "metricPath": "qcells_mpu/setting_data/INSTALL_DATA_GROUP9_M/WattPmin_mi"
              }
            },
            {
              "rid": "Reactive_Power_CosPI_SetPoint_Flag_ess",
              "type": "setting",
              "payload": {
                "name": "Reactive_Power_CosPI_SetPoint_Flag_ess",
                "metricPath": "qcells_mpu/setting_data/INSTALL_DATA_GROUP10_E/Reactive_Power_CosPI_SetPoint_Flag_ess"
              }
            },
            {
              "rid": "Reactive_Power_Q_SetPoint_Flag_ess",
              "type": "setting",
              "payload": {
                "name": "Reactive_Power_Q_SetPoint_Flag_ess",
                "metricPath": "qcells_mpu/setting_data/INSTALL_DATA_GROUP10_E/Reactive_Power_Q_SetPoint_Flag_ess"
              }
            },
            {
              "rid": "Reactive_Power_VoltVar_Flag_ess",
              "type": "setting",
              "payload": {
                "name": "Reactive_Power_VoltVar_Flag_ess",
                "metricPath": "qcells_mpu/setting_data/INSTALL_DATA_GROUP10_E/Reactive_Power_VoltVar_Flag_ess"
              }
            },
            {
              "rid": "Reactive_Power_WattVar_Flag_ess",
              "type": "setting",
              "payload": {
                "name": "Reactive_Power_WattVar_Flag_ess",
                "metricPath": "qcells_mpu/setting_data/INSTALL_DATA_GROUP10_E/Reactive_Power_WattVar_Flag_ess"
              }
            },
            {
              "rid": "Reactive_Power_Dynamic_Reactive_Current_Flag_ess",
              "type": "setting",
              "payload": {
                "name": "Reactive_Power_Dynamic_Reactive_Current_Flag_ess",
                "metricPath": "qcells_mpu/setting_data/INSTALL_DATA_GROUP10_E/Reactive_Power_Dynamic_Reactive_Current_Flag_ess"
              }
            },
            {
              "rid": "Power_Factor_Excited_Flag_ess",
              "type": "setting",
              "payload": {
                "name": "Power_Factor_Excited_Flag_ess",
                "metricPath": "qcells_mpu/setting_data/INSTALL_DATA_GROUP10_E/Power_Factor_Excited_Flag_ess"
              }
            },
            {
              "rid": "ArGraMod_Flag_ess",
              "type": "setting",
              "payload": {
                "name": "ArGraMod_Flag_ess",
                "metricPath": "qcells_mpu/setting_data/INSTALL_DATA_GROUP10_E/ArGraMod_Flag_ess"
              }
            },
            {
              "rid": "Volt_var_Auto_Vref_Flag_ess",
              "type": "setting",
              "payload": {
                "name": "Volt_var_Auto_Vref_Flag_ess",
                "metricPath": "qcells_mpu/setting_data/INSTALL_DATA_GROUP10_E/Volt_var_Auto_Vref_Flag_ess"
              }
            },
            {
              "rid": "Cospi_Set_point_value_ess",
              "type": "setting",
              "payload": {
                "name": "Cospi_Set_point_value_ess",
                "metricPath": "qcells_mpu/setting_data/INSTALL_DATA_GROUP10_E/Cospi_Set_point_value_ess"
              }
            },
            {
              "rid": "Cospi_Set_point_Response_Time_ess",
              "type": "setting",
              "payload": {
                "name": "Cospi_Set_point_Response_Time_ess",
                "metricPath": "qcells_mpu/setting_data/INSTALL_DATA_GROUP10_E/Cospi_Set_point_Response_Time_ess"
              }
            },
            {
              "rid": "Cospi_Set_point_Apparent_Power_Priority_ess",
              "type": "setting",
              "payload": {
                "name": "Cospi_Set_point_Apparent_Power_Priority_ess",
                "metricPath": "qcells_mpu/setting_data/INSTALL_DATA_GROUP10_E/Cospi_Set_point_Apparent_Power_Priority_ess"
              }
            },
            {
              "rid": "Qp_Reactive_Power_Mode_ess",
              "type": "setting",
              "payload": {
                "name": "Qp_Reactive_Power_Mode_ess",
                "metricPath": "qcells_mpu/setting_data/INSTALL_DATA_GROUP10_E/Qp_Reactive_Power_Mode_ess"
              }
            },
            {
              "rid": "Qp_Apparent_Power_Priority_ess",
              "type": "setting",
              "payload": {
                "name": "Qp_Apparent_Power_Priority_ess",
                "metricPath": "qcells_mpu/setting_data/INSTALL_DATA_GROUP10_E/Qp_Apparent_Power_Priority_ess"
              }
            },
            {
              "rid": "wattvar_X1_ess",
              "type": "setting",
              "payload": {
                "name": "wattvar_X1_ess",
                "metricPath": "qcells_mpu/setting_data/INSTALL_DATA_GROUP10_E/wattvar_X1_ess"
              }
            },
            {
              "rid": "wattvar_Y1_ess",
              "type": "setting",
              "payload": {
                "name": "wattvar_Y1_ess",
                "metricPath": "qcells_mpu/setting_data/INSTALL_DATA_GROUP10_E/wattvar_Y1_ess"
              }
            },
            {
              "rid": "wattvar_X2_ess",
              "type": "setting",
              "payload": {
                "name": "wattvar_X2_ess",
                "metricPath": "qcells_mpu/setting_data/INSTALL_DATA_GROUP10_E/wattvar_X2_ess"
              }
            },
            {
              "rid": "wattvar_Y2_ess",
              "type": "setting",
              "payload": {
                "name": "wattvar_Y2_ess",
                "metricPath": "qcells_mpu/setting_data/INSTALL_DATA_GROUP10_E/wattvar_Y2_ess"
              }
            },
            {
              "rid": "wattvar_X3_ess",
              "type": "setting",
              "payload": {
                "name": "wattvar_X3_ess",
                "metricPath": "qcells_mpu/setting_data/INSTALL_DATA_GROUP10_E/wattvar_X3_ess"
              }
            },
            {
              "rid": "wattvar_Y3_ess",
              "type": "setting",
              "payload": {
                "name": "wattvar_Y3_ess",
                "metricPath": "qcells_mpu/setting_data/INSTALL_DATA_GROUP10_E/wattvar_Y3_ess"
              }
            },
            {
              "rid": "wattvar_X4_ess",
              "type": "setting",
              "payload": {
                "name": "wattvar_X4_ess",
                "metricPath": "qcells_mpu/setting_data/INSTALL_DATA_GROUP10_E/wattvar_X4_ess"
              }
            },
            {
              "rid": "wattvar_Y4_ess",
              "type": "setting",
              "payload": {
                "name": "wattvar_Y4_ess",
                "metricPath": "qcells_mpu/setting_data/INSTALL_DATA_GROUP10_E/wattvar_Y4_ess"
              }
            },
            {
              "rid": "wattvar_X5_ess",
              "type": "setting",
              "payload": {
                "name": "wattvar_X5_ess",
                "metricPath": "qcells_mpu/setting_data/INSTALL_DATA_GROUP10_E/wattvar_X5_ess"
              }
            },
            {
              "rid": "wattvar_Y5_ess",
              "type": "setting",
              "payload": {
                "name": "wattvar_Y5_ess",
                "metricPath": "qcells_mpu/setting_data/INSTALL_DATA_GROUP10_E/wattvar_Y5_ess"
              }
            },
            {
              "rid": "wattvar_X6_ess",
              "type": "setting",
              "payload": {
                "name": "wattvar_X6_ess",
                "metricPath": "qcells_mpu/setting_data/INSTALL_DATA_GROUP10_E/wattvar_X6_ess"
              }
            },
            {
              "rid": "wattvar_Y6_ess",
              "type": "setting",
              "payload": {
                "name": "wattvar_Y6_ess",
                "metricPath": "qcells_mpu/setting_data/INSTALL_DATA_GROUP10_E/wattvar_Y6_ess"
              }
            },
            {
              "rid": "Qp_Response_Time_ess",
              "type": "setting",
              "payload": {
                "name": "Qp_Response_Time_ess",
                "metricPath": "qcells_mpu/setting_data/INSTALL_DATA_GROUP10_E/Qp_Response_Time_ess"
              }
            },
            {
              "rid": "Q_Setpoint_Reactive_Power_Mode_ess",
              "type": "setting",
              "payload": {
                "name": "Q_Setpoint_Reactive_Power_Mode_ess",
                "metricPath": "qcells_mpu/setting_data/INSTALL_DATA_GROUP10_E/Q_Setpoint_Reactive_Power_Mode_ess"
              }
            },
            {
              "rid": "Q_setpoint_Apparent_Power_Priority_ess",
              "type": "setting",
              "payload": {
                "name": "Q_setpoint_Apparent_Power_Priority_ess",
                "metricPath": "qcells_mpu/setting_data/INSTALL_DATA_GROUP10_E/Q_setpoint_Apparent_Power_Priority_ess"
              }
            },
            {
              "rid": "Q_Setpoint_Value_ess",
              "type": "setting",
              "payload": {
                "name": "Q_Setpoint_Value_ess",
                "metricPath": "qcells_mpu/setting_data/INSTALL_DATA_GROUP10_E/Q_Setpoint_Value_ess"
              }
            },
            {
              "rid": "Q_Setpoint_Response_Time_ess",
              "type": "setting",
              "payload": {
                "name": "Q_Setpoint_Response_Time_ess",
                "metricPath": "qcells_mpu/setting_data/INSTALL_DATA_GROUP10_E/Q_Setpoint_Response_Time_ess"
              }
            },
            {
              "rid": "Reactive_Power_CosPI_SetPoint_Flag_mi",
              "type": "setting",
              "payload": {
                "name": "Reactive_Power_CosPI_SetPoint_Flag_mi",
                "metricPath": "qcells_mpu/setting_data/INSTALL_DATA_GROUP10_M/Reactive_Power_CosPI_SetPoint_Flag_mi"
              }
            },
            {
              "rid": "Reactive_Power_Q_SetPoint_Flag_mi",
              "type": "setting",
              "payload": {
                "name": "Reactive_Power_Q_SetPoint_Flag_mi",
                "metricPath": "qcells_mpu/setting_data/INSTALL_DATA_GROUP10_M/Reactive_Power_Q_SetPoint_Flag_mi"
              }
            },
            {
              "rid": "Reactive_Power_VoltVar_Flag_mi",
              "type": "setting",
              "payload": {
                "name": "Reactive_Power_VoltVar_Flag_mi",
                "metricPath": "qcells_mpu/setting_data/INSTALL_DATA_GROUP10_M/Reactive_Power_VoltVar_Flag_mi"
              }
            },
            {
              "rid": "Reactive_Power_WattVar_Flag_mi",
              "type": "setting",
              "payload": {
                "name": "Reactive_Power_WattVar_Flag_mi",
                "metricPath": "qcells_mpu/setting_data/INSTALL_DATA_GROUP10_M/Reactive_Power_WattVar_Flag_mi"
              }
            },
            {
              "rid": "Reactive_Power_Dynamic_Reactive_Current_Flag_mi",
              "type": "setting",
              "payload": {
                "name": "Reactive_Power_Dynamic_Reactive_Current_Flag_mi",
                "metricPath": "qcells_mpu/setting_data/INSTALL_DATA_GROUP10_M/Reactive_Power_Dynamic_Reactive_Current_Flag_mi"
              }
            },
            {
              "rid": "Power_Factor_Excited_Flag_mi",
              "type": "setting",
              "payload": {
                "name": "Power_Factor_Excited_Flag_mi",
                "metricPath": "qcells_mpu/setting_data/INSTALL_DATA_GROUP10_M/Power_Factor_Excited_Flag_mi"
              }
            },
            {
              "rid": "ArGraMod_Flag_mi",
              "type": "setting",
              "payload": {
                "name": "ArGraMod_Flag_mi",
                "metricPath": "qcells_mpu/setting_data/INSTALL_DATA_GROUP10_M/ArGraMod_Flag_mi"
              }
            },
            {
              "rid": "Volt_var_Auto_Vref_Flag_mi",
              "type": "setting",
              "payload": {
                "name": "Volt_var_Auto_Vref_Flag_mi",
                "metricPath": "qcells_mpu/setting_data/INSTALL_DATA_GROUP10_M/Volt_var_Auto_Vref_Flag_mi"
              }
            },
            {
              "rid": "Cospi_Set_point_value_mi",
              "type": "setting",
              "payload": {
                "name": "Cospi_Set_point_value_mi",
                "metricPath": "qcells_mpu/setting_data/INSTALL_DATA_GROUP10_M/Cospi_Set_point_value_mi"
              }
            },
            {
              "rid": "Cospi_Set_point_Response_Time_mi",
              "type": "setting",
              "payload": {
                "name": "Cospi_Set_point_Response_Time_mi",
                "metricPath": "qcells_mpu/setting_data/INSTALL_DATA_GROUP10_M/Cospi_Set_point_Response_Time_mi"
              }
            },
            {
              "rid": "Cospi_Set_point_Apparent_Power_Priority_mi",
              "type": "setting",
              "payload": {
                "name": "Cospi_Set_point_Apparent_Power_Priority_mi",
                "metricPath": "qcells_mpu/setting_data/INSTALL_DATA_GROUP10_M/Cospi_Set_point_Apparent_Power_Priority_mi"
              }
            },
            {
              "rid": "Qp_Reactive_Power_Mode_mi",
              "type": "setting",
              "payload": {
                "name": "Qp_Reactive_Power_Mode_mi",
                "metricPath": "qcells_mpu/setting_data/INSTALL_DATA_GROUP10_M/Qp_Reactive_Power_Mode_mi"
              }
            },
            {
              "rid": "Qp_Apparent_Power_Priority_mi",
              "type": "setting",
              "payload": {
                "name": "Qp_Apparent_Power_Priority_mi",
                "metricPath": "qcells_mpu/setting_data/INSTALL_DATA_GROUP10_M/Qp_Apparent_Power_Priority_mi"
              }
            },
            {
              "rid": "wattvar_X1_mi",
              "type": "setting",
              "payload": {
                "name": "wattvar_X1_mi",
                "metricPath": "qcells_mpu/setting_data/INSTALL_DATA_GROUP10_M/wattvar_X1_mi"
              }
            },
            {
              "rid": "wattvar_Y1_mi",
              "type": "setting",
              "payload": {
                "name": "wattvar_Y1_mi",
                "metricPath": "qcells_mpu/setting_data/INSTALL_DATA_GROUP10_M/wattvar_Y1_mi"
              }
            },
            {
              "rid": "wattvar_X2_mi",
              "type": "setting",
              "payload": {
                "name": "wattvar_X2_mi",
                "metricPath": "qcells_mpu/setting_data/INSTALL_DATA_GROUP10_M/wattvar_X2_mi"
              }
            },
            {
              "rid": "wattvar_Y2_mi",
              "type": "setting",
              "payload": {
                "name": "wattvar_Y2_mi",
                "metricPath": "qcells_mpu/setting_data/INSTALL_DATA_GROUP10_M/wattvar_Y2_mi"
              }
            },
            {
              "rid": "wattvar_X3_mi",
              "type": "setting",
              "payload": {
                "name": "wattvar_X3_mi",
                "metricPath": "qcells_mpu/setting_data/INSTALL_DATA_GROUP10_M/wattvar_X3_mi"
              }
            },
            {
              "rid": "wattvar_Y3_mi",
              "type": "setting",
              "payload": {
                "name": "wattvar_Y3_mi",
                "metricPath": "qcells_mpu/setting_data/INSTALL_DATA_GROUP10_M/wattvar_Y3_mi"
              }
            },
            {
              "rid": "wattvar_X4_mi",
              "type": "setting",
              "payload": {
                "name": "wattvar_X4_mi",
                "metricPath": "qcells_mpu/setting_data/INSTALL_DATA_GROUP10_M/wattvar_X4_mi"
              }
            },
            {
              "rid": "wattvar_Y4_mi",
              "type": "setting",
              "payload": {
                "name": "wattvar_Y4_mi",
                "metricPath": "qcells_mpu/setting_data/INSTALL_DATA_GROUP10_M/wattvar_Y4_mi"
              }
            },
            {
              "rid": "wattvar_X5_mi",
              "type": "setting",
              "payload": {
                "name": "wattvar_X5_mi",
                "metricPath": "qcells_mpu/setting_data/INSTALL_DATA_GROUP10_M/wattvar_X5_mi"
              }
            },
            {
              "rid": "wattvar_Y5_mi",
              "type": "setting",
              "payload": {
                "name": "wattvar_Y5_mi",
                "metricPath": "qcells_mpu/setting_data/INSTALL_DATA_GROUP10_M/wattvar_Y5_mi"
              }
            },
            {
              "rid": "wattvar_X6_mi",
              "type": "setting",
              "payload": {
                "name": "wattvar_X6_mi",
                "metricPath": "qcells_mpu/setting_data/INSTALL_DATA_GROUP10_M/wattvar_X6_mi"
              }
            },
            {
              "rid": "wattvar_Y6_mi",
              "type": "setting",
              "payload": {
                "name": "wattvar_Y6_mi",
                "metricPath": "qcells_mpu/setting_data/INSTALL_DATA_GROUP10_M/wattvar_Y6_mi"
              }
            },
            {
              "rid": "Qp_Response_Time_mi",
              "type": "setting",
              "payload": {
                "name": "Qp_Response_Time_mi",
                "metricPath": "qcells_mpu/setting_data/INSTALL_DATA_GROUP10_M/Qp_Response_Time_mi"
              }
            },
            {
              "rid": "Q_Setpoint_Reactive_Power_Mode_mi",
              "type": "setting",
              "payload": {
                "name": "Q_Setpoint_Reactive_Power_Mode_mi",
                "metricPath": "qcells_mpu/setting_data/INSTALL_DATA_GROUP10_M/Q_Setpoint_Reactive_Power_Mode_mi"
              }
            },
            {
              "rid": "Q_setpoint_Apparent_Power_Priority_mi",
              "type": "setting",
              "payload": {
                "name": "Q_setpoint_Apparent_Power_Priority_mi",
                "metricPath": "qcells_mpu/setting_data/INSTALL_DATA_GROUP10_M/Q_setpoint_Apparent_Power_Priority_mi"
              }
            },
            {
              "rid": "Q_Setpoint_Value_mi",
              "type": "setting",
              "payload": {
                "name": "Q_Setpoint_Value_mi",
                "metricPath": "qcells_mpu/setting_data/INSTALL_DATA_GROUP10_M/Q_Setpoint_Value_mi"
              }
            },
            {
              "rid": "Q_Setpoint_Response_Time_mi",
              "type": "setting",
              "payload": {
                "name": "Q_Setpoint_Response_Time_mi",
                "metricPath": "qcells_mpu/setting_data/INSTALL_DATA_GROUP10_M/Q_Setpoint_Response_Time_mi"
              }
            },
            {
              "rid": "Qu_Reactive_Power_Mode_ess",
              "type": "setting",
              "payload": {
                "name": "Qu_Reactive_Power_Mode_ess",
                "metricPath": "qcells_mpu/setting_data/INSTALL_DATA_GROUP11_E/Qu_Reactive_Power_Mode_ess"
              }
            },
            {
              "rid": "Qu_Apparent_Power_Priority_ess",
              "type": "setting",
              "payload": {
                "name": "Qu_Apparent_Power_Priority_ess",
                "metricPath": "qcells_mpu/setting_data/INSTALL_DATA_GROUP11_E/Qu_Apparent_Power_Priority_ess"
              }
            },
            {
              "rid": "Qu_Vref_ess",
              "type": "setting",
              "payload": {
                "name": "Qu_Vref_ess",
                "metricPath": "qcells_mpu/setting_data/INSTALL_DATA_GROUP11_E/Qu_Vref_ess"
              }
            },
            {
              "rid": "Reactive_Power_Auto_vref_avg_time_ess",
              "type": "setting",
              "payload": {
                "name": "Reactive_Power_Auto_vref_avg_time_ess",
                "metricPath": "qcells_mpu/setting_data/INSTALL_DATA_GROUP11_E/Reactive_Power_Auto_vref_avg_time_ess"
              }
            },
            {
              "rid": "voltvar_X1_ess",
              "type": "setting",
              "payload": {
                "name": "voltvar_X1_ess",
                "metricPath": "qcells_mpu/setting_data/INSTALL_DATA_GROUP11_E/voltvar_X1_ess"
              }
            },
            {
              "rid": "voltvar_Y1_ess",
              "type": "setting",
              "payload": {
                "name": "voltvar_Y1_ess",
                "metricPath": "qcells_mpu/setting_data/INSTALL_DATA_GROUP11_E/voltvar_Y1_ess"
              }
            },
            {
              "rid": "voltvar_X2_ess",
              "type": "setting",
              "payload": {
                "name": "voltvar_X2_ess",
                "metricPath": "qcells_mpu/setting_data/INSTALL_DATA_GROUP11_E/voltvar_X2_ess"
              }
            },
            {
              "rid": "voltvar_Y2_ess",
              "type": "setting",
              "payload": {
                "name": "voltvar_Y2_ess",
                "metricPath": "qcells_mpu/setting_data/INSTALL_DATA_GROUP11_E/voltvar_Y2_ess"
              }
            },
            {
              "rid": "voltvar_X3_ess",
              "type": "setting",
              "payload": {
                "name": "voltvar_X3_ess",
                "metricPath": "qcells_mpu/setting_data/INSTALL_DATA_GROUP11_E/voltvar_X3_ess"
              }
            },
            {
              "rid": "voltvar_Y3_ess",
              "type": "setting",
              "payload": {
                "name": "voltvar_Y3_ess",
                "metricPath": "qcells_mpu/setting_data/INSTALL_DATA_GROUP11_E/voltvar_Y3_ess"
              }
            },
            {
              "rid": "voltvar_X4_ess",
              "type": "setting",
              "payload": {
                "name": "voltvar_X4_ess",
                "metricPath": "qcells_mpu/setting_data/INSTALL_DATA_GROUP11_E/voltvar_X4_ess"
              }
            },
            {
              "rid": "voltvar_Y4_ess",
              "type": "setting",
              "payload": {
                "name": "voltvar_Y4_ess",
                "metricPath": "qcells_mpu/setting_data/INSTALL_DATA_GROUP11_E/voltvar_Y4_ess"
              }
            },
            {
              "rid": "Qu_Response_Time_ess",
              "type": "setting",
              "payload": {
                "name": "Qu_Response_Time_ess",
                "metricPath": "qcells_mpu/setting_data/INSTALL_DATA_GROUP11_E/Qu_Response_Time_ess"
              }
            },
            {
              "rid": "Reactive_Current_DbVMin_ess",
              "type": "setting",
              "payload": {
                "name": "Reactive_Current_DbVMin_ess",
                "metricPath": "qcells_mpu/setting_data/INSTALL_DATA_GROUP11_E/Reactive_Current_DbVMin_ess"
              }
            },
            {
              "rid": "Reactive_Current_DbVMax_ess",
              "type": "setting",
              "payload": {
                "name": "Reactive_Current_DbVMax_ess",
                "metricPath": "qcells_mpu/setting_data/INSTALL_DATA_GROUP11_E/Reactive_Current_DbVMax_ess"
              }
            },
            {
              "rid": "ArGraSag_ess",
              "type": "setting",
              "payload": {
                "name": "ArGraSag_ess",
                "metricPath": "qcells_mpu/setting_data/INSTALL_DATA_GROUP11_E/ArGraSag_ess"
              }
            },
            {
              "rid": "ArGraSwell_ess",
              "type": "setting",
              "payload": {
                "name": "ArGraSwell_ess",
                "metricPath": "qcells_mpu/setting_data/INSTALL_DATA_GROUP11_E/ArGraSwell_ess"
              }
            },
            {
              "rid": "HoldTmms_ess",
              "type": "setting",
              "payload": {
                "name": "HoldTmms_ess",
                "metricPath": "qcells_mpu/setting_data/INSTALL_DATA_GROUP11_E/HoldTmms_ess"
              }
            },
            {
              "rid": "FilterTms_ess",
              "type": "setting",
              "payload": {
                "name": "FilterTms_ess",
                "metricPath": "qcells_mpu/setting_data/INSTALL_DATA_GROUP11_E/FilterTms_ess"
              }
            },
            {
              "rid": "Volt_var_SA_Mode_Flag_ess",
              "type": "setting",
              "payload": {
                "name": "Volt_var_SA_Mode_Flag_ess",
                "metricPath": "qcells_mpu/setting_data/INSTALL_DATA_GROUP11_E/Volt_var_SA_Mode_Flag_ess"
              }
            },
            {
              "rid": "Qu_Reactive_Power_Mode_mi",
              "type": "setting",
              "payload": {
                "name": "Qu_Reactive_Power_Mode_mi",
                "metricPath": "qcells_mpu/setting_data/INSTALL_DATA_GROUP11_M/Qu_Reactive_Power_Mode_mi"
              }
            },
            {
              "rid": "Qu_Apparent_Power_Priority_mi",
              "type": "setting",
              "payload": {
                "name": "Qu_Apparent_Power_Priority_mi",
                "metricPath": "qcells_mpu/setting_data/INSTALL_DATA_GROUP11_M/Qu_Apparent_Power_Priority_mi"
              }
            },
            {
              "rid": "Qu_Vref_mi",
              "type": "setting",
              "payload": {
                "name": "Qu_Vref_mi",
                "metricPath": "qcells_mpu/setting_data/INSTALL_DATA_GROUP11_M/Qu_Vref_mi"
              }
            },
            {
              "rid": "Reactive_Power_Auto_vref_avg_time_mi",
              "type": "setting",
              "payload": {
                "name": "Reactive_Power_Auto_vref_avg_time_mi",
                "metricPath": "qcells_mpu/setting_data/INSTALL_DATA_GROUP11_M/Reactive_Power_Auto_vref_avg_time_mi"
              }
            },
            {
              "rid": "voltvar_X1_mi",
              "type": "setting",
              "payload": {
                "name": "voltvar_X1_mi",
                "metricPath": "qcells_mpu/setting_data/INSTALL_DATA_GROUP11_M/voltvar_X1_mi"
              }
            },
            {
              "rid": "voltvar_Y1_mi",
              "type": "setting",
              "payload": {
                "name": "voltvar_Y1_mi",
                "metricPath": "qcells_mpu/setting_data/INSTALL_DATA_GROUP11_M/voltvar_Y1_mi"
              }
            },
            {
              "rid": "voltvar_X2_mi",
              "type": "setting",
              "payload": {
                "name": "voltvar_X2_mi",
                "metricPath": "qcells_mpu/setting_data/INSTALL_DATA_GROUP11_M/voltvar_X2_mi"
              }
            },
            {
              "rid": "voltvar_Y2_mi",
              "type": "setting",
              "payload": {
                "name": "voltvar_Y2_mi",
                "metricPath": "qcells_mpu/setting_data/INSTALL_DATA_GROUP11_M/voltvar_Y2_mi"
              }
            },
            {
              "rid": "voltvar_X3_mi",
              "type": "setting",
              "payload": {
                "name": "voltvar_X3_mi",
                "metricPath": "qcells_mpu/setting_data/INSTALL_DATA_GROUP11_M/voltvar_X3_mi"
              }
            },
            {
              "rid": "voltvar_Y3_mi",
              "type": "setting",
              "payload": {
                "name": "voltvar_Y3_mi",
                "metricPath": "qcells_mpu/setting_data/INSTALL_DATA_GROUP11_M/voltvar_Y3_mi"
              }
            },
            {
              "rid": "voltvar_X4_mi",
              "type": "setting",
              "payload": {
                "name": "voltvar_X4_mi",
                "metricPath": "qcells_mpu/setting_data/INSTALL_DATA_GROUP11_M/voltvar_X4_mi"
              }
            },
            {
              "rid": "voltvar_Y4_mi",
              "type": "setting",
              "payload": {
                "name": "voltvar_Y4_mi",
                "metricPath": "qcells_mpu/setting_data/INSTALL_DATA_GROUP11_M/voltvar_Y4_mi"
              }
            },
            {
              "rid": "Qu_Response_Time_mi",
              "type": "setting",
              "payload": {
                "name": "Qu_Response_Time_mi",
                "metricPath": "qcells_mpu/setting_data/INSTALL_DATA_GROUP11_M/Qu_Response_Time_mi"
              }
            },
            {
              "rid": "Reactive_Current_DbVMin_mi",
              "type": "setting",
              "payload": {
                "name": "Reactive_Current_DbVMin_mi",
                "metricPath": "qcells_mpu/setting_data/INSTALL_DATA_GROUP11_M/Reactive_Current_DbVMin_mi"
              }
            },
            {
              "rid": "Reactive_Current_DbVMax_mi",
              "type": "setting",
              "payload": {
                "name": "Reactive_Current_DbVMax_mi",
                "metricPath": "qcells_mpu/setting_data/INSTALL_DATA_GROUP11_M/Reactive_Current_DbVMax_mi"
              }
            },
            {
              "rid": "ArGraSag_mi",
              "type": "setting",
              "payload": {
                "name": "ArGraSag_mi",
                "metricPath": "qcells_mpu/setting_data/INSTALL_DATA_GROUP11_M/ArGraSag_mi"
              }
            },
            {
              "rid": "ArGraSwell_mi",
              "type": "setting",
              "payload": {
                "name": "ArGraSwell_mi",
                "metricPath": "qcells_mpu/setting_data/INSTALL_DATA_GROUP11_M/ArGraSwell_mi"
              }
            },
            {
              "rid": "HoldTmms_mi",
              "type": "setting",
              "payload": {
                "name": "HoldTmms_mi",
                "metricPath": "qcells_mpu/setting_data/INSTALL_DATA_GROUP11_M/HoldTmms_mi"
              }
            },
            {
              "rid": "FilterTms_mi",
              "type": "setting",
              "payload": {
                "name": "FilterTms_mi",
                "metricPath": "qcells_mpu/setting_data/INSTALL_DATA_GROUP11_M/FilterTms_mi"
              }
            },
            {
              "rid": "Volt_var_SA_Mode_Flag_mi",
              "type": "setting",
              "payload": {
                "name": "Volt_var_SA_Mode_Flag_mi",
                "metricPath": "qcells_mpu/setting_data/INSTALL_DATA_GROUP11_M/Volt_var_SA_Mode_Flag_mi"
              }
            },
            {
              "rid": "Grid_Code_Range_ess",
              "type": "setting",
              "payload": {
                "name": "Grid_Code_Range_ess",
                "metricPath": "qcells_mpu/setting_data/INSTALL_DATA_GROUP12_E/Grid_Code_Range_ess"
              }
            },
            {
              "rid": "DC_Injection_Detection_Flag_ess",
              "type": "setting",
              "payload": {
                "name": "DC_Injection_Detection_Flag_ess",
                "metricPath": "qcells_mpu/setting_data/INSTALL_DATA_GROUP12_E/DC_Injection_Detection_Flag_ess"
              }
            },
            {
              "rid": "DC_Injection_Control_Flag_ess",
              "type": "setting",
              "payload": {
                "name": "DC_Injection_Control_Flag_ess",
                "metricPath": "qcells_mpu/setting_data/INSTALL_DATA_GROUP12_E/DC_Injection_Control_Flag_ess"
              }
            },
            {
              "rid": "DC_Injection_Fault_Level1_ess",
              "type": "setting",
              "payload": {
                "name": "DC_Injection_Fault_Level1_ess",
                "metricPath": "qcells_mpu/setting_data/INSTALL_DATA_GROUP12_E/DC_Injection_Fault_Level1_ess"
              }
            },
            {
              "rid": "DC_Injection_Time_Level1_ess",
              "type": "setting",
              "payload": {
                "name": "DC_Injection_Time_Level1_ess",
                "metricPath": "qcells_mpu/setting_data/INSTALL_DATA_GROUP12_E/DC_Injection_Time_Level1_ess"
              }
            },
            {
              "rid": "DC_Injection_Fault_Level2_ess",
              "type": "setting",
              "payload": {
                "name": "DC_Injection_Fault_Level2_ess",
                "metricPath": "qcells_mpu/setting_data/INSTALL_DATA_GROUP12_E/DC_Injection_Fault_Level2_ess"
              }
            },
            {
              "rid": "DC_Injection_Time_Level2_ess",
              "type": "setting",
              "payload": {
                "name": "DC_Injection_Time_Level2_ess",
                "metricPath": "qcells_mpu/setting_data/INSTALL_DATA_GROUP12_E/DC_Injection_Time_Level2_ess"
              }
            },
            {
              "rid": "DC_Injection_Control_Level_ess",
              "type": "setting",
              "payload": {
                "name": "DC_Injection_Control_Level_ess",
                "metricPath": "qcells_mpu/setting_data/INSTALL_DATA_GROUP12_E/DC_Injection_Control_Level_ess"
              }
            },
            {
              "rid": "Anti_Islanding_Active_Method_Detection_Flag_ess",
              "type": "setting",
              "payload": {
                "name": "Anti_Islanding_Active_Method_Detection_Flag_ess",
                "metricPath": "qcells_mpu/setting_data/INSTALL_DATA_GROUP12_E/Anti_Islanding_Active_Method_Detection_Flag_ess"
              }
            },
            {
              "rid": "Anti_Islanding_Freq_Feedback_Function_Flag_ess",
              "type": "setting",
              "payload": {
                "name": "Anti_Islanding_Freq_Feedback_Function_Flag_ess",
                "metricPath": "qcells_mpu/setting_data/INSTALL_DATA_GROUP12_E/Anti_Islanding_Freq_Feedback_Function_Flag_ess"
              }
            },
            {
              "rid": "Anti_Islanding_Gain1_ess",
              "type": "setting",
              "payload": {
                "name": "Anti_Islanding_Gain1_ess",
                "metricPath": "qcells_mpu/setting_data/INSTALL_DATA_GROUP12_E/Anti_Islanding_Gain1_ess"
              }
            },
            {
              "rid": "Anti_Islanding_Gain2_ess",
              "type": "setting",
              "payload": {
                "name": "Anti_Islanding_Gain2_ess",
                "metricPath": "qcells_mpu/setting_data/INSTALL_DATA_GROUP12_E/Anti_Islanding_Gain2_ess"
              }
            },
            {
              "rid": "Anti_Islanding_Freq_Feedback_ess",
              "type": "setting",
              "payload": {
                "name": "Anti_Islanding_Freq_Feedback_ess",
                "metricPath": "qcells_mpu/setting_data/INSTALL_DATA_GROUP12_E/Anti_Islanding_Freq_Feedback_ess"
              }
            },
            {
              "rid": "Anti_Islanding_Step_Injection_ess",
              "type": "setting",
              "payload": {
                "name": "Anti_Islanding_Step_Injection_ess",
                "metricPath": "qcells_mpu/setting_data/INSTALL_DATA_GROUP12_E/Anti_Islanding_Step_Injection_ess"
              }
            },
            {
              "rid": "Softstart_Gradient_Enable_Flag_ess",
              "type": "setting",
              "payload": {
                "name": "Softstart_Gradient_Enable_Flag_ess",
                "metricPath": "qcells_mpu/setting_data/INSTALL_DATA_GROUP12_E/Softstart_Gradient_Enable_Flag_ess"
              }
            },
            {
              "rid": "GradientUnit_Select_Flag_ess",
              "type": "setting",
              "payload": {
                "name": "GradientUnit_Select_Flag_ess",
                "metricPath": "qcells_mpu/setting_data/INSTALL_DATA_GROUP12_E/GradientUnit_Select_Flag_ess"
              }
            },
            {
              "rid": "Soft_Start_Gradient_ess",
              "type": "setting",
              "payload": {
                "name": "Soft_Start_Gradient_ess",
                "metricPath": "qcells_mpu/setting_data/INSTALL_DATA_GROUP12_E/Soft_Start_Gradient_ess"
              }
            },
            {
              "rid": "Permit_Service_Mode_Select_ess",
              "type": "setting",
              "payload": {
                "name": "Permit_Service_Mode_Select_ess",
                "metricPath": "qcells_mpu/setting_data/INSTALL_DATA_GROUP12_E/Permit_Service_Mode_Select_ess"
              }
            },
            {
              "rid": "Enter_Service_RANDOMIZED_DELAY_ess",
              "type": "setting",
              "payload": {
                "name": "Enter_Service_RANDOMIZED_DELAY_ess",
                "metricPath": "qcells_mpu/setting_data/INSTALL_DATA_GROUP12_E/Enter_Service_RANDOMIZED_DELAY_ess"
              }
            },
            {
              "rid": "Reconnection_Time_ess",
              "type": "setting",
              "payload": {
                "name": "Reconnection_Time_ess",
                "metricPath": "qcells_mpu/setting_data/INSTALL_DATA_GROUP12_E/Reconnection_Time_ess"
              }
            },
            {
              "rid": "Randomized_delay_Time_ess",
              "type": "setting",
              "payload": {
                "name": "Randomized_delay_Time_ess",
                "metricPath": "qcells_mpu/setting_data/INSTALL_DATA_GROUP12_E/Randomized_delay_Time_ess"
              }
            },
            {
              "rid": "Over_Voltage_Release_Level_ess",
              "type": "setting",
              "payload": {
                "name": "Over_Voltage_Release_Level_ess",
                "metricPath": "qcells_mpu/setting_data/INSTALL_DATA_GROUP12_E/Over_Voltage_Release_Level_ess"
              }
            },
            {
              "rid": "Over_Voltage_Release_Time_ess",
              "type": "setting",
              "payload": {
                "name": "Over_Voltage_Release_Time_ess",
                "metricPath": "qcells_mpu/setting_data/INSTALL_DATA_GROUP12_E/Over_Voltage_Release_Time_ess"
              }
            },
            {
              "rid": "Under_Voltage_Release_Level_ess",
              "type": "setting",
              "payload": {
                "name": "Under_Voltage_Release_Level_ess",
                "metricPath": "qcells_mpu/setting_data/INSTALL_DATA_GROUP12_E/Under_Voltage_Release_Level_ess"
              }
            },
            {
              "rid": "Under_Voltage_Release_Time_ess",
              "type": "setting",
              "payload": {
                "name": "Under_Voltage_Release_Time_ess",
                "metricPath": "qcells_mpu/setting_data/INSTALL_DATA_GROUP12_E/Under_Voltage_Release_Time_ess"
              }
            },
            {
              "rid": "Over_Frequency_Release_Level_ess",
              "type": "setting",
              "payload": {
                "name": "Over_Frequency_Release_Level_ess",
                "metricPath": "qcells_mpu/setting_data/INSTALL_DATA_GROUP12_E/Over_Frequency_Release_Level_ess"
              }
            },
            {
              "rid": "Over_Frequency_Release_Time_ess",
              "type": "setting",
              "payload": {
                "name": "Over_Frequency_Release_Time_ess",
                "metricPath": "qcells_mpu/setting_data/INSTALL_DATA_GROUP12_E/Over_Frequency_Release_Time_ess"
              }
            },
            {
              "rid": "Under_Frequency_Release_Level_ess",
              "type": "setting",
              "payload": {
                "name": "Under_Frequency_Release_Level_ess",
                "metricPath": "qcells_mpu/setting_data/INSTALL_DATA_GROUP12_E/Under_Frequency_Release_Level_ess"
              }
            },
            {
              "rid": "Under_Frequency_Release_Time_ess",
              "type": "setting",
              "payload": {
                "name": "Under_Frequency_Release_Time_ess",
                "metricPath": "qcells_mpu/setting_data/INSTALL_DATA_GROUP12_E/Under_Frequency_Release_Time_ess"
              }
            },
            {
              "rid": "IEEE2030_5_Curve_Type_ess",
              "type": "setting",
              "payload": {
                "name": "IEEE2030_5_Curve_Type_ess",
                "metricPath": "qcells_mpu/setting_data/INSTALL_DATA_GROUP12_E/IEEE2030_5_Curve_Type_ess"
              }
            },
            {
              "rid": "IEEE2030_5_Curve_Flag_ess",
              "type": "setting",
              "payload": {
                "name": "IEEE2030_5_Curve_Flag_ess",
                "metricPath": "qcells_mpu/setting_data/INSTALL_DATA_GROUP12_E/IEEE2030_5_Curve_Flag_ess"
              }
            },
            {
              "rid": "HVRT_Momentary_Level_ess",
              "type": "setting",
              "payload": {
                "name": "HVRT_Momentary_Level_ess",
                "metricPath": "qcells_mpu/setting_data/INSTALL_DATA_GROUP12_E/HVRT_Momentary_Level_ess"
              }
            },
            {
              "rid": "LVRT_Momentary_Level_ess",
              "type": "setting",
              "payload": {
                "name": "LVRT_Momentary_Level_ess",
                "metricPath": "qcells_mpu/setting_data/INSTALL_DATA_GROUP12_E/LVRT_Momentary_Level_ess"
              }
            },
            {
              "rid": "Grid_Code_Range_mi",
              "type": "setting",
              "payload": {
                "name": "Grid_Code_Range_mi",
                "metricPath": "qcells_mpu/setting_data/INSTALL_DATA_GROUP12_M/Grid_Code_Range_mi"
              }
            },
            {
              "rid": "DC_Injection_Detection_Flag_mi",
              "type": "setting",
              "payload": {
                "name": "DC_Injection_Detection_Flag_mi",
                "metricPath": "qcells_mpu/setting_data/INSTALL_DATA_GROUP12_M/DC_Injection_Detection_Flag_mi"
              }
            },
            {
              "rid": "DC_Injection_Control_Flag_mi",
              "type": "setting",
              "payload": {
                "name": "DC_Injection_Control_Flag_mi",
                "metricPath": "qcells_mpu/setting_data/INSTALL_DATA_GROUP12_M/DC_Injection_Control_Flag_mi"
              }
            },
            {
              "rid": "DC_Injection_Fault_Level1_mi",
              "type": "setting",
              "payload": {
                "name": "DC_Injection_Fault_Level1_mi",
                "metricPath": "qcells_mpu/setting_data/INSTALL_DATA_GROUP12_M/DC_Injection_Fault_Level1_mi"
              }
            },
            {
              "rid": "DC_Injection_Time_Level1_mi",
              "type": "setting",
              "payload": {
                "name": "DC_Injection_Time_Level1_mi",
                "metricPath": "qcells_mpu/setting_data/INSTALL_DATA_GROUP12_M/DC_Injection_Time_Level1_mi"
              }
            },
            {
              "rid": "DC_Injection_Fault_Level2_mi",
              "type": "setting",
              "payload": {
                "name": "DC_Injection_Fault_Level2_mi",
                "metricPath": "qcells_mpu/setting_data/INSTALL_DATA_GROUP12_M/DC_Injection_Fault_Level2_mi"
              }
            },
            {
              "rid": "DC_Injection_Time_Level2_mi",
              "type": "setting",
              "payload": {
                "name": "DC_Injection_Time_Level2_mi",
                "metricPath": "qcells_mpu/setting_data/INSTALL_DATA_GROUP12_M/DC_Injection_Time_Level2_mi"
              }
            },
            {
              "rid": "DC_Injection_Control_Level_mi",
              "type": "setting",
              "payload": {
                "name": "DC_Injection_Control_Level_mi",
                "metricPath": "qcells_mpu/setting_data/INSTALL_DATA_GROUP12_M/DC_Injection_Control_Level_mi"
              }
            },
            {
              "rid": "Anti_Islanding_Active_Method_Detection_Flag_mi",
              "type": "setting",
              "payload": {
                "name": "Anti_Islanding_Active_Method_Detection_Flag_mi",
                "metricPath": "qcells_mpu/setting_data/INSTALL_DATA_GROUP12_M/Anti_Islanding_Active_Method_Detection_Flag_mi"
              }
            },
            {
              "rid": "Anti_Islanding_Freq_Feedback_Function_Flag_mi",
              "type": "setting",
              "payload": {
                "name": "Anti_Islanding_Freq_Feedback_Function_Flag_mi",
                "metricPath": "qcells_mpu/setting_data/INSTALL_DATA_GROUP12_M/Anti_Islanding_Freq_Feedback_Function_Flag_mi"
              }
            },
            {
              "rid": "Anti_Islanding_Gain1_mi",
              "type": "setting",
              "payload": {
                "name": "Anti_Islanding_Gain1_mi",
                "metricPath": "qcells_mpu/setting_data/INSTALL_DATA_GROUP12_M/Anti_Islanding_Gain1_mi"
              }
            },
            {
              "rid": "Anti_Islanding_Gain2_mi",
              "type": "setting",
              "payload": {
                "name": "Anti_Islanding_Gain2_mi",
                "metricPath": "qcells_mpu/setting_data/INSTALL_DATA_GROUP12_M/Anti_Islanding_Gain2_mi"
              }
            },
            {
              "rid": "Anti_Islanding_Freq_Feedback_mi",
              "type": "setting",
              "payload": {
                "name": "Anti_Islanding_Freq_Feedback_mi",
                "metricPath": "qcells_mpu/setting_data/INSTALL_DATA_GROUP12_M/Anti_Islanding_Freq_Feedback_mi"
              }
            },
            {
              "rid": "Anti_Islanding_Step_Injection_mi",
              "type": "setting",
              "payload": {
                "name": "Anti_Islanding_Step_Injection_mi",
                "metricPath": "qcells_mpu/setting_data/INSTALL_DATA_GROUP12_M/Anti_Islanding_Step_Injection_mi"
              }
            },
            {
              "rid": "Softstart_Gradient_Enable_Flag_mi",
              "type": "setting",
              "payload": {
                "name": "Softstart_Gradient_Enable_Flag_mi",
                "metricPath": "qcells_mpu/setting_data/INSTALL_DATA_GROUP12_M/Softstart_Gradient_Enable_Flag_mi"
              }
            },
            {
              "rid": "GradientUnit_Select_Flag_mi",
              "type": "setting",
              "payload": {
                "name": "GradientUnit_Select_Flag_mi",
                "metricPath": "qcells_mpu/setting_data/INSTALL_DATA_GROUP12_M/GradientUnit_Select_Flag_mi"
              }
            },
            {
              "rid": "Soft_Start_Gradient_mi",
              "type": "setting",
              "payload": {
                "name": "Soft_Start_Gradient_mi",
                "metricPath": "qcells_mpu/setting_data/INSTALL_DATA_GROUP12_M/Soft_Start_Gradient_mi"
              }
            },
            {
              "rid": "Permit_Service_Mode_Select_mi",
              "type": "setting",
              "payload": {
                "name": "Permit_Service_Mode_Select_mi",
                "metricPath": "qcells_mpu/setting_data/INSTALL_DATA_GROUP12_M/Permit_Service_Mode_Select_mi"
              }
            },
            {
              "rid": "Enter_Service_RANDOMIZED_DELAY_mi",
              "type": "setting",
              "payload": {
                "name": "Enter_Service_RANDOMIZED_DELAY_mi",
                "metricPath": "qcells_mpu/setting_data/INSTALL_DATA_GROUP12_M/Enter_Service_RANDOMIZED_DELAY_mi"
              }
            },
            {
              "rid": "Reconnection_Time_mi",
              "type": "setting",
              "payload": {
                "name": "Reconnection_Time_mi",
                "metricPath": "qcells_mpu/setting_data/INSTALL_DATA_GROUP12_M/Reconnection_Time_mi"
              }
            },
            {
              "rid": "Randomized_delay_Time_mi",
              "type": "setting",
              "payload": {
                "name": "Randomized_delay_Time_mi",
                "metricPath": "qcells_mpu/setting_data/INSTALL_DATA_GROUP12_M/Randomized_delay_Time_mi"
              }
            },
            {
              "rid": "Over_Voltage_Release_Level_mi",
              "type": "setting",
              "payload": {
                "name": "Over_Voltage_Release_Level_mi",
                "metricPath": "qcells_mpu/setting_data/INSTALL_DATA_GROUP12_M/Over_Voltage_Release_Level_mi"
              }
            },
            {
              "rid": "Over_Voltage_Release_Time_mi",
              "type": "setting",
              "payload": {
                "name": "Over_Voltage_Release_Time_mi",
                "metricPath": "qcells_mpu/setting_data/INSTALL_DATA_GROUP12_M/Over_Voltage_Release_Time_mi"
              }
            },
            {
              "rid": "Under_Voltage_Release_Level_mi",
              "type": "setting",
              "payload": {
                "name": "Under_Voltage_Release_Level_mi",
                "metricPath": "qcells_mpu/setting_data/INSTALL_DATA_GROUP12_M/Under_Voltage_Release_Level_mi"
              }
            },
            {
              "rid": "Under_Voltage_Release_Time_mi",
              "type": "setting",
              "payload": {
                "name": "Under_Voltage_Release_Time_mi",
                "metricPath": "qcells_mpu/setting_data/INSTALL_DATA_GROUP12_M/Under_Voltage_Release_Time_mi"
              }
            },
            {
              "rid": "Over_Frequency_Release_Level_mi",
              "type": "setting",
              "payload": {
                "name": "Over_Frequency_Release_Level_mi",
                "metricPath": "qcells_mpu/setting_data/INSTALL_DATA_GROUP12_M/Over_Frequency_Release_Level_mi"
              }
            },
            {
              "rid": "Over_Frequency_Release_Time_mi",
              "type": "setting",
              "payload": {
                "name": "Over_Frequency_Release_Time_mi",
                "metricPath": "qcells_mpu/setting_data/INSTALL_DATA_GROUP12_M/Over_Frequency_Release_Time_mi"
              }
            },
            {
              "rid": "Under_Frequency_Release_Level_mi",
              "type": "setting",
              "payload": {
                "name": "Under_Frequency_Release_Level_mi",
                "metricPath": "qcells_mpu/setting_data/INSTALL_DATA_GROUP12_M/Under_Frequency_Release_Level_mi"
              }
            },
            {
              "rid": "Under_Frequency_Release_Time_mi",
              "type": "setting",
              "payload": {
                "name": "Under_Frequency_Release_Time_mi",
                "metricPath": "qcells_mpu/setting_data/INSTALL_DATA_GROUP12_M/Under_Frequency_Release_Time_mi"
              }
            },
            {
              "rid": "IEEE2030_5_Curve_Type_mi",
              "type": "setting",
              "payload": {
                "name": "IEEE2030_5_Curve_Type_mi",
                "metricPath": "qcells_mpu/setting_data/INSTALL_DATA_GROUP12_M/IEEE2030_5_Curve_Type_mi"
              }
            },
            {
              "rid": "IEEE2030_5_Curve_Flag_mi",
              "type": "setting",
              "payload": {
                "name": "IEEE2030_5_Curve_Flag_mi",
                "metricPath": "qcells_mpu/setting_data/INSTALL_DATA_GROUP12_M/IEEE2030_5_Curve_Flag_mi"
              }
            },
            {
              "rid": "HVRT_Momentary_Level_mi",
              "type": "setting",
              "payload": {
                "name": "HVRT_Momentary_Level_mi",
                "metricPath": "qcells_mpu/setting_data/INSTALL_DATA_GROUP12_M/HVRT_Momentary_Level_mi"
              }
            },
            {
              "rid": "LVRT_Momentary_Level_mi",
              "type": "setting",
              "payload": {
                "name": "LVRT_Momentary_Level_mi",
                "metricPath": "qcells_mpu/setting_data/INSTALL_DATA_GROUP12_M/LVRT_Momentary_Level_mi"
              }
            },
            {
              "rid": "Flag_Dyn_Curr",
              "type": "setting",
              "payload": {
                "name": "Flag_Dyn_Curr",
                "metricPath": "qcells_mpu/setting_data/INSTALL_DATA_GROUP13/Flag_Dyn_Curr"
              }
            },
            {
              "rid": "Dyn_Curr_Db_VMax",
              "type": "setting",
              "payload": {
                "name": "Dyn_Curr_Db_VMax",
                "metricPath": "qcells_mpu/setting_data/INSTALL_DATA_GROUP13/Dyn_Curr_Db_VMax"
              }
            },
            {
              "rid": "Dyn_Curr_Db_VMin",
              "type": "setting",
              "payload": {
                "name": "Dyn_Curr_Db_VMin",
                "metricPath": "qcells_mpu/setting_data/INSTALL_DATA_GROUP13/Dyn_Curr_Db_VMin"
              }
            },
            {
              "rid": "Dyn_Curr_Ar_Gra_Sag_Ratio",
              "type": "setting",
              "payload": {
                "name": "Dyn_Curr_Ar_Gra_Sag_Ratio",
                "metricPath": "qcells_mpu/setting_data/INSTALL_DATA_GROUP13/Dyn_Curr_Ar_Gra_Sag_Ratio"
              }
            },
            {
              "rid": "Dyn_Curr_Ar_Gra_Swell_Ratio",
              "type": "setting",
              "payload": {
                "name": "Dyn_Curr_Ar_Gra_Swell_Ratio",
                "metricPath": "qcells_mpu/setting_data/INSTALL_DATA_GROUP13/Dyn_Curr_Ar_Gra_Swell_Ratio"
              }
            },
            {
              "rid": "Dyn_Curr_Filter_Tms",
              "type": "setting",
              "payload": {
                "name": "Dyn_Curr_Filter_Tms",
                "metricPath": "qcells_mpu/setting_data/INSTALL_DATA_GROUP13/Dyn_Curr_Filter_Tms"
              }
            },
            {
              "rid": "Flag_Dyn_Curr_Ar_Gra_Mod",
              "type": "setting",
              "payload": {
                "name": "Flag_Dyn_Curr_Ar_Gra_Mod",
                "metricPath": "qcells_mpu/setting_data/INSTALL_DATA_GROUP13/Flag_Dyn_Curr_Ar_Gra_Mod"
              }
            },
            {
              "rid": "Flag_Dyn_Curr_Event_Base_Ena",
              "type": "setting",
              "payload": {
                "name": "Flag_Dyn_Curr_Event_Base_Ena",
                "metricPath": "qcells_mpu/setting_data/INSTALL_DATA_GROUP13/Flag_Dyn_Curr_Event_Base_Ena"
              }
            },
            {
              "rid": "Wiring_Set_Momory_Sector",
              "type": "setting",
              "payload": {
                "name": "Wiring_Set_Momory_Sector",
                "metricPath": "qcells_mpu/setting_data/INSTALL_DATA_GROUP13/Wiring_Set_Momory_Sector"
              }
            },
            {
              "rid": "Wiring_Set_AC_FREQ",
              "type": "setting",
              "payload": {
                "name": "Wiring_Set_AC_FREQ",
                "metricPath": "qcells_mpu/setting_data/INSTALL_DATA_GROUP13/Wiring_Set_AC_FREQ"
              }
            },
            {
              "rid": "Wiring_Set_Region",
              "type": "setting",
              "payload": {
                "name": "Wiring_Set_Region",
                "metricPath": "qcells_mpu/setting_data/INSTALL_DATA_GROUP13/Wiring_Set_Region"
              }
            },
            {
              "rid": "Wiring_Set_AC_Type",
              "type": "setting",
              "payload": {
                "name": "Wiring_Set_AC_Type",
                "metricPath": "qcells_mpu/setting_data/INSTALL_DATA_GROUP13/Wiring_Set_AC_Type"
              }
            },
            {
              "rid": "TOV_Ena",
              "type": "setting",
              "payload": {
                "name": "TOV_Ena",
                "metricPath": "qcells_mpu/setting_data/INSTALL_DATA_GROUP13/TOV_Ena"
              }
            },
            {
              "rid": "Energy_Policy",
              "type": "setting",
              "payload": {
                "name": "Energy_Policy",
                "metricPath": "qcells_mpu/setting_data/INSTALL_DATA_GROUP13/Energy_Policy"
              }
            },
            {
              "rid": "GFDI_Enable_Flag",
              "type": "setting",
              "payload": {
                "name": "GFDI_Enable_Flag",
                "metricPath": "qcells_mpu/setting_data/INSTALL_DATA_GROUP13/GFDI_Enable_Flag"
              }
            },
            {
              "rid": "GFDI_Margin",
              "type": "setting",
              "payload": {
                "name": "GFDI_Margin",
                "metricPath": "qcells_mpu/setting_data/INSTALL_DATA_GROUP13/GFDI_Margin"
              }
            },
            {
              "rid": "Int_Island_Cat",
              "type": "setting",
              "payload": {
                "name": "Int_Island_Cat",
                "metricPath": "qcells_mpu/setting_data/INSTALL_DATA_GROUP13/Int_Island_Cat"
              }
            },
            {
              "rid": "Measure_Harm_Limit",
              "type": "setting",
              "payload": {
                "name": "Measure_Harm_Limit",
                "metricPath": "qcells_mpu/setting_data/INSTALL_DATA_GROUP13/Measure_Harm_Limit"
              }
            },
            {
              "rid": "Harm_Shift",
              "type": "setting",
              "payload": {
                "name": "Harm_Shift",
                "metricPath": "qcells_mpu/setting_data/INSTALL_DATA_GROUP13/Harm_Shift"
              }
            },
            {
              "rid": "Freq_Band",
              "type": "setting",
              "payload": {
                "name": "Freq_Band",
                "metricPath": "qcells_mpu/setting_data/INSTALL_DATA_GROUP13/Freq_Band"
              }
            },
            {
              "rid": "Normal_Ramp_Rate_Enable_Flag",
              "type": "setting",
              "payload": {
                "name": "Normal_Ramp_Rate_Enable_Flag",
                "metricPath": "qcells_mpu/setting_data/INSTALL_DATA_GROUP13/Normal_Ramp_Rate_Enable_Flag"
              }
            },
            {
              "rid": "Wramp",
              "type": "setting",
              "payload": {
                "name": "Wramp",
                "metricPath": "qcells_mpu/setting_data/INSTALL_DATA_GROUP13/Wramp"
              }
            },
            {
              "rid": "HV_Momcess_Flag",
              "type": "setting",
              "payload": {
                "name": "HV_Momcess_Flag",
                "metricPath": "qcells_mpu/setting_data/INSTALL_DATA_GROUP13/HV_Momcess_Flag"
              }
            },
            {
              "rid": "DER_Trip_HV_Crv_MomCess_Pt_V_1",
              "type": "setting",
              "payload": {
                "name": "DER_Trip_HV_Crv_MomCess_Pt_V_1",
                "metricPath": "qcells_mpu/setting_data/INSTALL_DATA_GROUP13/DER_Trip_HV_Crv_MomCess_Pt_V_1"
              }
            },
            {
              "rid": "LV_Momcess_Flag",
              "type": "setting",
              "payload": {
                "name": "LV_Momcess_Flag",
                "metricPath": "qcells_mpu/setting_data/INSTALL_DATA_GROUP13/LV_Momcess_Flag"
              }
            },
            {
              "rid": "DER_Trip_LV_Crv_MomCess_Pt_V_1",
              "type": "setting",
              "payload": {
                "name": "DER_Trip_LV_Crv_MomCess_Pt_V_1",
                "metricPath": "qcells_mpu/setting_data/INSTALL_DATA_GROUP13/DER_Trip_LV_Crv_MomCess_Pt_V_1"
              }
            },
            {
              "rid": "HVRT_Curve_Num",
              "type": "setting",
              "payload": {
                "name": "HVRT_Curve_Num",
                "metricPath": "qcells_mpu/setting_data/INSTALL_DATA_GROUP14/HVRT_Curve_Num"
              }
            },
            {
              "rid": "Over_Voltage_Detection_Level6",
              "type": "setting",
              "payload": {
                "name": "Over_Voltage_Detection_Level6",
                "metricPath": "qcells_mpu/setting_data/INSTALL_DATA_GROUP14/Over_Voltage_Detection_Level6"
              }
            },
            {
              "rid": "Over_Voltage_Detection_Time6",
              "type": "setting",
              "payload": {
                "name": "Over_Voltage_Detection_Time6",
                "metricPath": "qcells_mpu/setting_data/INSTALL_DATA_GROUP14/Over_Voltage_Detection_Time6"
              }
            },
            {
              "rid": "Over_Voltage_Detection_Level7",
              "type": "setting",
              "payload": {
                "name": "Over_Voltage_Detection_Level7",
                "metricPath": "qcells_mpu/setting_data/INSTALL_DATA_GROUP14/Over_Voltage_Detection_Level7"
              }
            },
            {
              "rid": "Over_Voltage_Detection_Time7",
              "type": "setting",
              "payload": {
                "name": "Over_Voltage_Detection_Time7",
                "metricPath": "qcells_mpu/setting_data/INSTALL_DATA_GROUP14/Over_Voltage_Detection_Time7"
              }
            },
            {
              "rid": "Over_Voltage_Detection_Level8",
              "type": "setting",
              "payload": {
                "name": "Over_Voltage_Detection_Level8",
                "metricPath": "qcells_mpu/setting_data/INSTALL_DATA_GROUP14/Over_Voltage_Detection_Level8"
              }
            },
            {
              "rid": "Over_Voltage_Detection_Time8",
              "type": "setting",
              "payload": {
                "name": "Over_Voltage_Detection_Time8",
                "metricPath": "qcells_mpu/setting_data/INSTALL_DATA_GROUP14/Over_Voltage_Detection_Time8"
              }
            },
            {
              "rid": "Over_Voltage_Detection_Level9",
              "type": "setting",
              "payload": {
                "name": "Over_Voltage_Detection_Level9",
                "metricPath": "qcells_mpu/setting_data/INSTALL_DATA_GROUP14/Over_Voltage_Detection_Level9"
              }
            },
            {
              "rid": "Over_Voltage_Detection_Time9",
              "type": "setting",
              "payload": {
                "name": "Over_Voltage_Detection_Time9",
                "metricPath": "qcells_mpu/setting_data/INSTALL_DATA_GROUP14/Over_Voltage_Detection_Time9"
              }
            },
            {
              "rid": "Over_Voltage_Detection_Level10",
              "type": "setting",
              "payload": {
                "name": "Over_Voltage_Detection_Level10",
                "metricPath": "qcells_mpu/setting_data/INSTALL_DATA_GROUP14/Over_Voltage_Detection_Level10"
              }
            },
            {
              "rid": "Over_Voltage_Detection_Time10",
              "type": "setting",
              "payload": {
                "name": "Over_Voltage_Detection_Time10",
                "metricPath": "qcells_mpu/setting_data/INSTALL_DATA_GROUP14/Over_Voltage_Detection_Time10"
              }
            },
            {
              "rid": "LVRT_Curve_Num",
              "type": "setting",
              "payload": {
                "name": "LVRT_Curve_Num",
                "metricPath": "qcells_mpu/setting_data/INSTALL_DATA_GROUP14/LVRT_Curve_Num"
              }
            },
            {
              "rid": "Under_Voltage_Detection_Level6",
              "type": "setting",
              "payload": {
                "name": "Under_Voltage_Detection_Level6",
                "metricPath": "qcells_mpu/setting_data/INSTALL_DATA_GROUP14/Under_Voltage_Detection_Level6"
              }
            },
            {
              "rid": "Under_Voltage_Detection_Time6",
              "type": "setting",
              "payload": {
                "name": "Under_Voltage_Detection_Time6",
                "metricPath": "qcells_mpu/setting_data/INSTALL_DATA_GROUP14/Under_Voltage_Detection_Time6"
              }
            },
            {
              "rid": "Under_Voltage_Detection_Level7",
              "type": "setting",
              "payload": {
                "name": "Under_Voltage_Detection_Level7",
                "metricPath": "qcells_mpu/setting_data/INSTALL_DATA_GROUP14/Under_Voltage_Detection_Level7"
              }
            },
            {
              "rid": "Under_Voltage_Detection_Time7",
              "type": "setting",
              "payload": {
                "name": "Under_Voltage_Detection_Time7",
                "metricPath": "qcells_mpu/setting_data/INSTALL_DATA_GROUP14/Under_Voltage_Detection_Time7"
              }
            },
            {
              "rid": "Under_Voltage_Detection_Level8",
              "type": "setting",
              "payload": {
                "name": "Under_Voltage_Detection_Level8",
                "metricPath": "qcells_mpu/setting_data/INSTALL_DATA_GROUP14/Under_Voltage_Detection_Level8"
              }
            },
            {
              "rid": "Under_Voltage_Detection_Time8",
              "type": "setting",
              "payload": {
                "name": "Under_Voltage_Detection_Time8",
                "metricPath": "qcells_mpu/setting_data/INSTALL_DATA_GROUP14/Under_Voltage_Detection_Time8"
              }
            },
            {
              "rid": "Under_Voltage_Detection_Level9",
              "type": "setting",
              "payload": {
                "name": "Under_Voltage_Detection_Level9",
                "metricPath": "qcells_mpu/setting_data/INSTALL_DATA_GROUP14/Under_Voltage_Detection_Level9"
              }
            },
            {
              "rid": "Under_Voltage_Detection_Time9",
              "type": "setting",
              "payload": {
                "name": "Under_Voltage_Detection_Time9",
                "metricPath": "qcells_mpu/setting_data/INSTALL_DATA_GROUP14/Under_Voltage_Detection_Time9"
              }
            },
            {
              "rid": "Under_Voltage_Detection_Level10",
              "type": "setting",
              "payload": {
                "name": "Under_Voltage_Detection_Level10",
                "metricPath": "qcells_mpu/setting_data/INSTALL_DATA_GROUP14/Under_Voltage_Detection_Level10"
              }
            },
            {
              "rid": "Under_Voltage_Detection_Time10",
              "type": "setting",
              "payload": {
                "name": "Under_Voltage_Detection_Time10",
                "metricPath": "qcells_mpu/setting_data/INSTALL_DATA_GROUP14/Under_Voltage_Detection_Time10"
              }
            },
            {
              "rid": "HFRT_Curve_Num",
              "type": "setting",
              "payload": {
                "name": "HFRT_Curve_Num",
                "metricPath": "qcells_mpu/setting_data/INSTALL_DATA_GROUP15/HFRT_Curve_Num"
              }
            },
            {
              "rid": "Over_Frequency_Detection_Level6",
              "type": "setting",
              "payload": {
                "name": "Over_Frequency_Detection_Level6",
                "metricPath": "qcells_mpu/setting_data/INSTALL_DATA_GROUP15/Over_Frequency_Detection_Level6"
              }
            },
            {
              "rid": "Over_Frequency_Detection_Time6",
              "type": "setting",
              "payload": {
                "name": "Over_Frequency_Detection_Time6",
                "metricPath": "qcells_mpu/setting_data/INSTALL_DATA_GROUP15/Over_Frequency_Detection_Time6"
              }
            },
            {
              "rid": "Over_Frequency_Detection_Level7",
              "type": "setting",
              "payload": {
                "name": "Over_Frequency_Detection_Level7",
                "metricPath": "qcells_mpu/setting_data/INSTALL_DATA_GROUP15/Over_Frequency_Detection_Level7"
              }
            },
            {
              "rid": "Over_Frequency_Detection_Time7",
              "type": "setting",
              "payload": {
                "name": "Over_Frequency_Detection_Time7",
                "metricPath": "qcells_mpu/setting_data/INSTALL_DATA_GROUP15/Over_Frequency_Detection_Time7"
              }
            },
            {
              "rid": "Over_Frequency_Detection_Level8",
              "type": "setting",
              "payload": {
                "name": "Over_Frequency_Detection_Level8",
                "metricPath": "qcells_mpu/setting_data/INSTALL_DATA_GROUP15/Over_Frequency_Detection_Level8"
              }
            },
            {
              "rid": "Over_Frequency_Detection_Time8",
              "type": "setting",
              "payload": {
                "name": "Over_Frequency_Detection_Time8",
                "metricPath": "qcells_mpu/setting_data/INSTALL_DATA_GROUP15/Over_Frequency_Detection_Time8"
              }
            },
            {
              "rid": "Over_Frequency_Detection_Level9",
              "type": "setting",
              "payload": {
                "name": "Over_Frequency_Detection_Level9",
                "metricPath": "qcells_mpu/setting_data/INSTALL_DATA_GROUP15/Over_Frequency_Detection_Level9"
              }
            },
            {
              "rid": "Over_Frequency_Detection_Time9",
              "type": "setting",
              "payload": {
                "name": "Over_Frequency_Detection_Time9",
                "metricPath": "qcells_mpu/setting_data/INSTALL_DATA_GROUP15/Over_Frequency_Detection_Time9"
              }
            },
            {
              "rid": "Over_Frequency_Detection_Level10",
              "type": "setting",
              "payload": {
                "name": "Over_Frequency_Detection_Level10",
                "metricPath": "qcells_mpu/setting_data/INSTALL_DATA_GROUP15/Over_Frequency_Detection_Level10"
              }
            },
            {
              "rid": "Over_Frequency_Detection_Time10",
              "type": "setting",
              "payload": {
                "name": "Over_Frequency_Detection_Time10",
                "metricPath": "qcells_mpu/setting_data/INSTALL_DATA_GROUP15/Over_Frequency_Detection_Time10"
              }
            },
            {
              "rid": "LFRT_Curve_Num",
              "type": "setting",
              "payload": {
                "name": "LFRT_Curve_Num",
                "metricPath": "qcells_mpu/setting_data/INSTALL_DATA_GROUP16/LFRT_Curve_Num"
              }
            },
            {
              "rid": "Under_Frequency_Detection_Level6",
              "type": "setting",
              "payload": {
                "name": "Under_Frequency_Detection_Level6",
                "metricPath": "qcells_mpu/setting_data/INSTALL_DATA_GROUP16/Under_Frequency_Detection_Level6"
              }
            },
            {
              "rid": "Under_Frequency_Detection_Time6",
              "type": "setting",
              "payload": {
                "name": "Under_Frequency_Detection_Time6",
                "metricPath": "qcells_mpu/setting_data/INSTALL_DATA_GROUP16/Under_Frequency_Detection_Time6"
              }
            },
            {
              "rid": "Under_Frequency_Detection_Level7",
              "type": "setting",
              "payload": {
                "name": "Under_Frequency_Detection_Level7",
                "metricPath": "qcells_mpu/setting_data/INSTALL_DATA_GROUP16/Under_Frequency_Detection_Level7"
              }
            },
            {
              "rid": "Under_Frequency_Detection_Time7",
              "type": "setting",
              "payload": {
                "name": "Under_Frequency_Detection_Time7",
                "metricPath": "qcells_mpu/setting_data/INSTALL_DATA_GROUP16/Under_Frequency_Detection_Time7"
              }
            },
            {
              "rid": "Under_Frequency_Detection_Level8",
              "type": "setting",
              "payload": {
                "name": "Under_Frequency_Detection_Level8",
                "metricPath": "qcells_mpu/setting_data/INSTALL_DATA_GROUP16/Under_Frequency_Detection_Level8"
              }
            },
            {
              "rid": "Under_Frequency_Detection_Time8",
              "type": "setting",
              "payload": {
                "name": "Under_Frequency_Detection_Time8",
                "metricPath": "qcells_mpu/setting_data/INSTALL_DATA_GROUP16/Under_Frequency_Detection_Time8"
              }
            },
            {
              "rid": "Under_Frequency_Detection_Level9",
              "type": "setting",
              "payload": {
                "name": "Under_Frequency_Detection_Level9",
                "metricPath": "qcells_mpu/setting_data/INSTALL_DATA_GROUP16/Under_Frequency_Detection_Level9"
              }
            },
            {
              "rid": "Under_Frequency_Detection_Time9",
              "type": "setting",
              "payload": {
                "name": "Under_Frequency_Detection_Time9",
                "metricPath": "qcells_mpu/setting_data/INSTALL_DATA_GROUP16/Under_Frequency_Detection_Time9"
              }
            },
            {
              "rid": "Under_Frequency_Detection_Level10",
              "type": "setting",
              "payload": {
                "name": "Under_Frequency_Detection_Level10",
                "metricPath": "qcells_mpu/setting_data/INSTALL_DATA_GROUP16/Under_Frequency_Detection_Level10"
              }
            },
            {
              "rid": "Under_Frequency_Detection_Time10",
              "type": "setting",
              "payload": {
                "name": "Under_Frequency_Detection_Time10",
                "metricPath": "qcells_mpu/setting_data/INSTALL_DATA_GROUP16/Under_Frequency_Detection_Time10"
              }
            },
            {
              "rid": "VoltWatt_Curve_Num",
              "type": "setting",
              "payload": {
                "name": "VoltWatt_Curve_Num",
                "metricPath": "qcells_mpu/setting_data/INSTALL_DATA_GROUP17/VoltWatt_Curve_Num"
              }
            },
            {
              "rid": "VoltWatt_X3",
              "type": "setting",
              "payload": {
                "name": "VoltWatt_X3",
                "metricPath": "qcells_mpu/setting_data/INSTALL_DATA_GROUP17/VoltWatt_X3"
              }
            },
            {
              "rid": "VoltWatt_Y3",
              "type": "setting",
              "payload": {
                "name": "VoltWatt_Y3",
                "metricPath": "qcells_mpu/setting_data/INSTALL_DATA_GROUP17/VoltWatt_Y3"
              }
            },
            {
              "rid": "VoltWatt_X4",
              "type": "setting",
              "payload": {
                "name": "VoltWatt_X4",
                "metricPath": "qcells_mpu/setting_data/INSTALL_DATA_GROUP17/VoltWatt_X4"
              }
            },
            {
              "rid": "VoltWatt_Y4",
              "type": "setting",
              "payload": {
                "name": "VoltWatt_Y4",
                "metricPath": "qcells_mpu/setting_data/INSTALL_DATA_GROUP17/VoltWatt_Y4"
              }
            },
            {
              "rid": "VoltWatt_X5",
              "type": "setting",
              "payload": {
                "name": "VoltWatt_X5",
                "metricPath": "qcells_mpu/setting_data/INSTALL_DATA_GROUP17/VoltWatt_X5"
              }
            },
            {
              "rid": "VoltWatt_Y5",
              "type": "setting",
              "payload": {
                "name": "VoltWatt_Y5",
                "metricPath": "qcells_mpu/setting_data/INSTALL_DATA_GROUP17/VoltWatt_Y5"
              }
            },
            {
              "rid": "VoltWatt_X6",
              "type": "setting",
              "payload": {
                "name": "VoltWatt_X6",
                "metricPath": "qcells_mpu/setting_data/INSTALL_DATA_GROUP17/VoltWatt_X6"
              }
            },
            {
              "rid": "VoltWatt_Y6",
              "type": "setting",
              "payload": {
                "name": "VoltWatt_Y6",
                "metricPath": "qcells_mpu/setting_data/INSTALL_DATA_GROUP17/VoltWatt_Y6"
              }
            },
            {
              "rid": "VoltWatt_X7",
              "type": "setting",
              "payload": {
                "name": "VoltWatt_X7",
                "metricPath": "qcells_mpu/setting_data/INSTALL_DATA_GROUP17/VoltWatt_X7"
              }
            },
            {
              "rid": "VoltWatt_Y7",
              "type": "setting",
              "payload": {
                "name": "VoltWatt_Y7",
                "metricPath": "qcells_mpu/setting_data/INSTALL_DATA_GROUP17/VoltWatt_Y7"
              }
            },
            {
              "rid": "VoltWatt_X8",
              "type": "setting",
              "payload": {
                "name": "VoltWatt_X8",
                "metricPath": "qcells_mpu/setting_data/INSTALL_DATA_GROUP17/VoltWatt_X8"
              }
            },
            {
              "rid": "VoltWatt_Y8",
              "type": "setting",
              "payload": {
                "name": "VoltWatt_Y8",
                "metricPath": "qcells_mpu/setting_data/INSTALL_DATA_GROUP17/VoltWatt_Y8"
              }
            },
            {
              "rid": "VoltWatt_X9",
              "type": "setting",
              "payload": {
                "name": "VoltWatt_X9",
                "metricPath": "qcells_mpu/setting_data/INSTALL_DATA_GROUP17/VoltWatt_X9"
              }
            },
            {
              "rid": "VoltWatt_Y9",
              "type": "setting",
              "payload": {
                "name": "VoltWatt_Y9",
                "metricPath": "qcells_mpu/setting_data/INSTALL_DATA_GROUP17/VoltWatt_Y9"
              }
            },
            {
              "rid": "VoltWatt_X10",
              "type": "setting",
              "payload": {
                "name": "VoltWatt_X10",
                "metricPath": "qcells_mpu/setting_data/INSTALL_DATA_GROUP17/VoltWatt_X10"
              }
            },
            {
              "rid": "VoltWatt_Y10",
              "type": "setting",
              "payload": {
                "name": "VoltWatt_Y10",
                "metricPath": "qcells_mpu/setting_data/INSTALL_DATA_GROUP17/VoltWatt_Y10"
              }
            },
            {
              "rid": "Qp_Curve_Num",
              "type": "setting",
              "payload": {
                "name": "Qp_Curve_Num",
                "metricPath": "qcells_mpu/setting_data/INSTALL_DATA_GROUP18/Qp_Curve_Num"
              }
            },
            {
              "rid": "wattvar_X7",
              "type": "setting",
              "payload": {
                "name": "wattvar_X7",
                "metricPath": "qcells_mpu/setting_data/INSTALL_DATA_GROUP18/wattvar_X7"
              }
            },
            {
              "rid": "wattvar_Y7",
              "type": "setting",
              "payload": {
                "name": "wattvar_Y7",
                "metricPath": "qcells_mpu/setting_data/INSTALL_DATA_GROUP18/wattvar_Y7"
              }
            },
            {
              "rid": "wattvar_X8",
              "type": "setting",
              "payload": {
                "name": "wattvar_X8",
                "metricPath": "qcells_mpu/setting_data/INSTALL_DATA_GROUP18/wattvar_X8"
              }
            },
            {
              "rid": "wattvar_Y8",
              "type": "setting",
              "payload": {
                "name": "wattvar_Y8",
                "metricPath": "qcells_mpu/setting_data/INSTALL_DATA_GROUP18/wattvar_Y8"
              }
            },
            {
              "rid": "wattvar_X9",
              "type": "setting",
              "payload": {
                "name": "wattvar_X9",
                "metricPath": "qcells_mpu/setting_data/INSTALL_DATA_GROUP18/wattvar_X9"
              }
            },
            {
              "rid": "wattvar_Y9",
              "type": "setting",
              "payload": {
                "name": "wattvar_Y9",
                "metricPath": "qcells_mpu/setting_data/INSTALL_DATA_GROUP18/wattvar_Y9"
              }
            },
            {
              "rid": "wattvar_X10",
              "type": "setting",
              "payload": {
                "name": "wattvar_X10",
                "metricPath": "qcells_mpu/setting_data/INSTALL_DATA_GROUP18/wattvar_X10"
              }
            },
            {
              "rid": "wattvar_Y10",
              "type": "setting",
              "payload": {
                "name": "wattvar_Y10",
                "metricPath": "qcells_mpu/setting_data/INSTALL_DATA_GROUP18/wattvar_Y10"
              }
            },
            {
              "rid": "VoltVar_Qu_Curve_Num",
              "type": "setting",
              "payload": {
                "name": "VoltVar_Qu_Curve_Num",
                "metricPath": "qcells_mpu/setting_data/INSTALL_DATA_GROUP18/VoltVar_Qu_Curve_Num"
              }
            },
            {
              "rid": "voltvar_X5",
              "type": "setting",
              "payload": {
                "name": "voltvar_X5",
                "metricPath": "qcells_mpu/setting_data/INSTALL_DATA_GROUP18/voltvar_X5"
              }
            },
            {
              "rid": "voltvar_Y5",
              "type": "setting",
              "payload": {
                "name": "voltvar_Y5",
                "metricPath": "qcells_mpu/setting_data/INSTALL_DATA_GROUP18/voltvar_Y5"
              }
            },
            {
              "rid": "voltvar_X6",
              "type": "setting",
              "payload": {
                "name": "voltvar_X6",
                "metricPath": "qcells_mpu/setting_data/INSTALL_DATA_GROUP18/voltvar_X6"
              }
            },
            {
              "rid": "voltvar_Y6",
              "type": "setting",
              "payload": {
                "name": "voltvar_Y6",
                "metricPath": "qcells_mpu/setting_data/INSTALL_DATA_GROUP18/voltvar_Y6"
              }
            },
            {
              "rid": "voltvar_X7",
              "type": "setting",
              "payload": {
                "name": "voltvar_X7",
                "metricPath": "qcells_mpu/setting_data/INSTALL_DATA_GROUP18/voltvar_X7"
              }
            },
            {
              "rid": "voltvar_Y7",
              "type": "setting",
              "payload": {
                "name": "voltvar_Y7",
                "metricPath": "qcells_mpu/setting_data/INSTALL_DATA_GROUP18/voltvar_Y7"
              }
            },
            {
              "rid": "voltvar_X8",
              "type": "setting",
              "payload": {
                "name": "voltvar_X8",
                "metricPath": "qcells_mpu/setting_data/INSTALL_DATA_GROUP18/voltvar_X8"
              }
            },
            {
              "rid": "voltvar_Y8",
              "type": "setting",
              "payload": {
                "name": "voltvar_Y8",
                "metricPath": "qcells_mpu/setting_data/INSTALL_DATA_GROUP18/voltvar_Y8"
              }
            },
            {
              "rid": "voltvar_X9",
              "type": "setting",
              "payload": {
                "name": "voltvar_X9",
                "metricPath": "qcells_mpu/setting_data/INSTALL_DATA_GROUP18/voltvar_X9"
              }
            },
            {
              "rid": "voltvar_Y9",
              "type": "setting",
              "payload": {
                "name": "voltvar_Y9",
                "metricPath": "qcells_mpu/setting_data/INSTALL_DATA_GROUP18/voltvar_Y9"
              }
            },
            {
              "rid": "voltvar_X10",
              "type": "setting",
              "payload": {
                "name": "voltvar_X10",
                "metricPath": "qcells_mpu/setting_data/INSTALL_DATA_GROUP18/voltvar_X10"
              }
            },
            {
              "rid": "voltvar_Y10",
              "type": "setting",
              "payload": {
                "name": "voltvar_Y10",
                "metricPath": "qcells_mpu/setting_data/INSTALL_DATA_GROUP18/voltvar_Y10"
              }
            },
            {
              "rid": "est_server_url",
              "type": "setting",
              "payload": {
                "name": "est_server_url",
                "metricPath": "qcells_mpu/setting_data/mpu_data/est_server_url"
              }
            },
            {
              "rid": "timezone",
              "type": "setting",
              "payload": {
                "name": "timezone",
                "metricPath": "qcells_mpu/setting_data/mpu_data/timezone"
              }
            },
            {
              "rid": "log_level_er",
              "type": "setting",
              "payload": {
                "name": "log_level_er",
                "metricPath": "qcells_mpu/setting_data/mpu_data/log_level_er"
              }
            },
            {
              "rid": "log_level_db",
              "type": "setting",
              "payload": {
                "name": "log_level_db",
                "metricPath": "qcells_mpu/setting_data/mpu_data/log_level_db"
              }
            },
            {
              "rid": "log_level_sm",
              "type": "setting",
              "payload": {
                "name": "log_level_sm",
                "metricPath": "qcells_mpu/setting_data/mpu_data/log_level_sm"
              }
            },
            {
              "rid": "log_level_az",
              "type": "setting",
              "payload": {
                "name": "log_level_az",
                "metricPath": "qcells_mpu/setting_data/mpu_data/log_level_az"
              }
            },
            {
              "rid": "log_level_el",
              "type": "setting",
              "payload": {
                "name": "log_level_el",
                "metricPath": "qcells_mpu/setting_data/mpu_data/log_level_el"
              }
            },
            {
              "rid": "log_level_ta",
              "type": "setting",
              "payload": {
                "name": "log_level_ta",
                "metricPath": "qcells_mpu/setting_data/mpu_data/log_level_ta"
              }
            },
            {
              "rid": "log_level_et",
              "type": "setting",
              "payload": {
                "name": "log_level_et",
                "metricPath": "qcells_mpu/setting_data/mpu_data/log_level_et"
              }
            },
            {
              "rid": "log_level_um",
              "type": "setting",
              "payload": {
                "name": "log_level_um",
                "metricPath": "qcells_mpu/setting_data/mpu_data/log_level_um"
              }
            },
            {
              "rid": "log_level_sl",
              "type": "setting",
              "payload": {
                "name": "log_level_sl",
                "metricPath": "qcells_mpu/setting_data/mpu_data/log_level_sl"
              }
            },
            {
              "rid": "log_level_ed",
              "type": "setting",
              "payload": {
                "name": "log_level_ed",
                "metricPath": "qcells_mpu/setting_data/mpu_data/log_level_ed"
              }
            },
            {
              "rid": "log_level_dm",
              "type": "setting",
              "payload": {
                "name": "log_level_dm",
                "metricPath": "qcells_mpu/setting_data/mpu_data/log_level_dm"
              }
            },
            {
              "rid": "log_level_rt",
              "type": "setting",
              "payload": {
                "name": "log_level_rt",
                "metricPath": "qcells_mpu/setting_data/mpu_data/log_level_rt"
              }
            },
            {
              "rid": "log_level_wi",
              "type": "setting",
              "payload": {
                "name": "log_level_wi",
                "metricPath": "qcells_mpu/setting_data/mpu_data/log_level_wi"
              }
            },
            {
              "rid": "log_level_dl",
              "type": "setting",
              "payload": {
                "name": "log_level_dl",
                "metricPath": "qcells_mpu/setting_data/mpu_data/log_level_dl"
              }
            },
            {
              "rid": "log_level_sc",
              "type": "setting",
              "payload": {
                "name": "log_level_sc",
                "metricPath": "qcells_mpu/setting_data/mpu_data/log_level_sc"
              }
            },
            {
              "rid": "log_level_bc",
              "type": "setting",
              "payload": {
                "name": "log_level_bc",
                "metricPath": "qcells_mpu/setting_data/mpu_data/log_level_bc"
              }
            },
            {
              "rid": "log_level_di",
              "type": "setting",
              "payload": {
                "name": "log_level_di",
                "metricPath": "qcells_mpu/setting_data/mpu_data/log_level_di"
              }
            },
            {
              "rid": "log_level_gm",
              "type": "setting",
              "payload": {
                "name": "log_level_gm",
                "metricPath": "qcells_mpu/setting_data/mpu_data/log_level_gm"
              }
            },
            {
              "rid": "commissioning_progress",
              "type": "setting",
              "payload": {
                "name": "commissioning_progress",
                "metricPath": "qcells_mpu/setting_data/mpu_data/commissioning_progress"
              }
            },
            {
              "rid": "gen_maintenance_mode",
              "type": "setting",
              "payload": {
                "name": "gen_maintenance_mode",
                "metricPath": "qcells_mpu/setting_data/mpu_data/gen_maintenance_mode"
              }
            },
            {
              "rid": "hub_generator_low_soc",
              "type": "setting",
              "payload": {
                "name": "hub_generator_low_soc",
                "metricPath": "qcells_mpu/setting_data/mpu_data/hub_generator_low_soc"
              }
            },
            {
              "rid": "hub_generator_use_manual",
              "type": "setting",
              "payload": {
                "name": "hub_generator_use_manual",
                "metricPath": "qcells_mpu/setting_data/mpu_data/hub_generator_use_manual"
              }
            },
            {
              "rid": "hub_generator_user_auto",
              "type": "setting",
              "payload": {
                "name": "hub_generator_user_auto",
                "metricPath": "qcells_mpu/setting_data/mpu_data/hub_generator_user_auto"
              }
            },
            {
              "rid": "hub_generator_auto_operation",
              "type": "setting",
              "payload": {
                "name": "hub_generator_auto_operation",
                "metricPath": "qcells_mpu/setting_data/mpu_data/hub_generator_auto_operation"
              }
            },
            {
              "rid": "gen_to_ess_mode_start_soc",
              "type": "setting",
              "payload": {
                "name": "gen_to_ess_mode_start_soc",
                "metricPath": "qcells_mpu/setting_data/mpu_data/gen_to_ess_mode_start_soc"
              }
            },
            {
              "rid": "gen_to_ess_mode_stop_soc",
              "type": "setting",
              "payload": {
                "name": "gen_to_ess_mode_stop_soc",
                "metricPath": "qcells_mpu/setting_data/mpu_data/gen_to_ess_mode_stop_soc"
              }
            },
            {
              "rid": "msp_breaker_rating",
              "type": "setting",
              "payload": {
                "name": "msp_breaker_rating",
                "metricPath": "qcells_mpu/setting_data/mpu_data/msp_breaker_rating"
              }
            },
            {
              "rid": "der_breaker_rating",
              "type": "setting",
              "payload": {
                "name": "der_breaker_rating",
                "metricPath": "qcells_mpu/setting_data/mpu_data/der_breaker_rating"
              }
            },
            {
              "rid": "pv_breaker_rating",
              "type": "setting",
              "payload": {
                "name": "pv_breaker_rating",
                "metricPath": "qcells_mpu/setting_data/mpu_data/pv_breaker_rating"
              }
            },
            {
              "rid": "nem_integrity_mode",
              "type": "setting",
              "payload": {
                "name": "nem_integrity_mode",
                "metricPath": "qcells_mpu/setting_data/mpu_data/nem_integrity_mode"
              }
            },
            {
              "rid": "mi_monitoring_interval",
              "type": "setting",
              "payload": {
                "name": "mi_monitoring_interval",
                "metricPath": "qcells_mpu/setting_data/mpu_data/mi_monitoring_interval"
              }
            },
            {
              "rid": "dps_name",
              "type": "setting",
              "payload": {
                "name": "dps_name",
                "metricPath": "qcells_mpu/setting_data/mpu_data/dps_name"
              }
            },
            {
              "rid": "dps_id_scope",
              "type": "setting",
              "payload": {
                "name": "dps_id_scope",
                "metricPath": "qcells_mpu/setting_data/mpu_data/dps_id_scope"
              }
            },
            {
              "rid": "cellular_data_enabled",
              "type": "setting",
              "payload": {
                "name": "cellular_data_enabled",
                "metricPath": "qcells_mpu/setting_data/mpu_data/cellular_data_enabled"
              }
            },
            {
              "rid": "sep2_server_ip",
              "type": "setting",
              "payload": {
                "name": "sep2_server_ip",
                "metricPath": "qcells_mpu/setting_data/mpu_data/sep2_server_ip"
              }
            },
            {
              "rid": "sep2_server_port",
              "type": "setting",
              "payload": {
                "name": "sep2_server_port",
                "metricPath": "qcells_mpu/setting_data/mpu_data/sep2_server_port"
              }
            },
            {
              "rid": "sep2_server_url",
              "type": "setting",
              "payload": {
                "name": "sep2_server_url",
                "metricPath": "qcells_mpu/setting_data/mpu_data/sep2_server_url"
              }
            },
            {
              "rid": "sep2_device_setting",
              "type": "setting",
              "payload": {
                "name": "sep2_device_setting",
                "metricPath": "qcells_mpu/setting_data/mpu_data/sep2_device_setting"
              }
            },
            {
              "rid": "ja12_compliance_enabled",
              "type": "setting",
              "payload": {
                "name": "ja12_compliance_enabled",
                "metricPath": "qcells_mpu/setting_data/mpu_data/ja12_compliance_enabled"
              }
            },
            {
              "rid": "ja12_compliance_capacity",
              "type": "setting",
              "payload": {
                "name": "ja12_compliance_capacity",
                "metricPath": "qcells_mpu/setting_data/mpu_data/ja12_compliance_capacity"
              }
            },
            {
              "rid": "system_type",
              "type": "setting",
              "payload": {
                "name": "system_type",
                "metricPath": "qcells_mpu/setting_data/mpu_data/system_type"
              }
            },
            {
              "rid": "grid_setting_configured",
              "type": "setting",
              "payload": {
                "name": "grid_setting_configured",
                "metricPath": "qcells_mpu/setting_data/mpu_data/grid_setting_configured"
              }
            },
            {
              "rid": "work_mode_setting_configured",
              "type": "setting",
              "payload": {
                "name": "work_mode_setting_configured",
                "metricPath": "qcells_mpu/setting_data/mpu_data/work_mode_setting_configured"
              }
            },
            {
              "rid": "ESS_Voltage_Ref",
              "type": "setting",
              "payload": {
                "name": "ESS_Voltage_Ref",
                "metricPath": "qcells_mpu/setting_data/mpu_data/ESS_Voltage_Ref"
              }
            },
            {
              "rid": "simulation_mode",
              "type": "setting",
              "payload": {
                "name": "simulation_mode",
                "metricPath": "qcells_mpu/setting_data/mpu_data/simulation_mode"
              }
            },
            {
              "rid": "force_update_flag",
              "type": "setting",
              "payload": {
                "name": "force_update_flag",
                "metricPath": "qcells_mpu/setting_data/mpu_data/force_update_flag"
              }
            },
            {
              "rid": "log_level_vl",
              "type": "setting",
              "payload": {
                "name": "log_level_vl",
                "metricPath": "qcells_mpu/setting_data/mpu_data/log_level_vl"
              }
            },
            {
              "rid": "log_level_cb",
              "type": "setting",
              "payload": {
                "name": "log_level_cb",
                "metricPath": "qcells_mpu/setting_data/mpu_data/log_level_cb"
              }
            },
            {
              "rid": "ntp_enabled",
              "type": "setting",
              "payload": {
                "name": "ntp_enabled",
                "metricPath": "qcells_mpu/setting_data/mpu_data/ntp_enabled"
              }
            },
            {
              "rid": "pcs_setting_configured",
              "type": "setting",
              "payload": {
                "name": "pcs_setting_configured",
                "metricPath": "qcells_mpu/setting_data/mpu_data/pcs_setting_configured"
              }
            },
            {
              "rid": "validation_status_info",
              "type": "setting",
              "payload": {
                "name": "validation_status_info",
                "metricPath": "qcells_mpu/setting_data/mpu_data/validation_status_info"
              }
            },
            {
              "rid": "Grid_Code_ess",
              "type": "setting",
              "payload": {
                "name": "Grid_Code_ess",
                "metricPath": "qcells_mpu/setting_data/mpu_data/Grid_Code_ess"
              }
            },
            {
              "rid": "Grid_Code_mi",
              "type": "setting",
              "payload": {
                "name": "Grid_Code_mi",
                "metricPath": "qcells_mpu/setting_data/mpu_data/Grid_Code_mi"
              }
            },
            {
              "rid": "mi_count",
              "type": "setting",
              "payload": {
                "name": "mi_count",
                "metricPath": "qcells_mpu/setting_data/mpu_data/mi_count"
              }
            },
            {
              "rid": "pcs_count",
              "type": "setting",
              "payload": {
                "name": "pcs_count",
                "metricPath": "qcells_mpu/setting_data/mpu_data/pcs_count"
              }
            },
            {
              "rid": "battery_count",
              "type": "setting",
              "payload": {
                "name": "battery_count",
                "metricPath": "qcells_mpu/setting_data/mpu_data/battery_count"
              }
            },
            {
              "rid": "ja12_enabled_date",
              "type": "setting",
              "payload": {
                "name": "ja12_enabled_date",
                "metricPath": "qcells_mpu/setting_data/mpu_data/ja12_enabled_date"
              }
            },
            {
              "rid": "warranty_date",
              "type": "setting",
              "payload": {
                "name": "warranty_date",
                "metricPath": "qcells_mpu/setting_data/mpu_data/warranty_date"
              }
            },
            {
              "rid": "product_serial_number",
              "type": "info",
              "payload": {
                "name": "product_serial_number",
                "metricPath": "qcells_mpu/info_data/device_constant/product_serial_number"
              }
            },
            {
              "rid": "EMS_Plus_Serial_Number",
              "type": "info",
              "payload": {
                "name": "EMS_Plus_Serial_Number",
                "metricPath": "qcells_mpu/info_data/device_constant/EMS_Plus_Serial_Number"
              }
            },
            {
              "rid": "generator_maintenance_last_run",
              "type": "info",
              "payload": {
                "name": "generator_maintenance_last_run",
                "metricPath": "qcells_mpu/info_data/device_constant/generator_maintenance_last_run"
              }
            },
            {
              "rid": "generator_maintenance_last_failed",
              "type": "info",
              "payload": {
                "name": "generator_maintenance_last_failed",
                "metricPath": "qcells_mpu/info_data/device_constant/generator_maintenance_last_failed"
              }
            },
            {
              "rid": "generator_maintenance_biweekly_last_run",
              "type": "info",
              "payload": {
                "name": "generator_maintenance_biweekly_last_run",
                "metricPath": "qcells_mpu/info_data/device_constant/generator_maintenance_biweekly_last_run"
              }
            },
            {
              "rid": "jf2_upper_controller_state",
              "type": "info",
              "payload": {
                "name": "jf2_upper_controller_state",
                "metricPath": "qcells_mpu/info_data/device_constant/jf2_upper_controller_state"
              }
            },
            {
              "rid": "fault_history",
              "type": "info",
              "payload": {
                "name": "fault_history",
                "metricPath": "qcells_mpu/info_data/device_constant/fault_history"
              }
            },
            {
              "rid": "network_info",
              "type": "info",
              "payload": {
                "name": "network_info",
                "metricPath": "qcells_mpu/info_data/device_constant/network_info"
              }
            },
            {
              "rid": "Grid_V_Detection_Value",
              "type": "info",
              "payload": {
                "name": "Grid_V_Detection_Value",
                "metricPath": "qcells_mpu/info_data/device_constant/Grid_V_Detection_Value"
              }
            },
            {
              "rid": "mpu_version",
              "type": "info",
              "payload": {
                "name": "mpu_version",
                "metricPath": "qcells_mpu/info_data/device_version/mpu_version"
              }
            },
            {
              "rid": "bpu_version",
              "type": "info",
              "payload": {
                "name": "bpu_version",
                "metricPath": "qcells_mpu/info_data/device_version/bpu_version"
              }
            },
            {
              "rid": "hub_version",
              "type": "info",
              "payload": {
                "name": "hub_version",
                "metricPath": "qcells_mpu/info_data/device_version/hub_version"
              }
            },
            {
              "rid": "c_box_version",
              "type": "info",
              "payload": {
                "name": "c_box_version",
                "metricPath": "qcells_mpu/info_data/device_version/c_box_version"
              }
            },
            {
              "rid": "external_relay_box_version",
              "type": "info",
              "payload": {
                "name": "external_relay_box_version",
                "metricPath": "qcells_mpu/info_data/device_version/external_relay_box_version"
              }
            },
            {
              "rid": "mi_info",
              "type": "info",
              "payload": {
                "name": "mi_info",
                "metricPath": "qcells_mpu/info_data/device_version/mi_info"
              }
            },
            {
              "rid": "jf2_bms_version",
              "type": "info",
              "payload": {
                "name": "jf2_bms_version",
                "metricPath": "qcells_mpu/info_data/device_version/jf2_bms_version"
              }
            },
            {
              "rid": "jf2_rbms_version",
              "type": "info",
              "payload": {
                "name": "jf2_rbms_version",
                "metricPath": "qcells_mpu/info_data/device_version/jf2_rbms_version"
              }
            },
            {
              "rid": "pcs_sn",
              "type": "info",
              "payload": {
                "name": "pcs_sn",
                "metricPath": "qcells_mpu/info_data/device_sn/pcs_sn"
              }
            },
            {
              "rid": "battery_pack_sn",
              "type": "info",
              "payload": {
                "name": "battery_pack_sn",
                "metricPath": "qcells_mpu/info_data/device_sn/battery_pack_sn"
              }
            },
            {
              "rid": "external_relay_box_sn",
              "type": "info",
              "payload": {
                "name": "external_relay_box_sn",
                "metricPath": "qcells_mpu/info_data/device_sn/external_relay_box_sn"
              }
            },
            {
              "rid": "c_box_sn",
              "type": "info",
              "payload": {
                "name": "c_box_sn",
                "metricPath": "qcells_mpu/info_data/device_sn/c_box_sn"
              }
            },
            {
              "rid": "jf2_bpu_sn",
              "type": "info",
              "payload": {
                "name": "jf2_bpu_sn",
                "metricPath": "qcells_mpu/info_data/device_sn/jf2_bpu_sn"
              }
            },
            {
              "rid": "jf2_rbms_sn",
              "type": "info",
              "payload": {
                "name": "jf2_rbms_sn",
                "metricPath": "qcells_mpu/info_data/device_sn/jf2_rbms_sn"
              }
            },
            {
              "rid": "jf2_pack_sn",
              "type": "info",
              "payload": {
                "name": "jf2_pack_sn",
                "metricPath": "qcells_mpu/info_data/device_sn/jf2_pack_sn"
              }
            },
            {
              "rid": "MI_Auto_Detected_Status",
              "type": "info",
              "payload": {
                "name": "MI_Auto_Detected_Status",
                "metricPath": "qcells_mpu/info_data/Device_Auto_Detection_MCU/MI_Auto_Detected_Status"
              }
            },
            {
              "rid": "External_Box_Auto_Detected_Status",
              "type": "info",
              "payload": {
                "name": "External_Box_Auto_Detected_Status",
                "metricPath": "qcells_mpu/info_data/Device_Auto_Detection_MCU/External_Box_Auto_Detected_Status"
              }
            },
            {
              "rid": "Smart_Relay_Board_Detected_Status",
              "type": "info",
              "payload": {
                "name": "Smart_Relay_Board_Detected_Status",
                "metricPath": "qcells_mpu/info_data/Device_Auto_Detection_MCU/Smart_Relay_Board_Detected_Status"
              }
            },
            {
              "rid": "Rogowski_Coil_Detected_Status",
              "type": "info",
              "payload": {
                "name": "Rogowski_Coil_Detected_Status",
                "metricPath": "qcells_mpu/info_data/Device_Auto_Detection_MCU/Rogowski_Coil_Detected_Status"
              }
            },
            {
              "rid": "Qcell_MID_Detected_Status",
              "type": "info",
              "payload": {
                "name": "Qcell_MID_Detected_Status",
                "metricPath": "qcells_mpu/info_data/Device_Auto_Detection_MCU/Qcell_MID_Detected_Status"
              }
            },
            {
              "rid": "Eaton_MID_Detected_Status",
              "type": "info",
              "payload": {
                "name": "Eaton_MID_Detected_Status",
                "metricPath": "qcells_mpu/info_data/Device_Auto_Detection_MCU/Eaton_MID_Detected_Status"
              }
            },
            {
              "rid": "Grid_Voltage_Detected_Status",
              "type": "info",
              "payload": {
                "name": "Grid_Voltage_Detected_Status",
                "metricPath": "qcells_mpu/info_data/Device_Auto_Detection_MCU/Grid_Voltage_Detected_Status"
              }
            },
            {
              "rid": "SPI_Map_Version",
              "type": "info",
              "payload": {
                "name": "SPI_Map_Version",
                "metricPath": "qcells_mpu/info_data/MCU_Info/SPI_Map_Version"
              }
            },
            {
              "rid": "ST8500_PE_FW_Version",
              "type": "info",
              "payload": {
                "name": "ST8500_PE_FW_Version",
                "metricPath": "qcells_mpu/info_data/MCU_Info/ST8500_PE_FW_Version"
              }
            },
            {
              "rid": "ST8500_RTE_FW_Version",
              "type": "info",
              "payload": {
                "name": "ST8500_RTE_FW_Version",
                "metricPath": "qcells_mpu/info_data/MCU_Info/ST8500_RTE_FW_Version"
              }
            },
            {
              "rid": "MCU_Flash_All_Checksum",
              "type": "info",
              "payload": {
                "name": "MCU_Flash_All_Checksum",
                "metricPath": "qcells_mpu/info_data/MCU_Info/MCU_Flash_All_Checksum"
              }
            },
            {
              "rid": "MCU_Boot_FW_VERSION",
              "type": "info",
              "payload": {
                "name": "MCU_Boot_FW_VERSION",
                "metricPath": "qcells_mpu/info_data/MCU_Info/MCU_Boot_FW_VERSION"
              }
            },
            {
              "rid": "MCU_FW_VERSION",
              "type": "info",
              "payload": {
                "name": "MCU_FW_VERSION",
                "metricPath": "qcells_mpu/info_data/MCU_Info/MCU_FW_VERSION"
              }
            },
            {
              "rid": "DER_Type",
              "type": "info",
              "payload": {
                "name": "DER_Type",
                "metricPath": "qcells_mpu/info_data/Nameplate_Response_PCS/DER_Type"
              }
            },
            {
              "rid": "Rated_ApparentPower",
              "type": "info",
              "payload": {
                "name": "Rated_ApparentPower",
                "metricPath": "qcells_mpu/info_data/Nameplate_Response_PCS/Rated_ApparentPower"
              }
            },
            {
              "rid": "Rated_ActivePower",
              "type": "info",
              "payload": {
                "name": "Rated_ActivePower",
                "metricPath": "qcells_mpu/info_data/Nameplate_Response_PCS/Rated_ActivePower"
              }
            },
            {
              "rid": "Rated_ActivePower_OE",
              "type": "info",
              "payload": {
                "name": "Rated_ActivePower_OE",
                "metricPath": "qcells_mpu/info_data/Nameplate_Response_PCS/Rated_ActivePower_OE"
              }
            },
            {
              "rid": "Rated_ActivePower_UE",
              "type": "info",
              "payload": {
                "name": "Rated_ActivePower_UE",
                "metricPath": "qcells_mpu/info_data/Nameplate_Response_PCS/Rated_ActivePower_UE"
              }
            },
            {
              "rid": "Rated_OE_ReactivePower",
              "type": "info",
              "payload": {
                "name": "Rated_OE_ReactivePower",
                "metricPath": "qcells_mpu/info_data/Nameplate_Response_PCS/Rated_OE_ReactivePower"
              }
            },
            {
              "rid": "Rated_UE_ReactivePower",
              "type": "info",
              "payload": {
                "name": "Rated_UE_ReactivePower",
                "metricPath": "qcells_mpu/info_data/Nameplate_Response_PCS/Rated_UE_ReactivePower"
              }
            },
            {
              "rid": "Rated_OE_PowerFactor",
              "type": "info",
              "payload": {
                "name": "Rated_OE_PowerFactor",
                "metricPath": "qcells_mpu/info_data/Nameplate_Response_PCS/Rated_OE_PowerFactor"
              }
            },
            {
              "rid": "Rated_UE_PowerFactor",
              "type": "info",
              "payload": {
                "name": "Rated_UE_PowerFactor",
                "metricPath": "qcells_mpu/info_data/Nameplate_Response_PCS/Rated_UE_PowerFactor"
              }
            },
            {
              "rid": "Max_BatteryChargePower",
              "type": "info",
              "payload": {
                "name": "Max_BatteryChargePower",
                "metricPath": "qcells_mpu/info_data/Nameplate_Response_PCS/Max_BatteryChargePower"
              }
            },
            {
              "rid": "NumberOfPhases",
              "type": "info",
              "payload": {
                "name": "NumberOfPhases",
                "metricPath": "qcells_mpu/info_data/Nameplate_Response_PCS/NumberOfPhases"
              }
            },
            {
              "rid": "Max_RMSCurrent",
              "type": "info",
              "payload": {
                "name": "Max_RMSCurrent",
                "metricPath": "qcells_mpu/info_data/Nameplate_Response_PCS/Max_RMSCurrent"
              }
            },
            {
              "rid": "ChargeRateMaxVA_Rating",
              "type": "info",
              "payload": {
                "name": "ChargeRateMaxVA_Rating",
                "metricPath": "qcells_mpu/info_data/Nameplate_Response_PCS/ChargeRateMaxVA_Rating"
              }
            },
            {
              "rid": "Rated_AC_Voltage",
              "type": "info",
              "payload": {
                "name": "Rated_AC_Voltage",
                "metricPath": "qcells_mpu/info_data/Nameplate_Response_PCS/Rated_AC_Voltage"
              }
            },
            {
              "rid": "Max_Rated_AC_Voltage",
              "type": "info",
              "payload": {
                "name": "Max_Rated_AC_Voltage",
                "metricPath": "qcells_mpu/info_data/Nameplate_Response_PCS/Max_Rated_AC_Voltage"
              }
            },
            {
              "rid": "Min_Rated_AC_Voltage",
              "type": "info",
              "payload": {
                "name": "Min_Rated_AC_Voltage",
                "metricPath": "qcells_mpu/info_data/Nameplate_Response_PCS/Min_Rated_AC_Voltage"
              }
            },
            {
              "rid": "Reactive_Susceptance",
              "type": "info",
              "payload": {
                "name": "Reactive_Susceptance",
                "metricPath": "qcells_mpu/info_data/Nameplate_Response_PCS/Reactive_Susceptance"
              }
            },
            {
              "rid": "Mode_Supported",
              "type": "info",
              "payload": {
                "name": "Mode_Supported",
                "metricPath": "qcells_mpu/info_data/Nameplate_Response_PCS/Mode_Supported"
              }
            },
            {
              "rid": "Abnormal_Category",
              "type": "info",
              "payload": {
                "name": "Abnormal_Category",
                "metricPath": "qcells_mpu/info_data/Nameplate_Response_PCS/Abnormal_Category"
              }
            },
            {
              "rid": "Normal_Category",
              "type": "info",
              "payload": {
                "name": "Normal_Category",
                "metricPath": "qcells_mpu/info_data/Nameplate_Response_PCS/Normal_Category"
              }
            },
            {
              "rid": "Nameplate_Ratings_WMaxRtg",
              "type": "info",
              "payload": {
                "name": "Nameplate_Ratings_WMaxRtg",
                "metricPath": "qcells_mpu/info_data/MI_DER_Capacity/Nameplate_Ratings_WMaxRtg"
              }
            },
            {
              "rid": "Nameplate_Ratings_WOvrExtRtg",
              "type": "info",
              "payload": {
                "name": "Nameplate_Ratings_WOvrExtRtg",
                "metricPath": "qcells_mpu/info_data/MI_DER_Capacity/Nameplate_Ratings_WOvrExtRtg"
              }
            },
            {
              "rid": "Nameplate_Ratings_WOvrExtRtgPF",
              "type": "info",
              "payload": {
                "name": "Nameplate_Ratings_WOvrExtRtgPF",
                "metricPath": "qcells_mpu/info_data/MI_DER_Capacity/Nameplate_Ratings_WOvrExtRtgPF"
              }
            },
            {
              "rid": "Nameplate_Ratings_WUndExtRtg",
              "type": "info",
              "payload": {
                "name": "Nameplate_Ratings_WUndExtRtg",
                "metricPath": "qcells_mpu/info_data/MI_DER_Capacity/Nameplate_Ratings_WUndExtRtg"
              }
            },
            {
              "rid": "Nameplate_Ratings_WUndExtRtgPF",
              "type": "info",
              "payload": {
                "name": "Nameplate_Ratings_WUndExtRtgPF",
                "metricPath": "qcells_mpu/info_data/MI_DER_Capacity/Nameplate_Ratings_WUndExtRtgPF"
              }
            },
            {
              "rid": "Nameplate_Ratings_VAMaxRtg",
              "type": "info",
              "payload": {
                "name": "Nameplate_Ratings_VAMaxRtg",
                "metricPath": "qcells_mpu/info_data/MI_DER_Capacity/Nameplate_Ratings_VAMaxRtg"
              }
            },
            {
              "rid": "Nameplate_Ratings_VarMaxInjRtg",
              "type": "info",
              "payload": {
                "name": "Nameplate_Ratings_VarMaxInjRtg",
                "metricPath": "qcells_mpu/info_data/MI_DER_Capacity/Nameplate_Ratings_VarMaxInjRtg"
              }
            },
            {
              "rid": "Nameplate_Ratings_VarMaxAbsRtg",
              "type": "info",
              "payload": {
                "name": "Nameplate_Ratings_VarMaxAbsRtg",
                "metricPath": "qcells_mpu/info_data/MI_DER_Capacity/Nameplate_Ratings_VarMaxAbsRtg"
              }
            },
            {
              "rid": "Nameplate_Ratings_VNomRtg",
              "type": "info",
              "payload": {
                "name": "Nameplate_Ratings_VNomRtg",
                "metricPath": "qcells_mpu/info_data/MI_DER_Capacity/Nameplate_Ratings_VNomRtg"
              }
            },
            {
              "rid": "Nameplate_Ratings_VMaxRtg",
              "type": "info",
              "payload": {
                "name": "Nameplate_Ratings_VMaxRtg",
                "metricPath": "qcells_mpu/info_data/MI_DER_Capacity/Nameplate_Ratings_VMaxRtg"
              }
            },
            {
              "rid": "Nameplate_Ratings_VMinRtg",
              "type": "info",
              "payload": {
                "name": "Nameplate_Ratings_VMinRtg",
                "metricPath": "qcells_mpu/info_data/MI_DER_Capacity/Nameplate_Ratings_VMinRtg"
              }
            },
            {
              "rid": "Nameplate_Ratings_AMaxRtg",
              "type": "info",
              "payload": {
                "name": "Nameplate_Ratings_AMaxRtg",
                "metricPath": "qcells_mpu/info_data/MI_DER_Capacity/Nameplate_Ratings_AMaxRtg"
              }
            },
            {
              "rid": "NorOpCatRtg",
              "type": "info",
              "payload": {
                "name": "NorOpCatRtg",
                "metricPath": "qcells_mpu/info_data/MI_DER_Capacity/NorOpCatRtg"
              }
            },
            {
              "rid": "AbnOpCatRtg",
              "type": "info",
              "payload": {
                "name": "AbnOpCatRtg",
                "metricPath": "qcells_mpu/info_data/MI_DER_Capacity/AbnOpCatRtg"
              }
            },
            {
              "rid": "CtrlModes",
              "type": "info",
              "payload": {
                "name": "CtrlModes",
                "metricPath": "qcells_mpu/info_data/MI_DER_Capacity/CtrlModes"
              }
            },
            {
              "rid": "IntIslandCatRtg",
              "type": "info",
              "payload": {
                "name": "IntIslandCatRtg",
                "metricPath": "qcells_mpu/info_data/MI_DER_Capacity/IntIslandCatRtg"
              }
            },
            {
              "rid": "rebootHub",
              "type": "control",
              "payload": {
                "name": "rebootHub",
                "metricPath": "qcells_mpu/control_data/control_data/rebootHub"
              }
            },
            {
              "rid": "getSystemStatus",
              "type": "control",
              "payload": {
                "name": "getSystemStatus",
                "metricPath": "qcells_mpu/control_data/control_data/getSystemStatus"
              }
            },
            {
              "rid": "releasePcs1Protection",
              "type": "control",
              "payload": {
                "name": "releasePcs1Protection",
                "metricPath": "qcells_mpu/control_data/control_data/releasePcs1Protection"
              }
            },
            {
              "rid": "releasePcs2Protection",
              "type": "control",
              "payload": {
                "name": "releasePcs2Protection",
                "metricPath": "qcells_mpu/control_data/control_data/releasePcs2Protection"
              }
            },
            {
              "rid": "releaseHubProtection",
              "type": "control",
              "payload": {
                "name": "releaseHubProtection",
                "metricPath": "qcells_mpu/control_data/control_data/releaseHubProtection"
              }
            },
            {
              "rid": "releaseMiFault",
              "type": "control",
              "payload": {
                "name": "releaseMiFault",
                "metricPath": "qcells_mpu/control_data/control_data/releaseMiFault"
              }
            },
            {
              "rid": "stormCover",
              "type": "control",
              "payload": {
                "name": "stormCover",
                "metricPath": "qcells_mpu/control_data/control_data/stormCover"
              }
            },
            {
              "rid": "vpp",
              "type": "control",
              "payload": {
                "name": "vpp",
                "metricPath": "qcells_mpu/control_data/control_data/vpp"
              }
            },
            {
              "rid": "tou",
              "type": "control",
              "payload": {
                "name": "tou",
                "metricPath": "qcells_mpu/control_data/control_data/tou"
              }
            },
            {
              "rid": "PCS_HW_MainBoard_Ver",
              "type": "info",
              "payload": {
                "name": "PCS_HW_MainBoard_Ver",
                "metricPath": "qcells_mpu/info_data/cloud_additional_info/PCS_HW_MainBoard_Ver"
              }
            },
            {
              "rid": "Nameplate_energy",
              "type": "info",
              "payload": {
                "name": "Nameplate_energy",
                "metricPath": "qcells_mpu/info_data/cloud_additional_info/Nameplate_energy"
              }
            },
            {
              "rid": "Cell_Name",
              "type": "info",
              "payload": {
                "name": "Cell_Name",
                "metricPath": "qcells_mpu/info_data/cloud_additional_info/Cell_Name"
              }
            },
            {
              "rid": "My_PLC_Network_ID",
              "type": "info",
              "payload": {
                "name": "My_PLC_Network_ID",
                "metricPath": "qcells_mpu/info_data/cloud_additional_info/My_PLC_Network_ID"
              }
            },
            {
              "rid": "releasePmuFault",
              "type": "control",
              "payload": {
                "name": "releasePmuFault",
                "metricPath": "qcells_mpu/control_data/control_data/releasePmuFault"
              }
            },
            {
              "rid": "releaseBpuFault",
              "type": "control",
              "payload": {
                "name": "releaseBpuFault",
                "metricPath": "qcells_mpu/control_data/control_data/releaseBpuFault"
              }
            },
            {
              "rid": "storm_cover_flag",
              "type": "setting",
              "payload": {
                "name": "storm_cover_flag",
                "metricPath": "qcells_mpu/setting_data/mpu_data/storm_cover_flag"
              }
            },
            {
              "rid": "storm_cover_charge_type",
              "type": "setting",
              "payload": {
                "name": "storm_cover_charge_type",
                "metricPath": "qcells_mpu/setting_data/mpu_data/storm_cover_charge_type"
              }
            },
            {
              "rid": "EMS_Energy_Policy",
              "type": "setting",
              "payload": {
                "name": "EMS_Energy_Policy",
                "metricPath": "qcells_mpu/setting_data/mpu_energy_setting/EMS_Energy_Policy"
              }
            },
            {
              "rid": "Feed_In_Limit_Flag",
              "type": "setting",
              "payload": {
                "name": "Feed_In_Limit_Flag",
                "metricPath": "qcells_mpu/setting_data/mpu_energy_setting/Feed_In_Limit_Flag"
              }
            },
            {
              "rid": "Grid_Load_Backup_Priority_Mode",
              "type": "setting",
              "payload": {
                "name": "Grid_Load_Backup_Priority_Mode",
                "metricPath": "qcells_mpu/setting_data/mpu_energy_setting/Grid_Load_Backup_Priority_Mode"
              }
            },
            {
              "rid": "Feeder_Ex_P_Limit",
              "type": "setting",
              "payload": {
                "name": "Feeder_Ex_P_Limit",
                "metricPath": "qcells_mpu/setting_data/mpu_energy_setting/Feeder_Ex_P_Limit"
              }
            },
            {
              "rid": "Feeder_Im_P_Limit",
              "type": "setting",
              "payload": {
                "name": "Feeder_Im_P_Limit",
                "metricPath": "qcells_mpu/setting_data/mpu_energy_setting/Feeder_Im_P_Limit"
              }
            },
            {
              "rid": "Grid_Ex_P_Limit",
              "type": "setting",
              "payload": {
                "name": "Grid_Ex_P_Limit",
                "metricPath": "qcells_mpu/setting_data/mpu_energy_setting/Grid_Ex_P_Limit"
              }
            },
            {
              "rid": "Grid_Im_P_Limit",
              "type": "setting",
              "payload": {
                "name": "Grid_Im_P_Limit",
                "metricPath": "qcells_mpu/setting_data/mpu_energy_setting/Grid_Im_P_Limit"
              }
            },
            {
              "rid": "Tot_ESS_to_Grid_Ex_P_Limit",
              "type": "setting",
              "payload": {
                "name": "Tot_ESS_to_Grid_Ex_P_Limit",
                "metricPath": "qcells_mpu/setting_data/mpu_energy_setting/Tot_ESS_to_Grid_Ex_P_Limit"
              }
            },
            {
              "rid": "Tot_ESS_to_Grid_Im_P_Limit",
              "type": "setting",
              "payload": {
                "name": "Tot_ESS_to_Grid_Im_P_Limit",
                "metricPath": "qcells_mpu/setting_data/mpu_energy_setting/Tot_ESS_to_Grid_Im_P_Limit"
              }
            },
            {
              "rid": "Tot_ESS_Ex_P_Limit",
              "type": "setting",
              "payload": {
                "name": "Tot_ESS_Ex_P_Limit",
                "metricPath": "qcells_mpu/setting_data/mpu_energy_setting/Tot_ESS_Ex_P_Limit"
              }
            },
            {
              "rid": "Tot_ESS_Im_P_Limit",
              "type": "setting",
              "payload": {
                "name": "Tot_ESS_Im_P_Limit",
                "metricPath": "qcells_mpu/setting_data/mpu_energy_setting/Tot_ESS_Im_P_Limit"
              }
            },
            {
              "rid": "Battery1_Charge_Limit",
              "type": "setting",
              "payload": {
                "name": "Battery1_Charge_Limit",
                "metricPath": "qcells_mpu/setting_data/mpu_energy_setting/Battery1_Charge_Limit"
              }
            },
            {
              "rid": "Battery2_Charge_Limit",
              "type": "setting",
              "payload": {
                "name": "Battery2_Charge_Limit",
                "metricPath": "qcells_mpu/setting_data/mpu_energy_setting/Battery2_Charge_Limit"
              }
            },
            {
              "rid": "Battery3_Charge_Limit",
              "type": "setting",
              "payload": {
                "name": "Battery3_Charge_Limit",
                "metricPath": "qcells_mpu/setting_data/mpu_energy_setting/Battery3_Charge_Limit"
              }
            },
            {
              "rid": "Battery4_Charge_Limit",
              "type": "setting",
              "payload": {
                "name": "Battery4_Charge_Limit",
                "metricPath": "qcells_mpu/setting_data/mpu_energy_setting/Battery4_Charge_Limit"
              }
            },
            {
              "rid": "Battery1_Discharge_Limit",
              "type": "setting",
              "payload": {
                "name": "Battery1_Discharge_Limit",
                "metricPath": "qcells_mpu/setting_data/mpu_energy_setting/Battery1_Discharge_Limit"
              }
            },
            {
              "rid": "Battery2_Discharge_Limit",
              "type": "setting",
              "payload": {
                "name": "Battery2_Discharge_Limit",
                "metricPath": "qcells_mpu/setting_data/mpu_energy_setting/Battery2_Discharge_Limit"
              }
            },
            {
              "rid": "Battery3_Discharge_Limit",
              "type": "setting",
              "payload": {
                "name": "Battery3_Discharge_Limit",
                "metricPath": "qcells_mpu/setting_data/mpu_energy_setting/Battery3_Discharge_Limit"
              }
            },
            {
              "rid": "Battery4_Discharge_Limit",
              "type": "setting",
              "payload": {
                "name": "Battery4_Discharge_Limit",
                "metricPath": "qcells_mpu/setting_data/mpu_energy_setting/Battery4_Discharge_Limit"
              }
            },
            {
              "rid": "Battery_Installation_Status",
              "type": "setting",
              "payload": {
                "name": "Battery_Installation_Status",
                "metricPath": "qcells_mpu/setting_data/mpu_energy_setting/Battery_Installation_Status"
              }
            },
            {
              "rid": "Pre_PTO_Mode",
              "type": "setting",
              "payload": {
                "name": "Pre_PTO_Mode",
                "metricPath": "qcells_mpu/setting_data/mpu_energy_setting/Pre_PTO_Mode"
              }
            },
            {
              "rid": "energy_tou_schedules",
              "type": "setting",
              "payload": {
                "name": "energy_tou_schedules",
                "metricPath": "qcells_mpu/setting_data/mpu_energy_setting/energy_tou_schedules"
              }
            },
            {
              "rid": "energy_vpp_schedules",
              "type": "setting",
              "payload": {
                "name": "energy_vpp_schedules",
                "metricPath": "qcells_mpu/setting_data/mpu_energy_setting/energy_vpp_schedules"
              }
            },
            {
              "rid": "energy_storm_cover_schedules",
              "type": "setting",
              "payload": {
                "name": "energy_storm_cover_schedules",
                "metricPath": "qcells_mpu/setting_data/mpu_energy_setting/energy_storm_cover_schedules"
              }
            },
            {
              "rid": "ESS_Operating_Mode",
              "type": "setting",
              "payload": {
                "name": "ESS_Operating_Mode",
                "metricPath": "qcells_mpu/setting_data/mpu_energy_setting/ESS_Operating_Mode"
              }
            },
            {
              "rid": "ja12_override_timer_start",
              "type": "info",
              "payload": {
                "name": "ja12_override_timer_start",
                "metricPath": "qcells_mpu/info_data/device_constant/ja12_override_timer_start"
              }
            },
            {
              "rid": "default_tou_operation",
              "type": "setting",
              "payload": {
                "name": "default_tou_operation",
                "metricPath": "qcells_mpu/setting_data/mpu_energy_setting/default_tou_operation"
              }
            },
            {
              "rid": "factory_reset",
              "type": "info",
              "payload": {
                "name": "factory_reset",
                "metricPath": "qcells_mpu/info_data/device_constant/factory_reset"
              }
            },
            {
              "rid": "pcs_version",
              "type": "info",
              "payload": {
                "name": "pcs_version",
                "metricPath": "qcells_mpu/info_data/device_version/pcs_version"
              }
            },
            {
              "rid": "gen_maintenance_mode_duration",
              "type": "setting",
              "payload": {
                "name": "gen_maintenance_mode_duration",
                "metricPath": "qcells_mpu/setting_data/mpu_data/gen_maintenance_mode_duration"
              }
            }
          ],
          "connectionInfos":
          [
            {
              "targetDeviceRid": "5920259c-e6ff-4d31-9f9b-5a5c663548dd",
              "protocols": [
                {
                  "rid": "bdeaca72-cffd-45ec-9d1b-bdab714c3673",
                  "protocol": "QcellsSPI",
                  "config": {
                    "interface": "/dev/spidev2.0"
                  },
                  "timeoutMs": 0,
                  "registerMapId": "qcells_mcu"
                },
                {
                  "rid": "d084d68a-5204-4617-92f6-6c95a7d7278f",
                  "protocol": "CAN",
                  "config": {
                    "canProtocol": "CANOpen",
                    "interface": "can0",
                    "baudRate": 500000,
                    "canNodeId": "1"
                  },
                  "timeoutMs": 1000,
                  "registerMapId": "qcells_ess_g4"
                }
              ]
            }
          ]
        },
        {
          "rid": "5920259c-e6ff-4d31-9f9b-5a5c663548dd",
          "description": "TPO optimized ESS G4-T",
          "serialNum": "342710176016A01001",
          "manufacturer": "Qcells",
          "model": "TPO_Optimized_ESS_G4_T",
          "deviceType": "Battery",
          "deviceSubType": "IncludeCombiner",
          "deviceMetricList":
          [
            {
              "rid": "battery_701_W",
              "name": "battery_701_W",
              "readingType":
              {
                "qualifier": "Avg",
                "accumulationType": "Instantaneous",
                "tenMultiplier": -2,
                "telemetryPeriod": 60,
                "flowDirectionType": "NA"
              },
              "metricPath": "qcells_ess_g4/read/P01_1s_Monitoring_Data_02/BDC_Power_1s",
              "extendedTelemetry": false
            },
            {
              "rid": "battery_701_A",
              "name": "battery_701_A",
              "readingType":
              {
                "qualifier": "Avg",
                "accumulationType": "Instantaneous",
                "tenMultiplier": -2,
                "telemetryPeriod": 60,
                "flowDirectionType": "NA"
              },
              "metricPath": "qcells_ess_g4/read/P01_1s_Monitoring_Data_03/Total_Rack_Current",
              "extendedTelemetry": false
            },
            {
              "rid": "battery_701_DailyWhInj",
              "name": "battery_701_DailyWhInj",
              "readingType":
              {
                "qualifier": "NA",
                "accumulationType": "DailyCumulative",
                "tenMultiplier": -2,
                "telemetryPeriod": 60,
                "flowDirectionType": "Positive"
              },
              "metricPath": "qcells_ess_g4/read/P01_1s_Monitoring_Data_02/BDC_Power_1s",
              "extendedTelemetry": false
            },
            {
              "rid": "battery_701_IncWhInj",
              "name": "battery_701_IncWhInj",
              "readingType":
              {
                "qualifier": "NA",
                "accumulationType": "DeltaData",
                "tenMultiplier": -2,
                "telemetryPeriod": 60,
                "flowDirectionType": "Positive"
              },
              "metricPath": "qcells_ess_g4/read/P01_1s_Monitoring_Data_02/BDC_Power_1s",
              "extendedTelemetry": false
            },
            {
              "rid": "battery_701_DailyWhAbs",
              "name": "battery_701_DailyWhAbs",
              "readingType":
              {
                "qualifier": "NA",
                "accumulationType": "DailyCumulative",
                "tenMultiplier": -2,
                "telemetryPeriod": 60,
                "flowDirectionType": "Negative"
              },
              "metricPath": "qcells_ess_g4/read/P01_1s_Monitoring_Data_02/BDC_Power_1s",
              "extendedTelemetry": false
            },
            {
              "rid": "battery_701_IncWhAbs",
              "name": "battery_701_IncWhAbs",
              "readingType":
              {
                "qualifier": "NA",
                "accumulationType": "DeltaData",
                "tenMultiplier": -2,
                "telemetryPeriod": 60,
                "flowDirectionType": "Negative"
              },
              "metricPath": "qcells_ess_g4/read/P01_1s_Monitoring_Data_02/BDC_Power_1s",
              "extendedTelemetry": false
            },
            {
              "rid": "battery_713_SoC",
              "name": "battery_713_SoC",
              "readingType":
              {
                "qualifier": "Avg",
                "accumulationType": "Instantaneous",
                "tenMultiplier": -2,
                "telemetryPeriod": 60,
                "flowDirectionType": "NA"
              },
              "calculation": ["qcells_ess_g4/read/P01_B01_JF2_Normal_Back_BMS_03/User_SOC",
                              "qcells_ess_g4/read/P01_B02_JF2_Normal_Back_BMS_03/User_SOC", "+", "2", "/"],
              "extendedTelemetry": false
            },
            {
              "rid": "battery_713_SoH",
              "name": "battery_713_SoH",
              "readingType":
              {
                "qualifier": "Avg",
                "accumulationType": "Instantaneous",
                "tenMultiplier": -2,
                "telemetryPeriod": 60,
                "flowDirectionType": "NA"
              },
              "calculation": ["qcells_ess_g4/read/P01_B01_JF2_Normal_Back_BMS_03/SOH",
                              "qcells_ess_g4/read/P01_B02_JF2_Normal_Back_BMS_03/SOH", "+", "2", "/"],
              "extendedTelemetry": false
            },
            {
              "rid": "battery_714_DCW",
              "name": "battery_714_DCW",
              "readingType":
              {
                "qualifier": "Avg",
                "accumulationType": "Instantaneous",
                "tenMultiplier": -2,
                "telemetryPeriod": 60,
                "flowDirectionType": "NA"
              },
              "metricPath": "qcells_ess_g4/read/P01_1s_Monitoring_Data_02/BDC_Power_1s",
              "extendedTelemetry": false
            },
            {
              "rid": "battery_714_DailyDCWhInj",
              "name": "battery_714_DailyDCWhInj",
              "readingType":
              {
                "qualifier": "Avg",
                "accumulationType": "DailyCumulative",
                "tenMultiplier": -2,
                "telemetryPeriod": 60,
                "flowDirectionType": "Positive"
              },
              "metricPath": "qcells_ess_g4/read/P01_1s_Monitoring_Data_02/BDC_Power_1s",
              "extendedTelemetry": false
            },
            {
              "rid": "battery_714_DailyDCWhAbs",
              "name": "battery_714_DailyDCWhAbs",
              "readingType":
              {
                "qualifier": "Avg",
                "accumulationType": "DailyCumulative",
                "tenMultiplier": -2,
                "telemetryPeriod": 60,
                "flowDirectionType": "Negative"
              },
              "metricPath": "qcells_ess_g4/read/P01_1s_Monitoring_Data_02/BDC_Power_1s",
              "extendedTelemetry": false
            },
            {
              "rid": "pv_701_W",
              "name": "pv_701_W",
              "readingType":
              {
                "qualifier": "Avg",
                "accumulationType": "Instantaneous",
                "tenMultiplier": -2,
                "telemetryPeriod": 60,
                "flowDirectionType": "NA"
              },
              "metricPath": "qcells_mcu/read/PMU_Monitoring_Data_01/MI_Active_Power",
              "extendedTelemetry": false
            },
            {
              "rid": "pv_701_A",
              "name": "pv_701_A",
              "readingType":
              {
                "qualifier": "Avg",
                "accumulationType": "Instantaneous",
                "tenMultiplier": -2,
                "telemetryPeriod": 60,
                "flowDirectionType": "NA"
              },
              "metricPath": "qcells_mcu/read/PMU_Monitoring_Data_02/MI_L1_I",
              "extendedTelemetry": false
            },
            {
              "rid": "pv_701_LLV",
              "name": "pv_701_LLV",
              "readingType":
              {
                "qualifier": "Avg",
                "accumulationType": "Instantaneous",
                "tenMultiplier": -2,
                "telemetryPeriod": 60,
                "flowDirectionType": "NA"
              },
              "metricPath": "qcells_mcu/read/PMU_Monitoring_Data_02/MI_LL_V",
              "extendedTelemetry": false
            },
            {
              "rid": "pv_701_Hz",
              "name": "pv_701_Hz",
              "readingType":
              {
                "qualifier": "Avg",
                "accumulationType": "Instantaneous",
                "tenMultiplier": -2,
                "telemetryPeriod": 60,
                "flowDirectionType": "NA"
              },
              "metricPath": "qcells_mcu/read/PMU_Monitoring_Data_01/AC_Bus_Freq",
              "extendedTelemetry": false
            },
            {
              "rid": "pv_701_DailyWhAbs",
              "name": "pv_701_DailyWhAbs",
              "readingType":
              {
                "qualifier": "NA",
                "accumulationType": "DailyCumulative",
                "tenMultiplier": -2,
                "telemetryPeriod": 60,
                "flowDirectionType": "NA"
              },
              "metricPath": "qcells_mcu/read/PMU_Monitoring_Data_01/MI_Active_Power",
              "extendedTelemetry": false
            },
            {
              "rid": "pv_701_IncWhAbs",
              "name": "pv_701_IncWhAbs",
              "readingType":
              {
                "qualifier": "NA",
                "accumulationType": "DeltaData",
                "tenMultiplier": -2,
                "telemetryPeriod": 60,
                "flowDirectionType": "NA"
              },
              "metricPath": "qcells_mcu/read/PMU_Monitoring_Data_01/MI_Active_Power",
              "extendedTelemetry": false
            },
            {
              "rid": "extpv_701_W",
              "name": "extpv_701_W",
              "readingType":
              {
                "qualifier": "Avg",
                "accumulationType": "Instantaneous",
                "tenMultiplier": -2,
                "telemetryPeriod": 60,
                "flowDirectionType": "NA"
              },
              "metricPath": "qcells_mcu/read/PMU_Monitoring_Data_01/Ext_PV_Active_Power",
              "extendedTelemetry": false
            },
            {
              "rid": "extpv_701_DailyWhAbs",
              "name": "extpv_701_DailyWhAbs",
              "readingType":
              {
                "qualifier": "NA",
                "accumulationType": "DailyCumulative",
                "tenMultiplier": -2,
                "telemetryPeriod": 60,
                "flowDirectionType": "NA"
              },
              "metricPath": "qcells_mcu/read/PMU_Monitoring_Data_01/Ext_PV_Active_Power",
              "extendedTelemetry": false
            },
            {
              "rid": "extpv_701_IncWhAbs",
              "name": "extpv_701_IncWhAbs",
              "readingType":
              {
                "qualifier": "NA",
                "accumulationType": "DeltaData",
                "tenMultiplier": -2,
                "telemetryPeriod": 60,
                "flowDirectionType": "NA"
              },
              "metricPath": "qcells_mcu/read/PMU_Monitoring_Data_01/Ext_PV_Active_Power",
              "extendedTelemetry": false
            }
          ],
          "devicePointList": []
        },
        {
          "rid": "2329b47f-4409-4ee9-ab28-97ba1e303602",
          "description": "Built-in Battery in ESS G4-T",
          "serialNum": "342430513126A02010",
          "manufacturer": "LG",
          "model": "Battery_ESS_G4_T",
          "deviceType": "BatteryPack",
          "devicePointList": [],
          "relationList":
          [
            {
              "type": "parents",
              "targetList": [
                "5920259c-e6ff-4d31-9f9b-5a5c663548dd"
              ]
            }
          ]
        },
        {
          "rid": "32b07020-bae3-4b44-8822-069e8303a350",
          "description": "Expansion Battery in ESS G4-T",
          "serialNum": "342440513126A02020",
          "manufacturer": "Qcells",
          "model": "Battery_ESS_G4_T",
          "deviceType": "BatteryPack",
          "devicePointList": [],
          "relationList":
          [
            {
              "type": "parents",
              "targetList": [
                "5920259c-e6ff-4d31-9f9b-5a5c663548dd"
              ]
            }
          ]
        },
        {
          "rid": "1c6c8562-955e-4bd1-bb4e-1656ca2317a5",
          "description": "MI",
          "serialNum": "2M114IF30056",
          "manufacturer": "Qcells",
          "model": "MI",
          "deviceType": "MicroInverter",
          "deviceMetricList":
          [
            {
              "rid": "pv_701_W",
              "name": "pv_701_W",
              "readingType":
              {
                "qualifier": "Avg",
                "accumulationType": "Instantaneous",
                "tenMultiplier": 0,
                "telemetryPeriod": 900,
                "flowDirectionType": "NA"
              },
              "metricPath": "qcells_mcu/onDemandRead/M000_MI_Monitoring_Data_00/watt",
              "extendedTelemetry": false
            },
            {
              "rid": "pv_701_TmpOt",
              "name": "pv_701_TmpOt",
              "readingType":
              {
                "qualifier": "Avg",
                "accumulationType": "Instantaneous",
                "tenMultiplier": 0,
                "telemetryPeriod": 900,
                "flowDirectionType": "NA"
              },
              "metricPath": "qcells_mcu/onDemandRead/M000_MI_Monitoring_Data_00/temperature",
              "extendedTelemetry": false
            },
            {
              "rid": "pv_701_Hz",
              "name": "pv_701_Hz",
              "readingType":
              {
                "qualifier": "Avg",
                "accumulationType": "Instantaneous",
                "tenMultiplier": 0,
                "telemetryPeriod": 900,
                "flowDirectionType": "NA"
              },
              "metricPath": "qcells_mcu/onDemandRead/M000_MI_Monitoring_Data_00/grid_frequency",
              "extendedTelemetry": false
            },
            {
              "rid": "pv_701_LLV",
              "name": "pv_701_LLV",
              "readingType":
              {
                "qualifier": "Avg",
                "accumulationType": "Instantaneous",
                "tenMultiplier": 0,
                "telemetryPeriod": 900,
                "flowDirectionType": "NA"
              },
              "metricPath": "qcells_mcu/onDemandRead/M000_MI_Monitoring_Data_00/vac_rms",
              "extendedTelemetry": false
            },
            {
              "rid": "pv_714_DCA",
              "name": "pv_714_DCA",
              "readingType":
              {
                "qualifier": "Avg",
                "accumulationType": "Instantaneous",
                "tenMultiplier": 0,
                "telemetryPeriod": 900,
                "flowDirectionType": "NA"
              },
              "metricPath": "qcells_mcu/onDemandRead/M000_MI_Monitoring_Data_00/ipv",
              "extendedTelemetry": false
            },
            {
              "rid": "pv_701_DailyWhAbs",
              "name": "pv_701_DailyWhAbs",
              "readingType":
              {
                "uom": "Wh",
                "qualifier": "NA",
                "accumulationType": "DailyCumulative",
                "tenMultiplier": 0,
                "telemetryPeriod": 900,
                "flowDirectionType": "NA"
              },
              "calculation": ["qcells_mcu/onDemandRead/M000_MI_Monitoring_Data_00/watt_min", "60.0", "/"],
              "extendedTelemetry": false
            },
            {
              "rid": "pv_701_IncWhAbs",
              "name": "pv_701_IncWhAbs",
              "readingType":
              {
                "uom": "Wh",
                "qualifier": "NA",
                "accumulationType": "DeltaData",
                "tenMultiplier": 0,
                "telemetryPeriod": 900,
                "flowDirectionType": "NA"
              },
              "calculation": ["qcells_mcu/onDemandRead/M000_MI_Monitoring_Data_00/watt_min", "60.0", "/"],
              "extendedTelemetry": false
            }
          ],
          "devicePointList": [],
          "relationList":
          [
            {
              "type": "parents",
              "targetList": [
                "5920259c-e6ff-4d31-9f9b-5a5c663548dd"
              ]
            }
          ]
        },
        {
          "rid": "ba49edcc-76fc-45d6-b68b-269eb3a4b41e",
          "description": "MI",
          "serialNum": "2M114H511315",
          "manufacturer": "Qcells",
          "model": "MI",
          "deviceType": "MicroInverter",
          "deviceMetricList":
          [
            {
              "rid": "pv_701_W",
              "name": "pv_701_W",
              "readingType":
              {
                "qualifier": "Avg",
                "accumulationType": "Instantaneous",
                "tenMultiplier": 0,
                "telemetryPeriod": 900,
                "flowDirectionType": "NA"
              },
              "metricPath": "qcells_mcu/onDemandRead/M001_MI_Monitoring_Data_00/watt",
              "extendedTelemetry": false
            },
            {
              "rid": "pv_701_TmpOt",
              "name": "pv_701_TmpOt",
              "readingType":
              {
                "qualifier": "Avg",
                "accumulationType": "Instantaneous",
                "tenMultiplier": 0,
                "telemetryPeriod": 900,
                "flowDirectionType": "NA"
              },
              "metricPath": "qcells_mcu/onDemandRead/M001_MI_Monitoring_Data_00/temperature",
              "extendedTelemetry": false
            },
            {
              "rid": "pv_701_Hz",
              "name": "pv_701_Hz",
              "readingType":
              {
                "qualifier": "Avg",
                "accumulationType": "Instantaneous",
                "tenMultiplier": 0,
                "telemetryPeriod": 900,
                "flowDirectionType": "NA"
              },
              "metricPath": "qcells_mcu/onDemandRead/M001_MI_Monitoring_Data_00/grid_frequency",
              "extendedTelemetry": false
            },
            {
              "rid": "pv_701_LLV",
              "name": "pv_701_LLV",
              "readingType":
              {
                "qualifier": "Avg",
                "accumulationType": "Instantaneous",
                "tenMultiplier": 0,
                "telemetryPeriod": 900,
                "flowDirectionType": "NA"
              },
              "metricPath": "qcells_mcu/onDemandRead/M001_MI_Monitoring_Data_00/vac_rms",
              "extendedTelemetry": false
            },
            {
              "rid": "pv_714_DCA",
              "name": "pv_714_DCA",
              "readingType":
              {
                "qualifier": "Avg",
                "accumulationType": "Instantaneous",
                "tenMultiplier": 0,
                "telemetryPeriod": 900,
                "flowDirectionType": "NA"
              },
              "metricPath": "qcells_mcu/onDemandRead/M001_MI_Monitoring_Data_00/ipv",
              "extendedTelemetry": false
            },
            {
              "rid": "pv_701_DailyWhAbs",
              "name": "pv_701_DailyWhAbs",
              "readingType":
              {
                "uom": "Wh",
                "qualifier": "NA",
                "accumulationType": "DailyCumulative",
                "tenMultiplier": 0,
                "telemetryPeriod": 900,
                "flowDirectionType": "NA"
              },
              "calculation": ["qcells_mcu/onDemandRead/M001_MI_Monitoring_Data_00/watt_min", "60.0", "/"],
              "extendedTelemetry": false
            },
            {
              "rid": "pv_701_IncWhAbs",
              "name": "pv_701_IncWhAbs",
              "readingType":
              {
                "uom": "Wh",
                "qualifier": "NA",
                "accumulationType": "DeltaData",
                "tenMultiplier": 0,
                "telemetryPeriod": 900,
                "flowDirectionType": "NA"
              },
              "calculation": ["qcells_mcu/onDemandRead/M001_MI_Monitoring_Data_00/watt_min", "60.0", "/"],
              "extendedTelemetry": false
            }
          ],
          "devicePointList": [],
          "relationList":
          [
            {
              "type": "parents",
              "targetList": [
                "5920259c-e6ff-4d31-9f9b-5a5c663548dd"
              ]
            }
          ]
        }
      ]
    }    exit_code:0
  $ cat /tmp/em_metrics_18822.json
    [{"rid":"pv_200_W","metricPath":null,"telemetryPeriod":60,"qualifier":"Avg","tenMultiplier":-2,"accumulationType":"","flowDirectionType":"NA"},{"rid":"pv_200_DailyWhExp","metricPath":null,"telemetryPeriod":60,"qualifier":"NA","tenMultiplier":-2,"accumulationType":"","flowDirectionType":"NA"},{"rid":"pv_200_IncWhExp","metricPath":null,"telemetryPeriod":60,"qualifier":"NA","tenMultiplier":-2,"accumulationType":"","flowDirectionType":"NA"},{"rid":"load_200_W","metricPath":"qcells_mcu/read/PMU_Monitoring_Data_01/Tot_Load_Active_Power","telemetryPeriod":60,"qualifier":"Avg","tenMultiplier":-2,"accumulationType":"","flowDirectionType":"Positive"},{"rid":"load_200_DailyWhImp","metricPath":"qcells_mcu/read/PMU_Monitoring_Data_01/Tot_Load_Active_Power","telemetryPeriod":60,"qualifier":"NA","tenMultiplier":-2,"accumulationType":"","flowDirectionType":"Positive"},{"rid":"load_200_IncWhImp","metricPath":"qcells_mcu/read/PMU_Monitoring_Data_01/Tot_Load_Active_Power","telemetryPeriod":60,"qualifier":"NA","tenMultiplier":-2,"accumulationType":"","flowDirectionType":"Positive"},{"rid":"grid_200_W","metricPath":"qcells_mcu/read/PMU_Monitoring_Data_01/Grid_Active_Power","telemetryPeriod":60,"qualifier":"Avg","tenMultiplier":-2,"accumulationType":"","flowDirectionType":"NA"},{"rid":"grid_200_DailyWhImp","metricPath":"qcells_mcu/read/PMU_Monitoring_Data_01/Grid_Active_Power","telemetryPeriod":60,"qualifier":"NA","tenMultiplier":-2,"accumulationType":"","flowDirectionType":"Positive"},{"rid":"grid_200_IncWhImp","metricPath":"qcells_mcu/read/PMU_Monitoring_Data_01/Grid_Active_Power","telemetryPeriod":60,"qualifier":"NA","tenMultiplier":-2,"accumulationType":"","flowDirectionType":"Positive"},{"rid":"grid_200_DailyWhExp","metricPath":"qcells_mcu/read/PMU_Monitoring_Data_01/Grid_Active_Power","telemetryPeriod":60,"qualifier":"NA","tenMultiplier":-2,"accumulationType":"","flowDirectionType":"Negative"},{"rid":"grid_200_IncWhExp","metricPath":"qcells_mcu/read/PMU_Monitoring_Data_01/Grid_Active_Power","telemetryPeriod":60,"qualifier":"NA","tenMultiplier":-2,"accumulationType":"","flowDirectionType":"Negative"},{"rid":"battery_713_SoH","metricPath":null,"telemetryPeriod":60,"qualifier":"Avg","tenMultiplier":-2,"accumulationType":"","flowDirectionType":"NA"},{"rid":"battery_713_SoC","metricPath":null,"telemetryPeriod":60,"qualifier":"Avg","tenMultiplier":-2,"accumulationType":"","flowDirectionType":"NA"},{"rid":"battery_200_W","metricPath":"qcells_ess_g4/read/P01_1s_Monitoring_Data_02/BDC_Power_1s","telemetryPeriod":60,"qualifier":"Avg","tenMultiplier":-2,"accumulationType":"","flowDirectionType":"NA"},{"rid":"battery_200_DailyWhImp","metricPath":"qcells_ess_g4/read/P01_1s_Monitoring_Data_02/BDC_Power_1s","telemetryPeriod":60,"qualifier":"NA","tenMultiplier":-2,"accumulationType":"","flowDirectionType":"Negative"},{"rid":"battery_200_IncWhImp","metricPath":"qcells_ess_g4/read/P01_1s_Monitoring_Data_02/BDC_Power_1s","telemetryPeriod":60,"qualifier":"NA","tenMultiplier":-2,"accumulationType":"","flowDirectionType":"Negative"},{"rid":"battery_200_DailyWhExp","metricPath":"qcells_ess_g4/read/P01_1s_Monitoring_Data_02/BDC_Power_1s","telemetryPeriod":60,"qualifier":"NA","tenMultiplier":-2,"accumulationType":"","flowDirectionType":"Positive"},{"rid":"battery_200_IncWhExp","metricPath":"qcells_ess_g4/read/P01_1s_Monitoring_Data_02/BDC_Power_1s","telemetryPeriod":60,"qualifier":"NA","tenMultiplier":-2,"accumulationType":"","flowDirectionType":"Positive"},{"rid":"grid_200_PhVphA","metricPath":"qcells_mcu/read/PMU_Monitoring_Data_01/Grid_L1N_V","telemetryPeriod":60,"qualifier":"Avg","tenMultiplier":-2,"accumulationType":"","flowDirectionType":"NA"},{"rid":"grid_200_PhVphB","metricPath":"qcells_mcu/read/PMU_Monitoring_Data_01/Grid_L2N_V","telemetryPeriod":60,"qualifier":"Avg","tenMultiplier":-2,"accumulationType":"","flowDirectionType":"NA"},{"rid":"grid_200_AphA","metricPath":"qcells_mcu/read/PMU_Monitoring_Data_02/Grid_L1_I","telemetryPeriod":60,"qualifier":"Avg","tenMultiplier":-2,"accumulationType":"","flowDirectionType":"NA"},{"rid":"grid_200_AphB","metricPath":"qcells_mcu/read/PMU_Monitoring_Data_02/Grid_L2_I","telemetryPeriod":60,"qualifier":"Avg","tenMultiplier":-2,"accumulationType":"","flowDirectionType":"NA"},{"rid":"grid_200_VAR","metricPath":"qcells_mcu/read/PMU_Monitoring_Data_01/Grid_Reactive_Power","telemetryPeriod":60,"qualifier":"Avg","tenMultiplier":-2,"accumulationType":"","flowDirectionType":"NA"},{"rid":"grid_200_Hz","metricPath":"qcells_mcu/read/PMU_Monitoring_Data_01/Grid_Freq","telemetryPeriod":60,"qualifier":"Avg","tenMultiplier":-2,"accumulationType":"","flowDirectionType":"NA"},{"rid":"extpv_200_W","metricPath":"qcells_mcu/read/PMU_Monitoring_Data_01/Ext_PV_Active_Power","telemetryPeriod":60,"qualifier":"Avg","tenMultiplier":-2,"accumulationType":"","flowDirectionType":"NA"},{"rid":"extpv_200_DailyWhExp","metricPath":"qcells_mcu/read/PMU_Monitoring_Data_01/Ext_PV_Active_Power","telemetryPeriod":60,"qualifier":"NA","tenMultiplier":-2,"accumulationType":"","flowDirectionType":"NA"},{"rid":"extpv_200_IncWhExp","metricPath":"qcells_mcu/read/PMU_Monitoring_Data_01/Ext_PV_Active_Power","telemetryPeriod":60,"qualifier":"NA","tenMultiplier":-2,"accumulationType":"","flowDirectionType":"NA"},{"rid":"grid_200_PF","metricPath":"qcells_mcu/read/PMU_Monitoring_Data_01/Grid_Power_Factor","telemetryPeriod":60,"qualifier":"NA","tenMultiplier":-2,"accumulationType":"","flowDirectionType":"NA"},{"rid":"battery_802_SoC","metricPath":null,"telemetryPeriod":60,"qualifier":"NA","tenMultiplier":-2,"accumulationType":"","flowDirectionType":"NA"},{"rid":"battery_714_DCV","metricPath":"qcells_ess_g4/read/P01_1s_Monitoring_Data_03/BAT_Voltage_CONV","telemetryPeriod":60,"qualifier":"NA","tenMultiplier":-2,"accumulationType":"","flowDirectionType":"NA"},{"rid":"battery_714_DCA","metricPath":"qcells_ess_g4/read/P01_1s_Monitoring_Data_03/Total_Rack_Current","telemetryPeriod":60,"qualifier":"NA","tenMultiplier":-2,"accumulationType":"","flowDirectionType":"NA"},{"rid":"battery_805_CellVAvg","metricPath":"qcells_ess_g4/read/P01_1s_Monitoring_Data_04/Avg_Cell_Voltage","telemetryPeriod":60,"qualifier":"NA","tenMultiplier":-2,"accumulationType":"","flowDirectionType":"NA"},{"rid":"battery_805_CellVMax","metricPath":"qcells_ess_g4/read/P01_1s_Monitoring_Data_04/Max_Cell_Voltage","telemetryPeriod":60,"qualifier":"NA","tenMultiplier":-2,"accumulationType":"","flowDirectionType":"NA"},{"rid":"battery_805_CellVMin","metricPath":"qcells_ess_g4/read/P01_1s_Monitoring_Data_04/Min_Cell_Voltage","telemetryPeriod":60,"qualifier":"NA","tenMultiplier":-2,"accumulationType":"","flowDirectionType":"NA"},{"rid":"battery_805_CellTmpAvg","metricPath":"qcells_ess_g4/read/P01_1s_Monitoring_Data_04/Avg_Cell_Temperature","telemetryPeriod":60,"qualifier":"NA","tenMultiplier":-2,"accumulationType":"","flowDirectionType":"NA"},{"rid":"battery_805_CellTmpMax","metricPath":"qcells_ess_g4/read/P01_1s_Monitoring_Data_04/Max_Cell_Temperature","telemetryPeriod":60,"qualifier":"NA","tenMultiplier":-2,"accumulationType":"","flowDirectionType":"NA"},{"rid":"battery_805_CellTmpMin","metricPath":"qcells_ess_g4/read/P01_1s_Monitoring_Data_04/Min_Cell_Temperature","telemetryPeriod":60,"qualifier":"NA","tenMultiplier":-2,"accumulationType":"","flowDirectionType":"NA"},{"rid":"inverter_701_Hz","metricPath":"qcells_ess_g4/read/P01_1s_Monitoring_Data_01/ESS_Inverter_Frequency","telemetryPeriod":60,"qualifier":"NA","tenMultiplier":-2,"accumulationType":"","flowDirectionType":"NA"},{"rid":"battery_802_V","metricPath":null,"telemetryPeriod":60,"qualifier":"NA","tenMultiplier":-2,"accumulationType":"","flowDirectionType":"NA"},{"rid":"Grid_Status","metricPath":"qcells_mcu/read/PMU_Monitoring_Data_05/PMU_Grid_Status","telemetryPeriod":60,"qualifier":"NA","tenMultiplier":-2,"accumulationType":"","flowDirectionType":"NA"},{"rid":"Operation_Status","metricPath":"qcells_mpu/persistent_data/mpu_data/Operation_Status","telemetryPeriod":60,"qualifier":"NA","tenMultiplier":-2,"accumulationType":"","flowDirectionType":"NA"},{"rid":"energyControl","metricPath":"qcells_mpu/persistent_data/mpu_data/EnergyControl_Status","telemetryPeriod":60,"qualifier":"NA","tenMultiplier":-2,"accumulationType":"","flowDirectionType":"NA"},{"rid":"PCS_Mode","metricPath":"qcells_ess_g4/read/P01_1s_Monitoring_Data_01/PCS_CMD1","telemetryPeriod":60,"qualifier":"NA","tenMultiplier":-2,"accumulationType":"","flowDirectionType":"NA"},{"rid":"eMMC_Life","metricPath":"qcells_mpu/persistent_data/mpu_data/emmc_life_avg","telemetryPeriod":60,"qualifier":"NA","tenMultiplier":-2,"accumulationType":"","flowDirectionType":"NA"},{"rid":"battery_701_W","metricPath":"qcells_ess_g4/read/P01_1s_Monitoring_Data_02/BDC_Power_1s","telemetryPeriod":60,"qualifier":"Avg","tenMultiplier":-2,"accumulationType":"","flowDirectionType":"NA"},{"rid":"battery_701_A","metricPath":"qcells_ess_g4/read/P01_1s_Monitoring_Data_03/Total_Rack_Current","telemetryPeriod":60,"qualifier":"Avg","tenMultiplier":-2,"accumulationType":"","flowDirectionType":"NA"},{"rid":"battery_701_DailyWhInj","metricPath":"qcells_ess_g4/read/P01_1s_Monitoring_Data_02/BDC_Power_1s","telemetryPeriod":60,"qualifier":"NA","tenMultiplier":-2,"accumulationType":"","flowDirectionType":"Positive"},{"rid":"battery_701_IncWhInj","metricPath":"qcells_ess_g4/read/P01_1s_Monitoring_Data_02/BDC_Power_1s","telemetryPeriod":60,"qualifier":"NA","tenMultiplier":-2,"accumulationType":"","flowDirectionType":"Positive"},{"rid":"battery_701_DailyWhAbs","metricPath":"qcells_ess_g4/read/P01_1s_Monitoring_Data_02/BDC_Power_1s","telemetryPeriod":60,"qualifier":"NA","tenMultiplier":-2,"accumulationType":"","flowDirectionType":"Negative"},{"rid":"battery_701_IncWhAbs","metricPath":"qcells_ess_g4/read/P01_1s_Monitoring_Data_02/BDC_Power_1s","telemetryPeriod":60,"qualifier":"NA","tenMultiplier":-2,"accumulationType":"","flowDirectionType":"Negative"},{"rid":"battery_713_SoC","metricPath":null,"telemetryPeriod":60,"qualifier":"Avg","tenMultiplier":-2,"accumulationType":"","flowDirectionType":"NA"},{"rid":"battery_713_SoH","metricPath":null,"telemetryPeriod":60,"qualifier":"Avg","tenMultiplier":-2,"accumulationType":"","flowDirectionType":"NA"},{"rid":"battery_714_DCW","metricPath":"qcells_ess_g4/read/P01_1s_Monitoring_Data_02/BDC_Power_1s","telemetryPeriod":60,"qualifier":"Avg","tenMultiplier":-2,"accumulationType":"","flowDirectionType":"NA"},{"rid":"battery_714_DailyDCWhInj","metricPath":"qcells_ess_g4/read/P01_1s_Monitoring_Data_02/BDC_Power_1s","telemetryPeriod":60,"qualifier":"Avg","tenMultiplier":-2,"accumulationType":"","flowDirectionType":"Positive"},{"rid":"battery_714_DailyDCWhAbs","metricPath":"qcells_ess_g4/read/P01_1s_Monitoring_Data_02/BDC_Power_1s","telemetryPeriod":60,"qualifier":"Avg","tenMultiplier":-2,"accumulationType":"","flowDirectionType":"Negative"},{"rid":"pv_701_W","metricPath":"qcells_mcu/read/PMU_Monitoring_Data_01/MI_Active_Power","telemetryPeriod":60,"qualifier":"Avg","tenMultiplier":-2,"accumulationType":"","flowDirectionType":"NA"},{"rid":"pv_701_A","metricPath":"qcells_mcu/read/PMU_Monitoring_Data_02/MI_L1_I","telemetryPeriod":60,"qualifier":"Avg","tenMultiplier":-2,"accumulationType":"","flowDirectionType":"NA"},{"rid":"pv_701_LLV","metricPath":"qcells_mcu/read/PMU_Monitoring_Data_02/MI_LL_V","telemetryPeriod":60,"qualifier":"Avg","tenMultiplier":-2,"accumulationType":"","flowDirectionType":"NA"},{"rid":"pv_701_Hz","metricPath":"qcells_mcu/read/PMU_Monitoring_Data_01/AC_Bus_Freq","telemetryPeriod":60,"qualifier":"Avg","tenMultiplier":-2,"accumulationType":"","flowDirectionType":"NA"},{"rid":"pv_701_DailyWhAbs","metricPath":"qcells_mcu/read/PMU_Monitoring_Data_01/MI_Active_Power","telemetryPeriod":60,"qualifier":"NA","tenMultiplier":-2,"accumulationType":"","flowDirectionType":"NA"},{"rid":"pv_701_IncWhAbs","metricPath":"qcells_mcu/read/PMU_Monitoring_Data_01/MI_Active_Power","telemetryPeriod":60,"qualifier":"NA","tenMultiplier":-2,"accumulationType":"","flowDirectionType":"NA"},{"rid":"extpv_701_W","metricPath":"qcells_mcu/read/PMU_Monitoring_Data_01/Ext_PV_Active_Power","telemetryPeriod":60,"qualifier":"Avg","tenMultiplier":-2,"accumulationType":"","flowDirectionType":"NA"},{"rid":"extpv_701_DailyWhAbs","metricPath":"qcells_mcu/read/PMU_Monitoring_Data_01/Ext_PV_Active_Power","telemetryPeriod":60,"qualifier":"NA","tenMultiplier":-2,"accumulationType":"","flowDirectionType":"NA"},{"rid":"extpv_701_IncWhAbs","metricPath":"qcells_mcu/read/PMU_Monitoring_Data_01/Ext_PV_Active_Power","telemetryPeriod":60,"qualifier":"NA","tenMultiplier":-2,"accumulationType":"","flowDirectionType":"NA"},{"rid":"pv_701_W","metricPath":"qcells_mcu/onDemandRead/M000_MI_Monitoring_Data_00/watt","telemetryPeriod":900,"qualifier":"Avg","tenMultiplier":0,"accumulationType":"","flowDirectionType":"NA"},{"rid":"pv_701_TmpOt","metricPath":"qcells_mcu/onDemandRead/M000_MI_Monitoring_Data_00/temperature","telemetryPeriod":900,"qualifier":"Avg","tenMultiplier":0,"accumulationType":"","flowDirectionType":"NA"},{"rid":"pv_701_Hz","metricPath":"qcells_mcu/onDemandRead/M000_MI_Monitoring_Data_00/grid_frequency","telemetryPeriod":900,"qualifier":"Avg","tenMultiplier":0,"accumulationType":"","flowDirectionType":"NA"},{"rid":"pv_701_LLV","metricPath":"qcells_mcu/onDemandRead/M000_MI_Monitoring_Data_00/vac_rms","telemetryPeriod":900,"qualifier":"Avg","tenMultiplier":0,"accumulationType":"","flowDirectionType":"NA"},{"rid":"pv_714_DCA","metricPath":"qcells_mcu/onDemandRead/M000_MI_Monitoring_Data_00/ipv","telemetryPeriod":900,"qualifier":"Avg","tenMultiplier":0,"accumulationType":"","flowDirectionType":"NA"},{"rid":"pv_701_DailyWhAbs","metricPath":null,"telemetryPeriod":900,"qualifier":"NA","tenMultiplier":0,"accumulationType":"","flowDirectionType":"NA"},{"rid":"pv_701_IncWhAbs","metricPath":null,"telemetryPeriod":900,"qualifier":"NA","tenMultiplier":0,"accumulationType":"","flowDirectionType":"NA"},{"rid":"pv_701_W","metricPath":"qcells_mcu/onDemandRead/M001_MI_Monitoring_Data_00/watt","telemetryPeriod":900,"qualifier":"Avg","tenMultiplier":0,"accumulationType":"","flowDirectionType":"NA"},{"rid":"pv_701_TmpOt","metricPath":"qcells_mcu/onDemandRead/M001_MI_Monitoring_Data_00/temperature","telemetryPeriod":900,"qualifier":"Avg","tenMultiplier":0,"accumulationType":"","flowDirectionType":"NA"},{"rid":"pv_701_Hz","metricPath":"qcells_mcu/onDemandRead/M001_MI_Monitoring_Data_00/grid_frequency","telemetryPeriod":900,"qualifier":"Avg","tenMultiplier":0,"accumulationType":"","flowDirectionType":"NA"},{"rid":"pv_701_LLV","metricPath":"qcells_mcu/onDemandRead/M001_MI_Monitoring_Data_00/vac_rms","telemetryPeriod":900,"qualifier":"Avg","tenMultiplier":0,"accumulationType":"","flowDirectionType":"NA"},{"rid":"pv_714_DCA","metricPath":"qcells_mcu/onDemandRead/M001_MI_Monitoring_Data_00/ipv","telemetryPeriod":900,"qualifier":"Avg","tenMultiplier":0,"accumulationType":"","flowDirectionType":"NA"},{"rid":"pv_701_DailyWhAbs","metricPath":null,"telemetryPeriod":900,"qualifier":"NA","tenMultiplier":0,"accumulationType":"","flowDirectionType":"NA"},{"rid":"pv_701_IncWhAbs","metricPath":null,"telemetryPeriod":900,"qualifier":"NA","tenMultiplier":0,"accumulationType":"","flowDirectionType":"NA"}]
    exit_code:0
=== TC01: Report 항목 필터링 ===
  CONFIGURED_RID=load_200_W CONFIGURED_PATH=qcells_mcu/read/PMU_Monitoring_Data_01/Tot_Load_Active_Power TELEMETRY_PERIOD=60
  $ mosquitto_pub -h localhost -t emsp/energy_monitor/tc_runner/noti/telemetry -m [{"metricPath":"qcells_mcu/read/PMU_Monitoring_Data_01/Tot_Load_Active_Power","value":123.4},{"metricPath":"tc_unconfigured/bogus/path","value":999.9}]
    exit_code:0
  $ cat /tmp/em_tc01_capture_18822.log
    exit_code:0
[FAIL] TC01-1: 캡처된 send_d2c_message 요청 1건 이상 수신
[FAIL] TC01-2: payload 의 points 에 CONFIGURED_RID 키 존재
  [REASON] rid=load_200_W 미검출
[PASS] TC01-3: 미설정 항목(999.9) 값이 payload 에 없음

============================================
 결과: PASS=1  FAIL=2
============================================
