############################################################
# tc_update_monitor 통합 Evidence
# 생성: 2026-08-10 17:08:23
# DUT: 192.168.10.25 (qcells-emsplus)
# 스크립트 md5: 99494d9cfc6bfefba90246f2eeca11a8
# 결과: PASS=10 / FAIL=0 (TC04/05/06/07/10 SKIP — 사유는 tc_update_monitor.md 참고)
############################################################

############################################################
# FILE: run5/tc_run_out.log (SSH 실행, 최종 검증 run)
############################################################
============================================
 update_monitor TC
 Mon Aug 10 17:07:03 KST 2026
============================================
=== TC01: Batch Update 요청 프로토콜 (거부 경로만 — IPC 검증으로 축소) ===
[사전 조건] update_monitor 프로세스 확인
  $ pgrep -f update_monitor
    33931
    35878
    35879
    exit_code:0
[Step1] batch_update_status 조회 (IDLE 확인)
  resp: {"error_code":"NONE","payload":{"active_devices":[],"batch_state":"NONE","completed":0,"current_device":"","current_index":0,"parallel_max":1,"results":[],"total":0,"workflow_id":""}}
[TC01-1] device_type 누락 entry 만 있는 요청 발행 (큐에 안 들어가고 거부되어야 함)
  resp: {"error_code":"NONE","payload":{"reason":"No valid SWU files in request","result":"rejected"}}
[PASS] TC01-1: device_type 누락 entry 거부 (큐 미적재)
[TC01-2] 빈 files 배열 요청 발행
  resp: {"error_code":"NONE","payload":{"reason":"Missing or empty 'files' array in request","result":"rejected"}}
[PASS] TC01-2: 빈 files 배열 거부
[cleanup] 배치 상태 재확인 (판정에는 사용 안 함, 위 두 경로 모두 큐 미적재라 NONE 유지 기대)
  resp: {"error_code":"NONE","payload":{"active_devices":[],"batch_state":"NONE","completed":0,"current_device":"","current_index":0,"parallel_max":1,"results":[],"total":0,"workflow_id":""}}
=== TC02: ADU Step Manifest 단계별 상태 전이 ===
[사전 조건] ADU_DONE_DIR=/tmp/edge/update
  $ ls -la /tmp/edge/update
    total 0
    drwxr-xr-x 2 root root   40 Aug 10 17:01 .
    drwxrwxr-x 3 root shared 80 Aug 10 16:22 ..
    exit_code:0
[Step: is-installed, resultCode=901]
  $ cat /tmp/edge/update/is-installed.done
    {"step": "is-installed", "resultCode": 901, "timestamp": "2026-08-10T08:07:06Z"}
    exit_code:0
  수신 payload: {"adu_agent_state":-1,"adu_agent_state_str":"","event_timestamp":1786349226915801966,"extended_result_codes":"","is_valid":true,"result_code":901,"result_details":"","timestamp":"2026-08-10 17:07:06","update_name":"","update_provider":"","update_version":"","workflow_id":"update","workflow_state":"Succeeded","workflow_step":"is-installed"}
[PASS] TC02-is-installed: is-installed 단계 알림 수신 (resultCode=901)
[Step: download, resultCode=500]
  $ cat /tmp/edge/update/download.done
    {"step": "download", "resultCode": 500, "timestamp": "2026-08-10T08:07:07Z"}
    exit_code:0
  수신 payload: {"adu_agent_state":-1,"adu_agent_state_str":"","event_timestamp":1786349228918587712,"extended_result_codes":"","is_valid":true,"result_code":500,"result_details":"","timestamp":"2026-08-10 17:07:08","update_name":"","update_provider":"","update_version":"","workflow_id":"update","workflow_state":"Succeeded","workflow_step":"download"}
[PASS] TC02-download: download 단계 알림 수신 (resultCode=500)
[Step: install, resultCode=600]
  $ cat /tmp/edge/update/install.done
    {"step": "install", "resultCode": 600, "timestamp": "2026-08-10T08:07:09Z"}
    exit_code:0
  수신 payload: {"adu_agent_state":-1,"adu_agent_state_str":"","event_timestamp":1786349230233506765,"extended_result_codes":"","is_valid":true,"result_code":600,"result_details":"","timestamp":"2026-08-10 17:07:10","update_name":"","update_provider":"","update_version":"","workflow_id":"update","workflow_state":"Succeeded","workflow_step":"install"}
[PASS] TC02-install: install 단계 알림 수신 (resultCode=600)
[Step: apply, resultCode=700]
  $ cat /tmp/edge/update/apply.done
    {"step": "apply", "resultCode": 700, "timestamp": "2026-08-10T08:07:10Z"}
    exit_code:0
  수신 payload: {"adu_agent_state":-1,"adu_agent_state_str":"","event_timestamp":1786349231542540191,"extended_result_codes":"","is_valid":true,"result_code":700,"result_details":"","timestamp":"2026-08-10 17:07:11","update_name":"","update_provider":"","update_version":"","workflow_id":"update","workflow_state":"Succeeded","workflow_step":"apply"}
[PASS] TC02-apply: apply 단계 알림 수신 (resultCode=700)
[TC02-5] .done file detected 로그 카운트 확인 (참고용 — PASS/FAIL 미포함)
  $ journalctl -u docker-loader --since 5 minutes ago
    Aug 10 17:02:26 qcells-emsplus docker-loader[33385]: [17:02:26:268][I][SM] Internet: Connected (RTT: 31ms)
    Aug 10 17:02:27 qcells-emsplus docker-loader[33385]: [17:02:27:812][I][ET] Site instant: {"GS":0.0,"OS":4.0,"PM":0.0,"b2W":0.0,"b7D":0.0,"b7S":0.0,"b8C":0.0,"b8S":0.0,"b8V":0.0,"e":0.0,"e2W":0.0,"eL":10.0,"g2A":0.0,"g2H":0.0,"g2P":0.0,"g2V":0.0,"g2W":0.0,"i7H":0.0,"l2W":0.0,"p2W":0.0}
    Aug 10 17:02:27 qcells-emsplus docker-loader[33385]: [17:02:27:812][I][CB] siteId not set, skipping ReportCommonTelemetry
    Aug 10 17:02:27 qcells-emsplus docker-loader[33385]: [17:02:27:827][W][DI] Unknown service for notification: changed_records
    Aug 10 17:02:27 qcells-emsplus docker-loader[33385]: [17:02:27:828][W][ED] Unknown service for notification: changed_records
    Aug 10 17:02:27 qcells-emsplus docker-loader[33385]: [17:02:27:830][W][UM] Unknown service for notification: changed_records
    Aug 10 17:02:30 qcells-emsplus docker-loader[33385]: [17:02:30:006][I][DM] handle_30sec_routine in progress
    Aug 10 17:02:30 qcells-emsplus docker-loader[33385]: [17:02:30:007][I][DM] handle_1min_routine in progress
    Aug 10 17:02:31 qcells-emsplus docker-loader[33385]: [17:02:31:208][I][CB] siteId not set, skipping ReportCommonAlarm
    Aug 10 17:02:31 qcells-emsplus docker-loader[33385]: [17:02:31:210][W][DI] Unknown service for response: send_d2c_message
    Aug 10 17:02:41 qcells-emsplus docker-loader[33385]: [17:02:41:371][I][WI] [ApiStat] window=60s, total calls=1, total errors=0, aborted=0 | POST /publish/sys_manager/get_system_info calls=1 avg=175ms max=175ms
    Aug 10 17:02:42 qcells-emsplus docker-loader[33385]: [17:02:42:167][I][SM] System info requested by web_interface
    Aug 10 17:02:42 qcells-emsplus docker-loader[33385]: [17:02:42:301][I][SM] [IPC pub res] tid=web_interface:mqtt-response-manager:18 {"error_code":"NONE","payload":{"data":{"cpu_usage_1min":27.500000000000004,"has_storage":true,"has_temperature":true,"is_valid":true,"memory_available_kb":1017900,"memory_usage":34.34,"storage_usage":[{"instance_id":0,"mount_point":"/","usage":20.0},{"instance_id":1,"mount_point":"/edge/etc","usage":1.0},{"instance_id":2,"mount_point":"/edge/db","usage":1.0},{"instance_id":3,"mount_point":"/edge/log","usage":10.0},{"instance_id":4,"mount_point":"/edge/sp","usage":1.0},{"instance_id":5,"mount_point":"/edge/docker","usage":21.0}],"temperature":[{"instance_id":0,"value":46000.0}],"timestamp":1786348962},"status":"success"}}
    Aug 10 17:02:42 qcells-emsplus docker-loader[33385]: [17:02:42:401][I][SM] Internet: Connected (RTT: 35ms)
    Aug 10 17:02:48 qcells-emsplus docker-loader[33385]: [17:02:48:543][I][DM] [17:02:48:545][I][MCU] (1129998647 ms) Grid_Reconnection_Frequency : 0->61
    Aug 10 17:02:49 qcells-emsplus docker-loader[33385]: [17:02:49:544][I][DM] [17:02:49:547][I][MCU] (1129999649 ms) Grid_Reconnection_Frequency : 61->0
    Aug 10 17:02:58 qcells-emsplus docker-loader[33385]: [17:02:58:527][I][SM] Internet: Connected (RTT: 34ms)
    Aug 10 17:03:00 qcells-emsplus docker-loader[33385]: [17:03:00:011][I][DM] handle_30sec_routine in progress
    Aug 10 17:03:01 qcells-emsplus docker-loader[33385]: [17:03:01:528][I][DL] PMU_Fault Global Error Flag CLEARED
    Aug 10 17:03:01 qcells-emsplus docker-loader[33385]: [17:03:01:552][I][DM] [17:03:01:578][I][MCU] (1130011680 ms) GEM_ALARM : 32800->32
    Aug 10 17:03:02 qcells-emsplus docker-loader[33385]: [17:03:02:380][I][DI] [publish_fault_changes]
    Aug 10 17:03:02 qcells-emsplus docker-loader[33385]: [17:03:02:380][I][DI] Fault state changed: 1 changes
    Aug 10 17:03:02 qcells-emsplus docker-loader[33385]: [17:03:02:380][I][DI]   CLEARED code=A00402W serial=000000000000000000
    Aug 10 17:03:02 qcells-emsplus docker-loader[33385]: [17:03:02:380][I][DI] [save_fault_history]
    Aug 10 17:03:02 qcells-emsplus docker-loader[33385]: [17:03:02:385][I][CB] siteId not set, skipping ReportFaultNoti
    Aug 10 17:03:02 qcells-emsplus docker-loader[33385]: [17:03:02:386][W][DI] Unknown service for response: send_d2c_message
    Aug 10 17:03:02 qcells-emsplus docker-loader[33385]: [17:03:02:410][I][DI] [handle_noti_device_info_changed]
    Aug 10 17:03:02 qcells-emsplus docker-loader[33385]: [17:03:02:411][W][DI] Unknown service for notification: changed_records
    Aug 10 17:03:02 qcells-emsplus docker-loader[33385]: [17:03:02:413][W][ED] Unknown service for notification: changed_records
    Aug 10 17:03:02 qcells-emsplus docker-loader[33385]: [17:03:02:416][W][UM] Unknown service for notification: changed_records
    Aug 10 17:03:02 qcells-emsplus docker-loader[33385]: [17:03:02:421][I][CB] [PointInfoManager] SyncPointInfoRequest, points count: 1
    Aug 10 17:03:02 qcells-emsplus docker-loader[33385]: [17:03:02:421][W][DI] Unknown service for response: update_records
    Aug 10 17:03:02 qcells-emsplus docker-loader[33385]: [17:03:02:421][W][AZ] [REALTIME] Device disconnected, dropping realtime message (11 more suppressed in the last 30s)
    Aug 10 17:03:04 qcells-emsplus docker-loader[33385]: [17:03:04:583][I][DM] [17:03:04:585][I][MCU] (1130014687 ms) Grid_Reconnection_Frequency : 0->64
    Aug 10 17:03:05 qcells-emsplus docker-loader[33385]: [17:03:05:589][I][DM] [17:03:05:588][I][MCU] (1130015690 ms) Grid_Reconnection_Frequency : 64->0
    Aug 10 17:03:07 qcells-emsplus docker-loader[33385]: [17:03:07:051][I][UM] === PRECHECK REQUEST ===
    Aug 10 17:03:07 qcells-emsplus docker-loader[33385]: [17:03:07:051][I][UM] Received UPDATE_PRECHECK request from: tc_runner
    Aug 10 17:03:07 qcells-emsplus docker-loader[33385]: [17:03:07:051][I][UM] ╔═══════════════════════════════════════════════════════════════╗
    Aug 10 17:03:07 qcells-emsplus docker-loader[33385]: [17:03:07:051][I][UM] ║ [PRECHECK_FLOW] STEP 1: PRECHECK REQUEST RECEIVED             ║
    Aug 10 17:03:07 qcells-emsplus docker-loader[33385]: [17:03:07:051][I][UM] ╚═══════════════════════════════════════════════════════════════╝
    Aug 10 17:03:07 qcells-emsplus docker-loader[33385]: [17:03:07:051][I][UM] === UPDATE SESSION START [sid=swu_1786348987051] trigger=? type=unknown ===
    Aug 10 17:03:07 qcells-emsplus docker-loader[33385]: [17:03:07:051][I][UM] [sid=swu_1786348987051] FSM State Transition: IDLE -> PRECHECK
    Aug 10 17:03:07 qcells-emsplus docker-loader[33385]: [17:03:07:051][I][UM] PRECHECK started for trigger: unknown
    Aug 10 17:03:07 qcells-emsplus docker-loader[33385]: [17:03:07:051][I][UM] ╔═══════════════════════════════════════════════════════════════╗
    Aug 10 17:03:07 qcells-emsplus docker-loader[33385]: [17:03:07:052][I][UM] ║ [PRECHECK_FLOW] STEP 2: SEQUENTIAL PRECHECK (ED -> DM)        ║
    Aug 10 17:03:07 qcells-emsplus docker-loader[33385]: [17:03:07:052][I][UM] ╚═══════════════════════════════════════════════════════════════╝
    Aug 10 17:03:07 qcells-emsplus docker-loader[33385]: [17:03:07:052][I][UM] [sid=swu_1786348987051] FSM State Transition: PRECHECK -> PRECHECK_WAIT
    Aug 10 17:03:07 qcells-emsplus docker-loader[33385]: [17:03:07:052][I][UM] ╔═══════════════════════════════════════════════════════════════╗
    Aug 10 17:03:07 qcells-emsplus docker-loader[33385]: [17:03:07:052][I][UM] ║ [PRECHECK] PHASE 1: Request readiness from Energy Dispatcher  ║
    Aug 10 17:03:07 qcells-emsplus docker-loader[33385]: [17:03:07:052][I][UM] ║            ED will send NOP + stop scheduler                  ║
    Aug 10 17:03:07 qcells-emsplus docker-loader[33385]: [17:03:07:052][I][UM] ╚═══════════════════════════════════════════════════════════════╝
    Aug 10 17:03:07 qcells-emsplus docker-loader[33385]: [17:03:07:053][I][ED] ╔═══════════════════════════════════════════════════════════════╗
    Aug 10 17:03:07 qcells-emsplus docker-loader[33385]: [17:03:07:053][I][ED] ║ APP_READY_STATUS request received from Update Monitor         ║
    Aug 10 17:03:07 qcells-emsplus docker-loader[33385]: [17:03:07:053][I][ED] ╚═══════════════════════════════════════════════════════════════╝
    Aug 10 17:03:07 qcells-emsplus docker-loader[33385]: [17:03:07:053][I][ED] Update readiness check PASSED - All systems ready
    Aug 10 17:03:07 qcells-emsplus docker-loader[33385]: [17:03:07:053][I][ED] ╔═══════════════════════════════════════════════════════════════╗
    Aug 10 17:03:07 qcells-emsplus docker-loader[33385]: [17:03:07:053][I][ED] ║ [PRECHECK] Performing NOP + Scheduler Stop                   ║
    Aug 10 17:03:07 qcells-emsplus docker-loader[33385]: [17:03:07:053][I][ED] ╚═══════════════════════════════════════════════════════════════╝
    Aug 10 17:03:07 qcells-emsplus docker-loader[33385]: [17:03:07:053][I][ED] [EnergyControl]UPDATE MODE ACTIVATED - PCS command changes blocked
    Aug 10 17:03:07 qcells-emsplus docker-loader[33385]: [17:03:07:053][I][ED] UPDATE mode activated - PCS command changes blocked
    Aug 10 17:03:07 qcells-emsplus docker-loader[33385]: [17:03:07:053][I][ED] Sending NOP command to MCU...
    Aug 10 17:03:07 qcells-emsplus docker-loader[33385]: [17:03:07:053][I][ED] NOP command sent to MCU
    Aug 10 17:03:07 qcells-emsplus docker-loader[33385]: [17:03:07:053][I][ED] Stopping energy scheduler...
    Aug 10 17:03:07 qcells-emsplus docker-loader[33385]: [17:03:07:805][I][ED] [EnergyScheduler] Scheduler worker thread finished
    Aug 10 17:03:07 qcells-emsplus docker-loader[33385]: [17:03:07:805][I][ED] [EnergyScheduler] Scheduler thread stopped
    Aug 10 17:03:07 qcells-emsplus docker-loader[33385]: [17:03:07:805][I][ED] Energy scheduler stopped
    Aug 10 17:03:07 qcells-emsplus docker-loader[33385]: [17:03:07:805][I][ED] Waiting 300ms for NOP transmission to complete...
    Aug 10 17:03:08 qcells-emsplus docker-loader[33385]: [17:03:08:105][I][ED] Shutdown complete during PRECHECK - SPI safe to close
    Aug 10 17:03:08 qcells-emsplus docker-loader[33385]: [17:03:08:105][I][ED] Responding to precheck: is_ready=1, reason="Ready for update"
    Aug 10 17:03:08 qcells-emsplus docker-loader[33385]: [17:03:08:107][I][UM] === APP READY STATUS ===
    Aug 10 17:03:08 qcells-emsplus docker-loader[33385]: [17:03:08:107][I][UM] Received APP_READY_STATUS from: energy_dispatcher
    Aug 10 17:03:08 qcells-emsplus docker-loader[33385]: [17:03:08:107][I][UM] ╔═══════════════════════════════════════════════════════════════╗
    Aug 10 17:03:08 qcells-emsplus docker-loader[33385]: [17:03:08:107][I][UM] ║ [PRECHECK_FLOW] STEP 3: APP RESPONSE RECEIVED                 ║
    Aug 10 17:03:08 qcells-emsplus docker-loader[33385]: [17:03:08:107][I][UM] ║ App: energy_dispatcher                                     ║
    Aug 10 17:03:08 qcells-emsplus docker-loader[33385]: [17:03:08:107][I][UM] ╚═══════════════════════════════════════════════════════════════╝
    Aug 10 17:03:08 qcells-emsplus docker-loader[33385]: [17:03:08:107][I][UM] App ready status: energy_dispatcher = READY (reason: Ready for update)
    Aug 10 17:03:08 qcells-emsplus docker-loader[33385]: [17:03:08:107][I][UM] ✓ Energy Dispatcher READY (NOP sent, scheduler stopped)
    Aug 10 17:03:08 qcells-emsplus docker-loader[33385]: [17:03:08:607][I][UM] ╔═══════════════════════════════════════════════════════════════╗
    Aug 10 17:03:08 qcells-emsplus docker-loader[33385]: [17:03:08:607][I][UM] ║ [PRECHECK] PHASE 2: Notify Device Manager                     ║
    Aug 10 17:03:08 qcells-emsplus docker-loader[33385]: [17:03:08:607][I][UM] ║            DM will stop SPI + destroy devices                 ║
    Aug 10 17:03:08 qcells-emsplus docker-loader[33385]: [17:03:08:607][I][UM] ╚═══════════════════════════════════════════════════════════════╝
    Aug 10 17:03:08 qcells-emsplus docker-loader[33385]: [17:03:08:608][I][DM] [handle_noti_update_precheck] received
    Aug 10 17:03:08 qcells-emsplus docker-loader[33385]: [17:03:08:608][I][UM] ╔═══════════════════════════════════════════════════════════════╗
    Aug 10 17:03:08 qcells-emsplus docker-loader[33385]: [17:03:08:608][I][UM] ║ [PRECHECK_FLOW] STEP 4: EVALUATING RESPONSES                  ║
    Aug 10 17:03:08 qcells-emsplus docker-loader[33385]: [17:03:08:608][I][UM] ╚═══════════════════════════════════════════════════════════════╝
    Aug 10 17:03:08 qcells-emsplus docker-loader[33385]: [17:03:08:608][I][UM] PRECHECK PASSED: All critical apps are ready
    Aug 10 17:03:08 qcells-emsplus docker-loader[33385]: [17:03:08:608][I][UM] ╔═══════════════════════════════════════════════════════════════╗
    Aug 10 17:03:08 qcells-emsplus docker-loader[33385]: [17:03:08:608][I][UM] ║ [PRECHECK_FLOW] STEP 5: SENDING FINAL RESPONSE                ║
    Aug 10 17:03:08 qcells-emsplus docker-loader[33385]: [17:03:08:608][I][UM] ║ Result: APPROVED                                            ║
    Aug 10 17:03:08 qcells-emsplus docker-loader[33385]: [17:03:08:608][I][UM] ╚═══════════════════════════════════════════════════════════════╝
    Aug 10 17:03:08 qcells-emsplus docker-loader[33385]: [17:03:08:608][I][UM] PRECHECK RESULT: APPROVED
    Aug 10 17:03:08 qcells-emsplus docker-loader[33385]: [17:03:08:610][I][EL] Received request_stop_devices from device_manager payload={"protocol_rids":["bdeaca72-cffd-45ec-9d1b-bdab714c3673"]}
    Aug 10 17:03:08 qcells-emsplus docker-loader[33385]: [17:03:08:611][I][EL] Stopping selected devices (current count: 2)
    Aug 10 17:03:08 qcells-emsplus docker-loader[33385]: [17:03:08:612][I][UM] PRECHECK response published successfully to tc_runner
    Aug 10 17:03:08 qcells-emsplus docker-loader[33385]: [17:03:08:612][I][UM] FSM State Transition: PRECHECK_WAIT -> IDLE (approved, waiting for START)
    Aug 10 17:03:08 qcells-emsplus docker-loader[33385]: [17:03:08:612][I][UM] [sid=swu_1786348987051] FSM State Transition: PRECHECK_WAIT -> IDLE
    Aug 10 17:03:08 qcells-emsplus docker-loader[33385]: [17:03:08:616][W][DI] Unknown service for notification: device_connection
    Aug 10 17:03:08 qcells-emsplus docker-loader[33385]: [17:03:08:619][I][DM] device_connection received: [{"connected":false,"intended_disconnect":true,"protocol":"QcellsSPI","protocol_rid":"bdeaca72-cffd-45ec-9d1b-bdab714c3673"},{"connected":false,"intended_disconnect":false,"protocol":"CAN","protocol_rid":"d084d68a-5204-4617-92f6-6c95a7d7278f"}]
    Aug 10 17:03:08 qcells-emsplus docker-loader[33385]: [17:03:08:619][I][DM] [LinkFault] QcellsSPI disconnect ignored (intended)
    Aug 10 17:03:08 qcells-emsplus docker-loader[33385]: [17:03:08:621][W][UM] Unknown service for notification: device_connection
    Aug 10 17:03:08 qcells-emsplus docker-loader[33385]: [17:03:08:626][I][EL] [EnergyDevice:bdeaca72-cffd-45ec-9d1b-bdab714c3673][QcellsSPI] Connection lost, restarting...
    Aug 10 17:03:09 qcells-emsplus docker-loader[33385]: [17:03:09:012][I][DM] MI handler loop stopped
    Aug 10 17:03:09 qcells-emsplus docker-loader[33385]: [17:03:09:033][I][DM] MCU handler loop stopped
    Aug 10 17:03:09 qcells-emsplus docker-loader[33385]: [17:03:09:123][I][DM] MI init loop stopped
    Aug 10 17:03:09 qcells-emsplus docker-loader[33385]: [17:03:09:174][I][EL] Stop/destroy complete (remaining: 1)
    Aug 10 17:03:09 qcells-emsplus docker-loader[33385]: [17:03:09:174][E][EL] [EnergyDevice] Device not found: deviceId="bdeaca72-cffd-45ec-9d1b-bdab714c3673" source=device_manager service=write_data
    Aug 10 17:03:09 qcells-emsplus docker-loader[33385]: [17:03:09:175][W][DM] Unknown service for response: request_stop_devices
    Aug 10 17:03:09 qcells-emsplus docker-loader[33385]: [17:03:09:177][E][DM] Error response, code: 2, payload: {"error_code":"DEVICE_NOT_FOUND","payload":{}}
    Aug 10 17:03:09 qcells-emsplus docker-loader[33385]: [17:03:09:542][I][DM] MCU log loop stopped
    Aug 10 17:03:14 qcells-emsplus docker-loader[33385]: [17:03:14:653][I][SM] Internet: Connected (RTT: 32ms)
    Aug 10 17:03:27 qcells-emsplus docker-loader[33385]: [17:03:27:825][W][DI] Unknown service for notification: changed_records
    Aug 10 17:03:27 qcells-emsplus docker-loader[33385]: [17:03:27:826][W][ED] Unknown service for notification: changed_records
    Aug 10 17:03:27 qcells-emsplus docker-loader[33385]: [17:03:27:829][W][UM] Unknown service for notification: changed_records
    Aug 10 17:03:27 qcells-emsplus docker-loader[33385]: [17:03:27:915][I][ET] Site instant: {"GS":0.0,"OS":4.0,"PM":0.0,"b2W":0.0,"b7D":0.0,"b7S":0.0,"b8C":0.0,"b8S":0.0,"b8V":0.0,"e":0.0,"e2W":0.0,"eL":10.0,"g2A":0.0,"g2H":0.0,"g2P":0.0,"g2V":0.0,"g2W":0.0,"i7H":0.0,"l2W":0.0,"p2W":0.0}
    Aug 10 17:03:27 qcells-emsplus docker-loader[33385]: [17:03:27:915][I][CB] siteId not set, skipping ReportCommonTelemetry
    Aug 10 17:03:30 qcells-emsplus docker-loader[33385]: [17:03:30:783][I][SM] Internet: Connected (RTT: 35ms)
    Aug 10 17:03:31 qcells-emsplus docker-loader[33385]: [17:03:31:215][I][CB] siteId not set, skipping ReportCommonAlarm
    Aug 10 17:03:31 qcells-emsplus docker-loader[33385]: [17:03:31:216][W][DI] Unknown service for response: send_d2c_message
    Aug 10 17:03:38 qcells-emsplus docker-loader[33385]: [17:03:38:026][I][SM] System info requested by web_interface
    Aug 10 17:03:38 qcells-emsplus docker-loader[33385]: [17:03:38:169][I][SM] [IPC pub res] tid=web_interface:mqtt-response-manager:19 {"error_code":"NONE","payload":{"data":{"cpu_usage_1min":27.0,"has_storage":true,"has_temperature":true,"is_valid":true,"memory_available_kb":1004212,"memory_usage":35.02,"storage_usage":[{"instance_id":0,"mount_point":"/","usage":20.0},{"instance_id":1,"mount_point":"/edge/etc","usage":1.0},{"instance_id":2,"mount_point":"/edge/db","usage":1.0},{"instance_id":3,"mount_point":"/edge/log","usage":10.0},{"instance_id":4,"mount_point":"/edge/sp","usage":1.0},{"instance_id":5,"mount_point":"/edge/docker","usage":21.0}],"temperature":[{"instance_id":0,"value":46000.0}],"timestamp":1786349018},"status":"success"}}
    Aug 10 17:03:39 qcells-emsplus docker-loader[33385]: [17:03:39:308][I][SM] System info requested by web_interface
    Aug 10 17:03:39 qcells-emsplus docker-loader[33385]: [17:03:39:441][I][SM] [IPC pub res] tid=web_interface:mqtt-response-manager:20 {"error_code":"NONE","payload":{"data":{"cpu_usage_1min":27.0,"has_storage":true,"has_temperature":true,"is_valid":true,"memory_available_kb":1004212,"memory_usage":35.02,"storage_usage":[{"instance_id":0,"mount_point":"/","usage":20.0},{"instance_id":1,"mount_point":"/edge/etc","usage":1.0},{"instance_id":2,"mount_point":"/edge/db","usage":1.0},{"instance_id":3,"mount_point":"/edge/log","usage":10.0},{"instance_id":4,"mount_point":"/edge/sp","usage":1.0},{"instance_id":5,"mount_point":"/edge/docker","usage":21.0}],"temperature":[{"instance_id":0,"value":46000.0}],"timestamp":1786349019},"status":"success"}}
    Aug 10 17:03:41 qcells-emsplus docker-loader[33385]: [17:03:41:375][I][WI] [ApiStat] window=60s, total calls=3, total errors=0, aborted=0 | POST /publish/sys_manager/get_system_info calls=3 avg=160ms max=167ms
    Aug 10 17:03:42 qcells-emsplus docker-loader[33385]: [17:03:42:189][I][SM] System info requested by web_interface
    Aug 10 17:03:42 qcells-emsplus docker-loader[33385]: [17:03:42:332][I][SM] [IPC pub res] tid=web_interface:mqtt-response-manager:21 {"error_code":"NONE","payload":{"data":{"cpu_usage_1min":26.75,"has_storage":true,"has_temperature":true,"is_valid":true,"memory_available_kb":1003976,"memory_usage":35.03,"storage_usage":[{"instance_id":0,"mount_point":"/","usage":20.0},{"instance_id":1,"mount_point":"/edge/etc","usage":1.0},{"instance_id":2,"mount_point":"/edge/db","usage":1.0},{"instance_id":3,"mount_point":"/edge/log","usage":10.0},{"instance_id":4,"mount_point":"/edge/sp","usage":1.0},{"instance_id":5,"mount_point":"/edge/docker","usage":21.0}],"temperature":[{"instance_id":0,"value":46000.0}],"timestamp":1786349022},"status":"success"}}
    Aug 10 17:03:44 qcells-emsplus docker-loader[33385]: [17:03:44:172][I][SM] System info requested by web_interface
    Aug 10 17:03:44 qcells-emsplus docker-loader[33385]: [17:03:44:307][I][SM] [IPC pub res] tid=web_interface:mqtt-response-manager:22 {"error_code":"NONE","payload":{"data":{"cpu_usage_1min":26.75,"has_storage":true,"has_temperature":true,"is_valid":true,"memory_available_kb":1003976,"memory_usage":35.03,"storage_usage":[{"instance_id":0,"mount_point":"/","usage":20.0},{"instance_id":1,"mount_point":"/edge/etc","usage":1.0},{"instance_id":2,"mount_point":"/edge/db","usage":1.0},{"instance_id":3,"mount_point":"/edge/log","usage":10.0},{"instance_id":4,"mount_point":"/edge/sp","usage":1.0},{"instance_id":5,"mount_point":"/edge/docker","usage":21.0}],"temperature":[{"instance_id":0,"value":46000.0}],"timestamp":1786349024},"status":"success"}}
    Aug 10 17:03:46 qcells-emsplus docker-loader[33385]: [17:03:46:180][I][SM] System info requested by web_interface
    Aug 10 17:03:46 qcells-emsplus docker-loader[33385]: [17:03:46:315][I][SM] [IPC pub res] tid=web_interface:mqtt-response-manager:23 {"error_code":"NONE","payload":{"data":{"cpu_usage_1min":26.75,"has_storage":true,"has_temperature":true,"is_valid":true,"memory_available_kb":1003500,"memory_usage":35.06,"storage_usage":[{"instance_id":0,"mount_point":"/","usage":20.0},{"instance_id":1,"mount_point":"/edge/etc","usage":1.0},{"instance_id":2,"mount_point":"/edge/db","usage":1.0},{"instance_id":3,"mount_point":"/edge/log","usage":10.0},{"instance_id":4,"mount_point":"/edge/sp","usage":1.0},{"instance_id":5,"mount_point":"/edge/docker","usage":21.0}],"temperature":[{"instance_id":0,"value":46000.0}],"timestamp":1786349026},"status":"success"}}
    Aug 10 17:03:46 qcells-emsplus docker-loader[33385]: [17:03:46:909][I][SM] Internet: Connected (RTT: 33ms)
    Aug 10 17:03:48 qcells-emsplus docker-loader[33385]: [17:03:48:177][I][SM] System info requested by web_interface
    Aug 10 17:03:48 qcells-emsplus docker-loader[33385]: [17:03:48:319][I][SM] [IPC pub res] tid=web_interface:mqtt-response-manager:24 {"error_code":"NONE","payload":{"data":{"cpu_usage_1min":26.75,"has_storage":true,"has_temperature":true,"is_valid":true,"memory_available_kb":1002996,"memory_usage":35.08,"storage_usage":[{"instance_id":0,"mount_point":"/","usage":20.0},{"instance_id":1,"mount_point":"/edge/etc","usage":1.0},{"instance_id":2,"mount_point":"/edge/db","usage":1.0},{"instance_id":3,"mount_point":"/edge/log","usage":10.0},{"instance_id":4,"mount_point":"/edge/sp","usage":1.0},{"instance_id":5,"mount_point":"/edge/docker","usage":21.0}],"temperature":[{"instance_id":0,"value":46000.0}],"timestamp":1786349028},"status":"success"}}
    Aug 10 17:03:50 qcells-emsplus docker-loader[33385]: [17:03:50:167][I][SM] System info requested by web_interface
    Aug 10 17:03:50 qcells-emsplus docker-loader[33385]: [17:03:50:300][I][SM] [IPC pub res] tid=web_interface:mqtt-response-manager:25 {"error_code":"NONE","payload":{"data":{"cpu_usage_1min":26.75,"has_storage":true,"has_temperature":true,"is_valid":true,"memory_available_kb":1002744,"memory_usage":35.1,"storage_usage":[{"instance_id":0,"mount_point":"/","usage":20.0},{"instance_id":1,"mount_point":"/edge/etc","usage":1.0},{"instance_id":2,"mount_point":"/edge/db","usage":1.0},{"instance_id":3,"mount_point":"/edge/log","usage":10.0},{"instance_id":4,"mount_point":"/edge/sp","usage":1.0},{"instance_id":5,"mount_point":"/edge/docker","usage":21.0}],"temperature":[{"instance_id":0,"value":46000.0}],"timestamp":1786349030},"status":"success"}}
    Aug 10 17:03:52 qcells-emsplus docker-loader[33385]: [17:03:52:169][I][SM] System info requested by web_interface
    Aug 10 17:03:52 qcells-emsplus docker-loader[33385]: [17:03:52:302][I][SM] [IPC pub res] tid=web_interface:mqtt-response-manager:26 {"error_code":"NONE","payload":{"data":{"cpu_usage_1min":26.5,"has_storage":true,"has_temperature":true,"is_valid":true,"memory_available_kb":1002744,"memory_usage":35.1,"storage_usage":[{"instance_id":0,"mount_point":"/","usage":20.0},{"instance_id":1,"mount_point":"/edge/etc","usage":1.0},{"instance_id":2,"mount_point":"/edge/db","usage":1.0},{"instance_id":3,"mount_point":"/edge/log","usage":10.0},{"instance_id":4,"mount_point":"/edge/sp","usage":1.0},{"instance_id":5,"mount_point":"/edge/docker","usage":21.0}],"temperature":[{"instance_id":0,"value":46000.0}],"timestamp":1786349032},"status":"success"}}
    Aug 10 17:03:54 qcells-emsplus docker-loader[33385]: [17:03:54:166][I][SM] System info requested by web_interface
    Aug 10 17:03:54 qcells-emsplus docker-loader[33385]: [17:03:54:289][I][SM] [IPC pub res] tid=web_interface:mqtt-response-manager:27 {"error_code":"NONE","payload":{"data":{"cpu_usage_1min":26.5,"has_storage":true,"has_temperature":true,"is_valid":true,"memory_available_kb":1002744,"memory_usage":35.1,"storage_usage":[{"instance_id":0,"mount_point":"/","usage":20.0},{"instance_id":1,"mount_point":"/edge/etc","usage":1.0},{"instance_id":2,"mount_point":"/edge/db","usage":1.0},{"instance_id":3,"mount_point":"/edge/log","usage":10.0},{"instance_id":4,"mount_point":"/edge/sp","usage":1.0},{"instance_id":5,"mount_point":"/edge/docker","usage":21.0}],"temperature":[{"instance_id":0,"value":46000.0}],"timestamp":1786349034},"status":"success"}}
    Aug 10 17:03:56 qcells-emsplus docker-loader[33385]: [17:03:56:167][I][SM] System info requested by web_interface
    Aug 10 17:03:56 qcells-emsplus docker-loader[33385]: [17:03:56:320][I][SM] [IPC pub res] tid=web_interface:mqtt-response-manager:28 {"error_code":"NONE","payload":{"data":{"cpu_usage_1min":26.5,"has_storage":true,"has_temperature":true,"is_valid":true,"memory_available_kb":1002492,"memory_usage":35.11,"storage_usage":[{"instance_id":0,"mount_point":"/","usage":20.0},{"instance_id":1,"mount_point":"/edge/etc","usage":1.0},{"instance_id":2,"mount_point":"/edge/db","usage":1.0},{"instance_id":3,"mount_point":"/edge/log","usage":10.0},{"instance_id":4,"mount_point":"/edge/sp","usage":1.0},{"instance_id":5,"mount_point":"/edge/docker","usage":21.0}],"temperature":[{"instance_id":0,"value":46000.0}],"timestamp":1786349036},"status":"success"}}
    Aug 10 17:03:58 qcells-emsplus docker-loader[33385]: [17:03:58:172][I][SM] System info requested by web_interface
    Aug 10 17:03:58 qcells-emsplus docker-loader[33385]: [17:03:58:325][I][SM] [IPC pub res] tid=web_interface:mqtt-response-manager:29 {"error_code":"NONE","payload":{"data":{"cpu_usage_1min":26.5,"has_storage":true,"has_temperature":true,"is_valid":true,"memory_available_kb":1002492,"memory_usage":35.11,"storage_usage":[{"instance_id":0,"mount_point":"/","usage":20.0},{"instance_id":1,"mount_point":"/edge/etc","usage":1.0},{"instance_id":2,"mount_point":"/edge/db","usage":1.0},{"instance_id":3,"mount_point":"/edge/log","usage":10.0},{"instance_id":4,"mount_point":"/edge/sp","usage":1.0},{"instance_id":5,"mount_point":"/edge/docker","usage":21.0}],"temperature":[{"instance_id":0,"value":46000.0}],"timestamp":1786349038},"status":"success"}}
    Aug 10 17:04:00 qcells-emsplus docker-loader[33385]: [17:04:00:168][I][SM] System info requested by web_interface
    Aug 10 17:04:00 qcells-emsplus docker-loader[33385]: [17:04:00:318][I][SM] [IPC pub res] tid=web_interface:mqtt-response-manager:30 {"error_code":"NONE","payload":{"data":{"cpu_usage_1min":26.5,"has_storage":true,"has_temperature":true,"is_valid":true,"memory_available_kb":1001988,"memory_usage":35.13,"storage_usage":[{"instance_id":0,"mount_point":"/","usage":20.0},{"instance_id":1,"mount_point":"/edge/etc","usage":1.0},{"instance_id":2,"mount_point":"/edge/db","usage":1.0},{"instance_id":3,"mount_point":"/edge/log","usage":10.0},{"instance_id":4,"mount_point":"/edge/sp","usage":1.0},{"instance_id":5,"mount_point":"/edge/docker","usage":21.0}],"temperature":[{"instance_id":0,"value":46000.0}],"timestamp":1786349040},"status":"success"}}
    Aug 10 17:04:02 qcells-emsplus docker-loader[33385]: [17:04:02:168][I][SM] System info requested by web_interface
    Aug 10 17:04:02 qcells-emsplus docker-loader[33385]: [17:04:02:298][I][SM] [IPC pub res] tid=web_interface:mqtt-response-manager:31 {"error_code":"NONE","payload":{"data":{"cpu_usage_1min":26.25,"has_storage":true,"has_temperature":true,"is_valid":true,"memory_available_kb":1001988,"memory_usage":35.13,"storage_usage":[{"instance_id":0,"mount_point":"/","usage":20.0},{"instance_id":1,"mount_point":"/edge/etc","usage":1.0},{"instance_id":2,"mount_point":"/edge/db","usage":1.0},{"instance_id":3,"mount_point":"/edge/log","usage":10.0},{"instance_id":4,"mount_point":"/edge/sp","usage":1.0},{"instance_id":5,"mount_point":"/edge/docker","usage":21.0}],"temperature":[{"instance_id":0,"value":46000.0}],"timestamp":1786349042},"status":"success"}}
    Aug 10 17:04:03 qcells-emsplus docker-loader[33385]: [17:04:03:035][I][SM] Internet: Connected (RTT: 34ms)
    Aug 10 17:04:04 qcells-emsplus docker-loader[33385]: [17:04:04:165][I][SM] System info requested by web_interface
    Aug 10 17:04:04 qcells-emsplus docker-loader[33385]: [17:04:04:288][I][SM] [IPC pub res] tid=web_interface:mqtt-response-manager:32 {"error_code":"NONE","payload":{"data":{"cpu_usage_1min":26.25,"has_storage":true,"has_temperature":true,"is_valid":true,"memory_available_kb":1001988,"memory_usage":35.13,"storage_usage":[{"instance_id":0,"mount_point":"/","usage":20.0},{"instance_id":1,"mount_point":"/edge/etc","usage":1.0},{"instance_id":2,"mount_point":"/edge/db","usage":1.0},{"instance_id":3,"mount_point":"/edge/log","usage":10.0},{"instance_id":4,"mount_point":"/edge/sp","usage":1.0},{"instance_id":5,"mount_point":"/edge/docker","usage":21.0}],"temperature":[{"instance_id":0,"value":46000.0}],"timestamp":1786349044},"status":"success"}}
    Aug 10 17:04:06 qcells-emsplus docker-loader[33385]: [17:04:06:162][I][SM] System info requested by web_interface
    Aug 10 17:04:06 qcells-emsplus docker-loader[33385]: [17:04:06:315][I][SM] [IPC pub res] tid=web_interface:mqtt-response-manager:33 {"error_code":"NONE","payload":{"data":{"cpu_usage_1min":26.25,"has_storage":true,"has_temperature":true,"is_valid":true,"memory_available_kb":1001988,"memory_usage":35.13,"storage_usage":[{"instance_id":0,"mount_point":"/","usage":20.0},{"instance_id":1,"mount_point":"/edge/etc","usage":1.0},{"instance_id":2,"mount_point":"/edge/db","usage":1.0},{"instance_id":3,"mount_point":"/edge/log","usage":10.0},{"instance_id":4,"mount_point":"/edge/sp","usage":1.0},{"instance_id":5,"mount_point":"/edge/docker","usage":21.0}],"temperature":[{"instance_id":0,"value":46000.0}],"timestamp":1786349046},"status":"success"}}
    Aug 10 17:04:08 qcells-emsplus docker-loader[33385]: [17:04:08:160][I][SM] System info requested by web_interface
    Aug 10 17:04:08 qcells-emsplus docker-loader[33385]: [17:04:08:303][I][SM] [IPC pub res] tid=web_interface:mqtt-response-manager:34 {"error_code":"NONE","payload":{"data":{"cpu_usage_1min":26.25,"has_storage":true,"has_temperature":true,"is_valid":true,"memory_available_kb":1001484,"memory_usage":35.15,"storage_usage":[{"instance_id":0,"mount_point":"/","usage":20.0},{"instance_id":1,"mount_point":"/edge/etc","usage":1.0},{"instance_id":2,"mount_point":"/edge/db","usage":1.0},{"instance_id":3,"mount_point":"/edge/log","usage":10.0},{"instance_id":4,"mount_point":"/edge/sp","usage":1.0},{"instance_id":5,"mount_point":"/edge/docker","usage":21.0}],"temperature":[{"instance_id":0,"value":46000.0}],"timestamp":1786349048},"status":"success"}}
    Aug 10 17:04:10 qcells-emsplus docker-loader[33385]: [17:04:10:169][I][SM] System info requested by web_interface
    Aug 10 17:04:10 qcells-emsplus docker-loader[33385]: [17:04:10:312][I][SM] [IPC pub res] tid=web_interface:mqtt-response-manager:35 {"error_code":"NONE","payload":{"data":{"cpu_usage_1min":26.25,"has_storage":true,"has_temperature":true,"is_valid":true,"memory_available_kb":1001232,"memory_usage":35.17,"storage_usage":[{"instance_id":0,"mount_point":"/","usage":20.0},{"instance_id":1,"mount_point":"/edge/etc","usage":1.0},{"instance_id":2,"mount_point":"/edge/db","usage":1.0},{"instance_id":3,"mount_point":"/edge/log","usage":10.0},{"instance_id":4,"mount_point":"/edge/sp","usage":1.0},{"instance_id":5,"mount_point":"/edge/docker","usage":21.0}],"temperature":[{"instance_id":0,"value":46000.0}],"timestamp":1786349050},"status":"success"}}
    Aug 10 17:04:12 qcells-emsplus docker-loader[33385]: [17:04:12:168][I][SM] System info requested by web_interface
    Aug 10 17:04:12 qcells-emsplus docker-loader[33385]: [17:04:12:311][I][SM] [IPC pub res] tid=web_interface:mqtt-response-manager:36 {"error_code":"NONE","payload":{"data":{"cpu_usage_1min":32.0,"has_storage":true,"has_temperature":true,"is_valid":true,"memory_available_kb":1000504,"memory_usage":35.21,"storage_usage":[{"instance_id":0,"mount_point":"/","usage":20.0},{"instance_id":1,"mount_point":"/edge/etc","usage":1.0},{"instance_id":2,"mount_point":"/edge/db","usage":1.0},{"instance_id":3,"mount_point":"/edge/log","usage":10.0},{"instance_id":4,"mount_point":"/edge/sp","usage":1.0},{"instance_id":5,"mount_point":"/edge/docker","usage":21.0}],"temperature":[{"instance_id":0,"value":46000.0}],"timestamp":1786349052},"status":"success"}}
    Aug 10 17:04:14 qcells-emsplus docker-loader[33385]: [17:04:14:167][I][SM] System info requested by web_interface
    Aug 10 17:04:14 qcells-emsplus docker-loader[33385]: [17:04:14:311][I][SM] [IPC pub res] tid=web_interface:mqtt-response-manager:37 {"error_code":"NONE","payload":{"data":{"cpu_usage_1min":32.0,"has_storage":true,"has_temperature":true,"is_valid":true,"memory_available_kb":1000252,"memory_usage":35.22,"storage_usage":[{"instance_id":0,"mount_point":"/","usage":20.0},{"instance_id":1,"mount_point":"/edge/etc","usage":1.0},{"instance_id":2,"mount_point":"/edge/db","usage":1.0},{"instance_id":3,"mount_point":"/edge/log","usage":10.0},{"instance_id":4,"mount_point":"/edge/sp","usage":1.0},{"instance_id":5,"mount_point":"/edge/docker","usage":21.0}],"temperature":[{"instance_id":0,"value":46000.0}],"timestamp":1786349054},"status":"success"}}
    Aug 10 17:04:16 qcells-emsplus docker-loader[33385]: [17:04:16:160][I][SM] System info requested by web_interface
    Aug 10 17:04:16 qcells-emsplus docker-loader[33385]: [17:04:16:298][I][SM] [IPC pub res] tid=web_interface:mqtt-response-manager:38 {"error_code":"NONE","payload":{"data":{"cpu_usage_1min":31.5,"has_storage":true,"has_temperature":true,"is_valid":true,"memory_available_kb":1000252,"memory_usage":35.22,"storage_usage":[{"instance_id":0,"mount_point":"/","usage":20.0},{"instance_id":1,"mount_point":"/edge/etc","usage":1.0},{"instance_id":2,"mount_point":"/edge/db","usage":1.0},{"instance_id":3,"mount_point":"/edge/log","usage":10.0},{"instance_id":4,"mount_point":"/edge/sp","usage":1.0},{"instance_id":5,"mount_point":"/edge/docker","usage":21.0}],"temperature":[{"instance_id":0,"value":46000.0}],"timestamp":1786349056},"status":"success"}}
    Aug 10 17:04:18 qcells-emsplus docker-loader[33385]: [17:04:18:155][I][SM] System info requested by web_interface
    Aug 10 17:04:18 qcells-emsplus docker-loader[33385]: [17:04:18:288][I][SM] [IPC pub res] tid=web_interface:mqtt-response-manager:39 {"error_code":"NONE","payload":{"data":{"cpu_usage_1min":31.5,"has_storage":true,"has_temperature":true,"is_valid":true,"memory_available_kb":1000252,"memory_usage":35.22,"storage_usage":[{"instance_id":0,"mount_point":"/","usage":20.0},{"instance_id":1,"mount_point":"/edge/etc","usage":1.0},{"instance_id":2,"mount_point":"/edge/db","usage":1.0},{"instance_id":3,"mount_point":"/edge/log","usage":10.0},{"instance_id":4,"mount_point":"/edge/sp","usage":1.0},{"instance_id":5,"mount_point":"/edge/docker","usage":21.0}],"temperature":[{"instance_id":0,"value":46000.0}],"timestamp":1786349058},"status":"success"}}
    Aug 10 17:04:19 qcells-emsplus docker-loader[33385]: [17:04:19:167][I][SM] Internet: Connected (RTT: 35ms)
    Aug 10 17:04:20 qcells-emsplus docker-loader[33385]: [17:04:20:163][I][SM] System info requested by web_interface
    Aug 10 17:04:20 qcells-emsplus docker-loader[33385]: [17:04:20:296][I][SM] [IPC pub res] tid=web_interface:mqtt-response-manager:40 {"error_code":"NONE","payload":{"data":{"cpu_usage_1min":31.5,"has_storage":true,"has_temperature":true,"is_valid":true,"memory_available_kb":1000004,"memory_usage":35.23,"storage_usage":[{"instance_id":0,"mount_point":"/","usage":20.0},{"instance_id":1,"mount_point":"/edge/etc","usage":1.0},{"instance_id":2,"mount_point":"/edge/db","usage":1.0},{"instance_id":3,"mount_point":"/edge/log","usage":10.0},{"instance_id":4,"mount_point":"/edge/sp","usage":1.0},{"instance_id":5,"mount_point":"/edge/docker","usage":21.0}],"temperature":[{"instance_id":0,"value":46000.0}],"timestamp":1786349060},"status":"success"}}
    Aug 10 17:04:22 qcells-emsplus docker-loader[33385]: [17:04:22:162][I][SM] System info requested by web_interface
    Aug 10 17:04:22 qcells-emsplus docker-loader[33385]: [17:04:22:286][I][SM] [IPC pub res] tid=web_interface:mqtt-response-manager:41 {"error_code":"NONE","payload":{"data":{"cpu_usage_1min":31.0,"has_storage":true,"has_temperature":true,"is_valid":true,"memory_available_kb":1000004,"memory_usage":35.23,"storage_usage":[{"instance_id":0,"mount_point":"/","usage":20.0},{"instance_id":1,"mount_point":"/edge/etc","usage":1.0},{"instance_id":2,"mount_point":"/edge/db","usage":1.0},{"instance_id":3,"mount_point":"/edge/log","usage":10.0},{"instance_id":4,"mount_point":"/edge/sp","usage":1.0},{"instance_id":5,"mount_point":"/edge/docker","usage":21.0}],"temperature":[{"instance_id":0,"value":46000.0}],"timestamp":1786349062},"status":"success"}}
    Aug 10 17:04:24 qcells-emsplus docker-loader[33385]: [17:04:24:156][I][SM] System info requested by web_interface
    Aug 10 17:04:24 qcells-emsplus docker-loader[33385]: [17:04:24:270][I][SM] [IPC pub res] tid=web_interface:mqtt-response-manager:42 {"error_code":"NONE","payload":{"data":{"cpu_usage_1min":31.0,"has_storage":true,"has_temperature":true,"is_valid":true,"memory_available_kb":1000004,"memory_usage":35.23,"storage_usage":[{"instance_id":0,"mount_point":"/","usage":20.0},{"instance_id":1,"mount_point":"/edge/etc","usage":1.0},{"instance_id":2,"mount_point":"/edge/db","usage":1.0},{"instance_id":3,"mount_point":"/edge/log","usage":10.0},{"instance_id":4,"mount_point":"/edge/sp","usage":1.0},{"instance_id":5,"mount_point":"/edge/docker","usage":21.0}],"temperature":[{"instance_id":0,"value":46000.0}],"timestamp":1786349064},"status":"success"}}
    Aug 10 17:04:26 qcells-emsplus docker-loader[33385]: [17:04:26:150][I][SM] System info requested by web_interface
    Aug 10 17:04:26 qcells-emsplus docker-loader[33385]: [17:04:26:293][I][SM] [IPC pub res] tid=web_interface:mqtt-response-manager:43 {"error_code":"NONE","payload":{"data":{"cpu_usage_1min":30.5,"has_storage":true,"has_temperature":true,"is_valid":true,"memory_available_kb":1000004,"memory_usage":35.23,"storage_usage":[{"instance_id":0,"mount_point":"/","usage":20.0},{"instance_id":1,"mount_point":"/edge/etc","usage":1.0},{"instance_id":2,"mount_point":"/edge/db","usage":1.0},{"instance_id":3,"mount_point":"/edge/log","usage":10.0},{"instance_id":4,"mount_point":"/edge/sp","usage":1.0},{"instance_id":5,"mount_point":"/edge/docker","usage":21.0}],"temperature":[{"instance_id":0,"value":46000.0}],"timestamp":1786349066},"status":"success"}}
    Aug 10 17:04:27 qcells-emsplus docker-loader[33385]: [17:04:27:822][I][ET] Site instant: {"GS":0.0,"OS":4.0,"PM":0.0,"b2W":0.0,"b7D":0.0,"b7S":0.0,"b8C":0.0,"b8S":0.0,"b8V":0.0,"e":0.0,"e2W":0.0,"eL":10.0,"g2A":0.0,"g2H":0.0,"g2P":0.0,"g2V":0.0,"g2W":0.0,"i7H":0.0,"l2W":0.0,"p2W":0.0}
    Aug 10 17:04:27 qcells-emsplus docker-loader[33385]: [17:04:27:822][I][CB] siteId not set, skipping ReportCommonTelemetry
    Aug 10 17:04:27 qcells-emsplus docker-loader[33385]: [17:04:27:845][W][ED] Unknown service for notification: changed_records
    Aug 10 17:04:27 qcells-emsplus docker-loader[33385]: [17:04:27:846][W][DI] Unknown service for notification: changed_records
    Aug 10 17:04:27 qcells-emsplus docker-loader[33385]: [17:04:27:849][W][UM] Unknown service for notification: changed_records
    Aug 10 17:04:28 qcells-emsplus docker-loader[33385]: [17:04:28:159][I][SM] System info requested by web_interface
    Aug 10 17:04:28 qcells-emsplus docker-loader[33385]: [17:04:28:322][I][SM] [IPC pub res] tid=web_interface:mqtt-response-manager:44 {"error_code":"NONE","payload":{"data":{"cpu_usage_1min":30.5,"has_storage":true,"has_temperature":true,"is_valid":true,"memory_available_kb":999752,"memory_usage":35.24,"storage_usage":[{"instance_id":0,"mount_point":"/","usage":20.0},{"instance_id":1,"mount_point":"/edge/etc","usage":1.0},{"instance_id":2,"mount_point":"/edge/db","usage":1.0},{"instance_id":3,"mount_point":"/edge/log","usage":10.0},{"instance_id":4,"mount_point":"/edge/sp","usage":1.0},{"instance_id":5,"mount_point":"/edge/docker","usage":21.0}],"temperature":[{"instance_id":0,"value":46000.0}],"timestamp":1786349068},"status":"success"}}
    Aug 10 17:04:29 qcells-emsplus docker-loader[33385]: [17:04:29:716][I][SM] [Health] metrics: boot:boot_count=0.0 boot:uptime_seconds=8395.5 connectivity:host_agent_disconnected=false connectivity:internet_disconnected=false hardware:cpu_temperature=46.0 resource:cpu_usage=30.5 resource:fd_max=2147483647 resource:fd_usage_pct=0.0 resource:fd_used=1024 resource:memory_usage=50.0 resource:oom_kill_delta=0 resource:process_fd_max=24 resource:process_fd_max_name=db_manager resource:zombie_count=0 storage:disk_usage=24.7 storage:emmc_life_a=10.0 storage:emmc_life_b=10.0 storage:emmc_pre_eol=1.0 storage:filesystem_ro=false time:ntp_synchronized=true
    Aug 10 17:04:30 qcells-emsplus docker-loader[33385]: [17:04:30:166][I][SM] System info requested by web_interface
    Aug 10 17:04:30 qcells-emsplus docker-loader[33385]: [17:04:30:303][I][SM] [IPC pub res] tid=web_interface:mqtt-response-manager:45 {"error_code":"NONE","payload":{"data":{"cpu_usage_1min":30.5,"has_storage":true,"has_temperature":true,"is_valid":true,"memory_available_kb":999020,"memory_usage":35.28,"storage_usage":[{"instance_id":0,"mount_point":"/","usage":20.0},{"instance_id":1,"mount_point":"/edge/etc","usage":1.0},{"instance_id":2,"mount_point":"/edge/db","usage":1.0},{"instance_id":3,"mount_point":"/edge/log","usage":10.0},{"instance_id":4,"mount_point":"/edge/sp","usage":1.0},{"instance_id":5,"mount_point":"/edge/docker","usage":21.0}],"temperature":[{"instance_id":0,"value":46000.0}],"timestamp":1786349070},"status":"success"}}
    Aug 10 17:04:30 qcells-emsplus docker-loader[33385]: [17:04:30:777][I][CB] [Director] Scanning directory: /edge/log/toupload
    Aug 10 17:04:30 qcells-emsplus docker-loader[33385]: [17:04:30:834][I][AZ] [upload_file_to_blob] source: cloud_broker, file: /edge/log/toupload/system/systemlog_20260810163254_20260810165932.log.xz -> ems-system/2026/08/systemlog_20260810163254_20260810165932.log.xz
    Aug 10 17:04:30 qcells-emsplus docker-loader[33385]: [17:04:30:834][I][AZ] [UploadQueueManager] Task enqueued (pending=323)
    Aug 10 17:04:31 qcells-emsplus docker-loader[33385]: [17:04:31:221][I][CB] siteId not set, skipping ReportCommonAlarm
    Aug 10 17:04:31 qcells-emsplus docker-loader[33385]: [17:04:31:223][W][DI] Unknown service for response: send_d2c_message
    Aug 10 17:04:32 qcells-emsplus docker-loader[33385]: [17:04:32:165][I][SM] System info requested by web_interface
    Aug 10 17:04:32 qcells-emsplus docker-loader[33385]: [17:04:32:304][I][SM] [IPC pub res] tid=web_interface:mqtt-response-manager:46 {"error_code":"NONE","payload":{"data":{"cpu_usage_1min":30.0,"has_storage":true,"has_temperature":true,"is_valid":true,"memory_available_kb":981136,"memory_usage":36.18,"storage_usage":[{"instance_id":0,"mount_point":"/","usage":20.0},{"instance_id":1,"mount_point":"/edge/etc","usage":1.0},{"instance_id":2,"mount_point":"/edge/db","usage":1.0},{"instance_id":3,"mount_point":"/edge/log","usage":10.0},{"instance_id":4,"mount_point":"/edge/sp","usage":1.0},{"instance_id":5,"mount_point":"/edge/docker","usage":21.0}],"temperature":[{"instance_id":0,"value":47000.0}],"timestamp":1786349072},"status":"success"}}
    Aug 10 17:04:34 qcells-emsplus docker-loader[33385]: [17:04:34:166][I][SM] System info requested by web_interface
    Aug 10 17:04:34 qcells-emsplus docker-loader[33385]: [17:04:34:300][I][SM] [IPC pub res] tid=web_interface:mqtt-response-manager:47 {"error_code":"NONE","payload":{"data":{"cpu_usage_1min":30.0,"has_storage":true,"has_temperature":true,"is_valid":true,"memory_available_kb":994016,"memory_usage":35.53,"storage_usage":[{"instance_id":0,"mount_point":"/","usage":20.0},{"instance_id":1,"mount_point":"/edge/etc","usage":1.0},{"instance_id":2,"mount_point":"/edge/db","usage":1.0},{"instance_id":3,"mount_point":"/edge/log","usage":10.0},{"instance_id":4,"mount_point":"/edge/sp","usage":1.0},{"instance_id":5,"mount_point":"/edge/docker","usage":21.0}],"temperature":[{"instance_id":0,"value":46000.0}],"timestamp":1786349074},"status":"success"}}
    Aug 10 17:04:35 qcells-emsplus docker-loader[33385]: [17:04:35:292][I][SM] Internet: Connected (RTT: 32ms)
    Aug 10 17:04:36 qcells-emsplus docker-loader[33385]: [17:04:36:154][I][SM] System info requested by web_interface
    Aug 10 17:04:36 qcells-emsplus docker-loader[33385]: [17:04:36:277][I][SM] [IPC pub res] tid=web_interface:mqtt-response-manager:48 {"error_code":"NONE","payload":{"data":{"cpu_usage_1min":29.75,"has_storage":true,"has_temperature":true,"is_valid":true,"memory_available_kb":994044,"memory_usage":35.52,"storage_usage":[{"instance_id":0,"mount_point":"/","usage":20.0},{"instance_id":1,"mount_point":"/edge/etc","usage":1.0},{"instance_id":2,"mount_point":"/edge/db","usage":1.0},{"instance_id":3,"mount_point":"/edge/log","usage":10.0},{"instance_id":4,"mount_point":"/edge/sp","usage":1.0},{"instance_id":5,"mount_point":"/edge/docker","usage":21.0}],"temperature":[{"instance_id":0,"value":46000.0}],"timestamp":1786349076},"status":"success"}}
    Aug 10 17:04:38 qcells-emsplus docker-loader[33385]: [17:04:38:153][I][SM] System info requested by web_interface
    Aug 10 17:04:38 qcells-emsplus docker-loader[33385]: [17:04:38:291][I][SM] [IPC pub res] tid=web_interface:mqtt-response-manager:49 {"error_code":"NONE","payload":{"data":{"cpu_usage_1min":29.75,"has_storage":true,"has_temperature":true,"is_valid":true,"memory_available_kb":993828,"memory_usage":35.54,"storage_usage":[{"instance_id":0,"mount_point":"/","usage":20.0},{"instance_id":1,"mount_point":"/edge/etc","usage":1.0},{"instance_id":2,"mount_point":"/edge/db","usage":1.0},{"instance_id":3,"mount_point":"/edge/log","usage":10.0},{"instance_id":4,"mount_point":"/edge/sp","usage":1.0},{"instance_id":5,"mount_point":"/edge/docker","usage":21.0}],"temperature":[{"instance_id":0,"value":46000.0}],"timestamp":1786349078},"status":"success"}}
    Aug 10 17:04:41 qcells-emsplus docker-loader[33385]: [17:04:41:377][I][WI] [ApiStat] window=60s, total calls=29, total errors=0, aborted=0 | POST /publish/sys_manager/get_system_info calls=29 avg=162ms max=186ms
    Aug 10 17:04:42 qcells-emsplus docker-loader[33385]: [17:04:42:159][I][SM] System info requested by web_interface
    Aug 10 17:04:42 qcells-emsplus docker-loader[33385]: [17:04:42:303][I][SM] [IPC pub res] tid=web_interface:mqtt-response-manager:50 {"error_code":"NONE","payload":{"data":{"cpu_usage_1min":29.25,"has_storage":true,"has_temperature":true,"is_valid":true,"memory_available_kb":993252,"memory_usage":35.57,"storage_usage":[{"instance_id":0,"mount_point":"/","usage":20.0},{"instance_id":1,"mount_point":"/edge/etc","usage":1.0},{"instance_id":2,"mount_point":"/edge/db","usage":1.0},{"instance_id":3,"mount_point":"/edge/log","usage":10.0},{"instance_id":4,"mount_point":"/edge/sp","usage":1.0},{"instance_id":5,"mount_point":"/edge/docker","usage":21.0}],"temperature":[{"instance_id":0,"value":46000.0}],"timestamp":1786349082},"status":"success"}}
    Aug 10 17:04:51 qcells-emsplus docker-loader[33385]: [17:04:51:420][I][SM] Internet: Connected (RTT: 31ms)
    Aug 10 17:05:07 qcells-emsplus docker-loader[33385]: [17:05:07:551][I][SM] Internet: Connected (RTT: 36ms)
    Aug 10 17:05:23 qcells-emsplus docker-loader[33385]: [17:05:23:683][I][SM] Internet: Connected (RTT: 35ms)
    Aug 10 17:05:27 qcells-emsplus docker-loader[33385]: [17:05:27:827][I][ET] Site instant: {"GS":0.0,"OS":4.0,"PM":0.0,"b2W":0.0,"b7D":0.0,"b7S":0.0,"b8C":0.0,"b8S":0.0,"b8V":0.0,"e":0.0,"e2W":0.0,"eL":10.0,"g2A":0.0,"g2H":0.0,"g2P":0.0,"g2V":0.0,"g2W":0.0,"i7H":0.0,"l2W":0.0,"p2W":0.0}
    Aug 10 17:05:27 qcells-emsplus docker-loader[33385]: [17:05:27:827][I][CB] siteId not set, skipping ReportCommonTelemetry
    Aug 10 17:05:27 qcells-emsplus docker-loader[33385]: [17:05:27:850][W][ED] Unknown service for notification: changed_records
    Aug 10 17:05:27 qcells-emsplus docker-loader[33385]: [17:05:27:849][W][DI] Unknown service for notification: changed_records
    Aug 10 17:05:27 qcells-emsplus docker-loader[33385]: [17:05:27:852][W][UM] Unknown service for notification: changed_records
    Aug 10 17:05:31 qcells-emsplus docker-loader[33385]: [17:05:31:227][I][CB] siteId not set, skipping ReportCommonAlarm
    Aug 10 17:05:31 qcells-emsplus docker-loader[33385]: [17:05:31:228][W][DI] Unknown service for response: send_d2c_message
    Aug 10 17:05:39 qcells-emsplus docker-loader[33385]: [17:05:39:812][I][SM] Internet: Connected (RTT: 31ms)
    Aug 10 17:05:41 qcells-emsplus docker-loader[33385]: [17:05:41:381][I][WI] [ApiStat] window=60s, total calls=1, total errors=0, aborted=0 | POST /publish/sys_manager/get_system_info calls=1 avg=163ms max=163ms
    Aug 10 17:05:42 qcells-emsplus docker-loader[33385]: [17:05:42:176][I][SM] System info requested by web_interface
    Aug 10 17:05:42 qcells-emsplus docker-loader[33385]: [17:05:42:324][I][SM] [IPC pub res] tid=web_interface:mqtt-response-manager:51 {"error_code":"NONE","payload":{"data":{"cpu_usage_1min":18.5,"has_storage":true,"has_temperature":true,"is_valid":true,"memory_available_kb":991796,"memory_usage":35.64,"storage_usage":[{"instance_id":0,"mount_point":"/","usage":20.0},{"instance_id":1,"mount_point":"/edge/etc","usage":1.0},{"instance_id":2,"mount_point":"/edge/db","usage":1.0},{"instance_id":3,"mount_point":"/edge/log","usage":10.0},{"instance_id":4,"mount_point":"/edge/sp","usage":1.0},{"instance_id":5,"mount_point":"/edge/docker","usage":21.0}],"temperature":[{"instance_id":0,"value":46000.0}],"timestamp":1786349142},"status":"success"}}
    Aug 10 17:05:55 qcells-emsplus docker-loader[33385]: [17:05:55:947][I][SM] Internet: Connected (RTT: 37ms)
    Aug 10 17:06:12 qcells-emsplus docker-loader[33385]: [17:06:12:085][I][SM] Internet: Connected (RTT: 43ms)
    Aug 10 17:06:27 qcells-emsplus docker-loader[33385]: [17:06:27:832][I][ET] Site instant: {"GS":0.0,"OS":4.0,"PM":0.0,"b2W":0.0,"b7D":0.0,"b7S":0.0,"b8C":0.0,"b8S":0.0,"b8V":0.0,"e":0.0,"e2W":0.0,"eL":10.0,"g2A":0.0,"g2H":0.0,"g2P":0.0,"g2V":0.0,"g2W":0.0,"i7H":0.0,"l2W":0.0,"p2W":0.0}
    Aug 10 17:06:27 qcells-emsplus docker-loader[33385]: [17:06:27:832][I][CB] siteId not set, skipping ReportCommonTelemetry
    Aug 10 17:06:27 qcells-emsplus docker-loader[33385]: [17:06:27:842][W][ED] Unknown service for notification: changed_records
    Aug 10 17:06:27 qcells-emsplus docker-loader[33385]: [17:06:27:842][W][DI] Unknown service for notification: changed_records
    Aug 10 17:06:27 qcells-emsplus docker-loader[33385]: [17:06:27:842][W][UM] Unknown service for notification: changed_records
    Aug 10 17:06:28 qcells-emsplus docker-loader[33385]: [17:06:28:213][I][SM] Internet: Connected (RTT: 33ms)
    Aug 10 17:06:31 qcells-emsplus docker-loader[33385]: [17:06:31:233][I][CB] siteId not set, skipping ReportCommonAlarm
    Aug 10 17:06:31 qcells-emsplus docker-loader[33385]: [17:06:31:235][W][DI] Unknown service for response: send_d2c_message
    Aug 10 17:06:41 qcells-emsplus docker-loader[33385]: [17:06:41:384][I][WI] [ApiStat] window=60s, total calls=1, total errors=0, aborted=0 | POST /publish/sys_manager/get_system_info calls=1 avg=168ms max=168ms
    Aug 10 17:06:42 qcells-emsplus docker-loader[33385]: [17:06:42:153][I][SM] System info requested by web_interface
    Aug 10 17:06:42 qcells-emsplus docker-loader[33385]: [17:06:42:276][I][SM] [IPC pub res] tid=web_interface:mqtt-response-manager:52 {"error_code":"NONE","payload":{"data":{"cpu_usage_1min":6.75,"has_storage":true,"has_temperature":true,"is_valid":true,"memory_available_kb":993504,"memory_usage":35.56,"storage_usage":[{"instance_id":0,"mount_point":"/","usage":20.0},{"instance_id":1,"mount_point":"/edge/etc","usage":1.0},{"instance_id":2,"mount_point":"/edge/db","usage":1.0},{"instance_id":3,"mount_point":"/edge/log","usage":10.0},{"instance_id":4,"mount_point":"/edge/sp","usage":1.0},{"instance_id":5,"mount_point":"/edge/docker","usage":21.0}],"temperature":[{"instance_id":0,"value":46000.0}],"timestamp":1786349202},"status":"success"}}
    Aug 10 17:06:44 qcells-emsplus docker-loader[33385]: [17:06:44:336][I][SM] Internet: Connected (RTT: 34ms)
    Aug 10 17:07:00 qcells-emsplus docker-loader[33385]: [17:07:00:474][I][SM] Internet: Connected (RTT: 34ms)
    Aug 10 17:07:05 qcells-emsplus docker-loader[33385]: [17:07:05:049][I][UM] ╔═══════════════════════════════════════════════════════════════╗
    Aug 10 17:07:05 qcells-emsplus docker-loader[33385]: [17:07:05:049][I][UM] ║ [BATCH_UPDATE] REQUEST RECEIVED                               ║
    Aug 10 17:07:05 qcells-emsplus docker-loader[33385]: [17:07:05:049][I][UM] ╚═══════════════════════════════════════════════════════════════╝
    Aug 10 17:07:05 qcells-emsplus docker-loader[33385]: [17:07:05:049][I][UM] Source: tc_runner
    Aug 10 17:07:05 qcells-emsplus docker-loader[33385]: [17:07:05:049][W][UM] Unknown device type '', assigning default priority 99
    Aug 10 17:07:05 qcells-emsplus docker-loader[33385]: [17:07:05:049][W][UM] Skipping invalid entry: path='/tmp/tc_um_dummy_mpu.swu' device_type=''
    Aug 10 17:07:05 qcells-emsplus docker-loader[33385]: [17:07:05:049][E][UM] No valid SWU files in batch request
    Aug 10 17:07:05 qcells-emsplus docker-loader[33385]: [17:07:05:589][I][UM] ╔═══════════════════════════════════════════════════════════════╗
    Aug 10 17:07:05 qcells-emsplus docker-loader[33385]: [17:07:05:589][I][UM] ║ [BATCH_UPDATE] REQUEST RECEIVED                               ║
    Aug 10 17:07:05 qcells-emsplus docker-loader[33385]: [17:07:05:589][I][UM] ╚═══════════════════════════════════════════════════════════════╝
    Aug 10 17:07:05 qcells-emsplus docker-loader[33385]: [17:07:05:589][I][UM] Source: tc_runner
    Aug 10 17:07:05 qcells-emsplus docker-loader[33385]: [17:07:05:589][E][UM] Invalid batch update request: missing or empty 'files' array
    Aug 10 17:07:06 qcells-emsplus docker-loader[33385]: [17:07:06:714][I][UM] [UPDATE] .done file detected for step: is-installed, mtime: -4651314773
    Aug 10 17:07:06 qcells-emsplus docker-loader[33385]: [17:07:06:914][I][UM] [UPDATE] .done file parsed successfully (is-installed)
    Aug 10 17:07:06 qcells-emsplus docker-loader[33385]: [17:07:06:914][I][UM] Step: Unknown | State: Succeeded | Result: IsInstalled (Not Installed) (901) | Details:
    Aug 10 17:07:06 qcells-emsplus docker-loader[33385]: [17:07:06:914][I][UM] ADU Status Changed:
    Aug 10 17:07:06 qcells-emsplus docker-loader[33385]: [17:07:06:914][I][UM]   Workflow ID : update
    Aug 10 17:07:06 qcells-emsplus docker-loader[33385]: [17:07:06:914][I][UM]   Step        : is-installed
    Aug 10 17:07:06 qcells-emsplus docker-loader[33385]: [17:07:06:914][I][UM]   State       : Succeeded
    Aug 10 17:07:06 qcells-emsplus docker-loader[33385]: [17:07:06:914][I][UM]   Result Code : 901
    Aug 10 17:07:06 qcells-emsplus docker-loader[33385]: [17:07:06:915][I][UM]   Details     :
    Aug 10 17:07:06 qcells-emsplus docker-loader[33385]: [17:07:06:915][I][UM] === DOWNLOAD MONITORING START TRIGGER ===
    Aug 10 17:07:06 qcells-emsplus docker-loader[33385]: [17:07:06:915][I][UM] Starting download progress monitoring: is-installed step completed
    Aug 10 17:07:06 qcells-emsplus docker-loader[33385]: [17:07:06:915][I][UM] Workflow: update
    Aug 10 17:07:06 qcells-emsplus docker-loader[33385]: [17:07:06:915][I][UM] download_monitoring_active_ flag set to: true
    Aug 10 17:07:06 qcells-emsplus docker-loader[33385]: [17:07:06:915][I][UM] Download progress monitoring thread created successfully
    Aug 10 17:07:06 qcells-emsplus docker-loader[33385]: [17:07:06:915][I][UM] Download progress monitoring loop started
    Aug 10 17:07:06 qcells-emsplus docker-loader[33385]: [17:07:06:915][I][UM] Download progress monitoring started successfully
    Aug 10 17:07:06 qcells-emsplus docker-loader[33385]: [17:07:06:915][I][UM] [UPDATE] onUpdateSignalCb_ called after .done (is-installed)
    Aug 10 17:07:06 qcells-emsplus docker-loader[33385]: [17:07:06:915][I][UM] ADU Update Detected:
    Aug 10 17:07:06 qcells-emsplus docker-loader[33385]: [17:07:06:915][I][UM]   Step        : is-installed
    Aug 10 17:07:06 qcells-emsplus docker-loader[33385]: [17:07:06:915][I][UM]   State       : Succeeded
    Aug 10 17:07:06 qcells-emsplus docker-loader[33385]: [17:07:06:915][I][UM]   Result Code : 901
    Aug 10 17:07:06 qcells-emsplus docker-loader[33385]: [17:07:06:915][I][UM]   Details     :
    Aug 10 17:07:06 qcells-emsplus docker-loader[33385]: [17:07:06:915][I][UM] Publishing ADU update notification via MQTT:
    Aug 10 17:07:06 qcells-emsplus docker-loader[33385]: [17:07:06:915][I][UM]   Step: is-installed
    Aug 10 17:07:06 qcells-emsplus docker-loader[33385]: [17:07:06:915][I][UM]   State: Succeeded
    Aug 10 17:07:06 qcells-emsplus docker-loader[33385]: [17:07:06:915][I][UM]   Result: 901
    Aug 10 17:07:06 qcells-emsplus docker-loader[33385]: [17:07:06:915][I][UM]   Workflow ID: update
    Aug 10 17:07:06 qcells-emsplus docker-loader[33385]: [17:07:06:915][I][UM]   Update: / v
    Aug 10 17:07:06 qcells-emsplus docker-loader[33385]: [17:07:06:915][I][UM]   ADU State:  (-1)
    Aug 10 17:07:06 qcells-emsplus docker-loader[33385]: [17:07:06:915][I][UM]   Extended Codes:
    Aug 10 17:07:06 qcells-emsplus docker-loader[33385]: [17:07:06:916][I][UM]   Payload: {
    Aug 10 17:07:06 qcells-emsplus docker-loader[33385]:   "adu_agent_state": -1,
    Aug 10 17:07:06 qcells-emsplus docker-loader[33385]:   "adu_agent_state_str": "",
    Aug 10 17:07:06 qcells-emsplus docker-loader[33385]:   "event_timestamp": 1786349226915801966,
    Aug 10 17:07:06 qcells-emsplus docker-loader[33385]:   "extended_result_codes": "",
    Aug 10 17:07:06 qcells-emsplus docker-loader[33385]:   "is_valid": true,
    Aug 10 17:07:06 qcells-emsplus docker-loader[33385]:   "result_code": 901,
    Aug 10 17:07:06 qcells-emsplus docker-loader[33385]:   "result_details": "",
    Aug 10 17:07:06 qcells-emsplus docker-loader[33385]:   "timestamp": "2026-08-10 17:07:06",
    Aug 10 17:07:06 qcells-emsplus docker-loader[33385]:   "update_name": "",
    Aug 10 17:07:06 qcells-emsplus docker-loader[33385]:   "update_provider": "",
    Aug 10 17:07:06 qcells-emsplus docker-loader[33385]:   "update_version": "",
    Aug 10 17:07:06 qcells-emsplus docker-loader[33385]:   "workflow_id": "update",
    Aug 10 17:07:06 qcells-emsplus docker-loader[33385]:   "workflow_state": "Succeeded",
    Aug 10 17:07:06 qcells-emsplus docker-loader[33385]:   "workflow_step": "is-installed"
    Aug 10 17:07:06 qcells-emsplus docker-loader[33385]: }
    Aug 10 17:07:06 qcells-emsplus docker-loader[33385]: [17:07:06:917][I][SM] Host command requested by update_monitor
    Aug 10 17:07:06 qcells-emsplus docker-loader[33385]: [17:07:06:917][I][SM] Executing host command: ls -la /var/lib/adu/downloads/update (timeout: 3s)
    Aug 10 17:07:06 qcells-emsplus docker-loader[33385]: [17:07:06:927][W][ED] Unknown service for notification: adu_update_notification
    Aug 10 17:07:06 qcells-emsplus docker-loader[33385]: [17:07:06:929][W][ET] Unknown service for notification: adu_update_notification
    Aug 10 17:07:06 qcells-emsplus docker-loader[33385]: [17:07:06:932][W][RT] Unknown service for notification: adu_update_notification
    Aug 10 17:07:06 qcells-emsplus docker-loader[33385]: [17:07:06:930][W][DI] Unknown service for notification: adu_update_notification
    Aug 10 17:07:06 qcells-emsplus docker-loader[33385]: [17:07:06:933][W][DL] Unknown service for notification: adu_update_notification
    Aug 10 17:07:06 qcells-emsplus docker-loader[33385]: [17:07:06:933][W][UM] Unknown service for notification: adu_update_notification
    Aug 10 17:07:06 qcells-emsplus docker-loader[33385]: [17:07:06:934][I][UM] Successfully published ADU update notification for step: is-installed
    Aug 10 17:07:06 qcells-emsplus docker-loader[33385]: [17:07:06:938][I][SM] [IPC pub res] tid=update_monitor_10 {"error_code":"UNKNOWN","payload":{"cmd":"ls -la /var/lib/adu/downloads/update","exit_code":2,"message":"CMD_SH failed: ls: cannot access '/var/lib/adu/downloads/update': No such file or directory\n","status":"error"}}
    Aug 10 17:07:06 qcells-emsplus docker-loader[33385]: [17:07:06:941][I][UM] [cmd_host] tid=update_monitor_10 error_code=255 status=error[17:07:06:941][I][UM]  cmd=ls -la /var/lib/adu/downloads/update[17:07:06:941][I][UM]
    Aug 10 17:07:06 qcells-emsplus docker-loader[33385]: [17:07:06:941][E][UM] Error response received
    Aug 10 17:07:06 qcells-emsplus docker-loader[33385]: [17:07:06:941][E][UM]   Error code: 255
    Aug 10 17:07:07 qcells-emsplus docker-loader[33385]: [17:07:07:917][I][SM] Host command requested by update_monitor
    Aug 10 17:07:07 qcells-emsplus docker-loader[33385]: [17:07:07:918][I][SM] Executing host command: ls -la /var/lib/adu/downloads/update (timeout: 3s)
    Aug 10 17:07:07 qcells-emsplus docker-loader[33385]: [17:07:07:936][I][SM] [IPC pub res] tid=update_monitor_11 {"error_code":"UNKNOWN","payload":{"cmd":"ls -la /var/lib/adu/downloads/update","exit_code":2,"message":"CMD_SH failed: ls: cannot access '/var/lib/adu/downloads/update': No such file or directory\n","status":"error"}}
    Aug 10 17:07:07 qcells-emsplus docker-loader[33385]: [17:07:07:937][I][UM] [cmd_host] tid=update_monitor_11 error_code=255 status=error[17:07:07:937][I][UM]  cmd=ls -la /var/lib/adu/downloads/update[17:07:07:937][I][UM]
    Aug 10 17:07:07 qcells-emsplus docker-loader[33385]: [17:07:07:937][E][UM] Error response received
    Aug 10 17:07:07 qcells-emsplus docker-loader[33385]: [17:07:07:937][E][UM]   Error code: 255
    Aug 10 17:07:08 qcells-emsplus docker-loader[33385]: [17:07:08:037][I][UM] [UPDATE] .done file detected for step: download, mtime: -4651314772
    Aug 10 17:07:08 qcells-emsplus docker-loader[33385]: [17:07:08:237][I][UM] [UPDATE] .done file parsed successfully (download)
    Aug 10 17:07:08 qcells-emsplus docker-loader[33385]: [17:07:08:237][I][UM] Step: Unknown | State: Succeeded | Result: Download Success (500) | Details:
    Aug 10 17:07:08 qcells-emsplus docker-loader[33385]: [17:07:08:237][I][UM] ADU Status Changed:
    Aug 10 17:07:08 qcells-emsplus docker-loader[33385]: [17:07:08:237][I][UM]   Workflow ID : update
    Aug 10 17:07:08 qcells-emsplus docker-loader[33385]: [17:07:08:237][I][UM]   Step        : download
    Aug 10 17:07:08 qcells-emsplus docker-loader[33385]: [17:07:08:237][I][UM]   State       : Succeeded
    Aug 10 17:07:08 qcells-emsplus docker-loader[33385]: [17:07:08:237][I][UM]   Result Code : 500
    Aug 10 17:07:08 qcells-emsplus docker-loader[33385]: [17:07:08:237][I][UM]   Details     :
    Aug 10 17:07:08 qcells-emsplus docker-loader[33385]: [17:07:08:237][I][UM] === DOWNLOAD MONITORING STOP TRIGGER ===
    Aug 10 17:07:08 qcells-emsplus docker-loader[33385]: [17:07:08:237][I][UM] Download step completed, stopping download progress monitoring
    Aug 10 17:07:08 qcells-emsplus docker-loader[33385]: [17:07:08:237][I][UM] Download progress monitoring stop requested
    Aug 10 17:07:08 qcells-emsplus docker-loader[33385]: [17:07:08:237][I][UM] Waiting for download progress thread to exit...
    Aug 10 17:07:08 qcells-emsplus docker-loader[33385]: [17:07:08:918][I][UM] Download progress monitoring loop ended
    Aug 10 17:07:08 qcells-emsplus docker-loader[33385]: [17:07:08:918][I][UM] Download progress thread joined successfully
    Aug 10 17:07:08 qcells-emsplus docker-loader[33385]: [17:07:08:918][I][UM] Download progress monitoring stopped
    Aug 10 17:07:08 qcells-emsplus docker-loader[33385]: [17:07:08:918][I][UM] [UPDATE] onUpdateSignalCb_ called after .done (download)
    Aug 10 17:07:08 qcells-emsplus docker-loader[33385]: [17:07:08:918][I][UM] ADU Update Detected:
    Aug 10 17:07:08 qcells-emsplus docker-loader[33385]: [17:07:08:918][I][UM]   Step        : download
    Aug 10 17:07:08 qcells-emsplus docker-loader[33385]: [17:07:08:918][I][UM]   State       : Succeeded
    Aug 10 17:07:08 qcells-emsplus docker-loader[33385]: [17:07:08:918][I][UM]   Result Code : 500
    Aug 10 17:07:08 qcells-emsplus docker-loader[33385]: [17:07:08:918][I][UM]   Details     :
    Aug 10 17:07:08 qcells-emsplus docker-loader[33385]: [17:07:08:918][I][UM] Publishing ADU update notification via MQTT:
    Aug 10 17:07:08 qcells-emsplus docker-loader[33385]: [17:07:08:918][I][UM]   Step: download
    Aug 10 17:07:08 qcells-emsplus docker-loader[33385]: [17:07:08:918][I][UM]   State: Succeeded
    Aug 10 17:07:08 qcells-emsplus docker-loader[33385]: [17:07:08:918][I][UM]   Result: 500
    Aug 10 17:07:08 qcells-emsplus docker-loader[33385]: [17:07:08:918][I][UM]   Workflow ID: update
    Aug 10 17:07:08 qcells-emsplus docker-loader[33385]: [17:07:08:918][I][UM]   Update: / v
    Aug 10 17:07:08 qcells-emsplus docker-loader[33385]: [17:07:08:918][I][UM]   ADU State:  (-1)
    Aug 10 17:07:08 qcells-emsplus docker-loader[33385]: [17:07:08:918][I][UM]   Extended Codes:
    Aug 10 17:07:08 qcells-emsplus docker-loader[33385]: [17:07:08:918][I][UM]   Payload: {
    Aug 10 17:07:08 qcells-emsplus docker-loader[33385]:   "adu_agent_state": -1,
    Aug 10 17:07:08 qcells-emsplus docker-loader[33385]:   "adu_agent_state_str": "",
    Aug 10 17:07:08 qcells-emsplus docker-loader[33385]:   "event_timestamp": 1786349228918587712,
    Aug 10 17:07:08 qcells-emsplus docker-loader[33385]:   "extended_result_codes": "",
    Aug 10 17:07:08 qcells-emsplus docker-loader[33385]:   "is_valid": true,
    Aug 10 17:07:08 qcells-emsplus docker-loader[33385]:   "result_code": 500,
    Aug 10 17:07:08 qcells-emsplus docker-loader[33385]:   "result_details": "",
    Aug 10 17:07:08 qcells-emsplus docker-loader[33385]:   "timestamp": "2026-08-10 17:07:08",
    Aug 10 17:07:08 qcells-emsplus docker-loader[33385]:   "update_name": "",
    Aug 10 17:07:08 qcells-emsplus docker-loader[33385]:   "update_provider": "",
    Aug 10 17:07:08 qcells-emsplus docker-loader[33385]:   "update_version": "",
    Aug 10 17:07:08 qcells-emsplus docker-loader[33385]:   "workflow_id": "update",
    Aug 10 17:07:08 qcells-emsplus docker-loader[33385]:   "workflow_state": "Succeeded",
    Aug 10 17:07:08 qcells-emsplus docker-loader[33385]:   "workflow_step": "download"
    Aug 10 17:07:08 qcells-emsplus docker-loader[33385]: }
    Aug 10 17:07:08 qcells-emsplus docker-loader[33385]: [17:07:08:921][W][DI] Unknown service for notification: adu_update_notification
    Aug 10 17:07:08 qcells-emsplus docker-loader[33385]: [17:07:08:924][W][RT] Unknown service for notification: adu_update_notification
    Aug 10 17:07:08 qcells-emsplus docker-loader[33385]: [17:07:08:926][W][DL] Unknown service for notification: adu_update_notification
    Aug 10 17:07:08 qcells-emsplus docker-loader[33385]: [17:07:08:928][W][ET] Unknown service for notification: adu_update_notification
    Aug 10 17:07:08 qcells-emsplus docker-loader[33385]: [17:07:08:929][W][UM] Unknown service for notification: adu_update_notification
    Aug 10 17:07:08 qcells-emsplus docker-loader[33385]: [17:07:08:929][I][UM] Successfully published ADU update notification for step: download
    Aug 10 17:07:08 qcells-emsplus docker-loader[33385]: [17:07:08:927][W][ED] Unknown service for notification: adu_update_notification
    Aug 10 17:07:10 qcells-emsplus docker-loader[33385]: [17:07:10:032][I][UM] [UPDATE] .done file detected for step: install, mtime: -4651314770
    Aug 10 17:07:10 qcells-emsplus docker-loader[33385]: [17:07:10:233][I][UM] [UPDATE] .done file parsed successfully (install)
    Aug 10 17:07:10 qcells-emsplus docker-loader[33385]: [17:07:10:233][I][UM] Step: Unknown | State: Succeeded | Result: Install Success (600) | Details:
    Aug 10 17:07:10 qcells-emsplus docker-loader[33385]: [17:07:10:233][I][UM] ADU Status Changed:
    Aug 10 17:07:10 qcells-emsplus docker-loader[33385]: [17:07:10:233][I][UM]   Workflow ID : update
    Aug 10 17:07:10 qcells-emsplus docker-loader[33385]: [17:07:10:233][I][UM]   Step        : install
    Aug 10 17:07:10 qcells-emsplus docker-loader[33385]: [17:07:10:233][I][UM]   State       : Succeeded
    Aug 10 17:07:10 qcells-emsplus docker-loader[33385]: [17:07:10:233][I][UM]   Result Code : 600
    Aug 10 17:07:10 qcells-emsplus docker-loader[33385]: [17:07:10:233][I][UM]   Details     :
    Aug 10 17:07:10 qcells-emsplus docker-loader[33385]: [17:07:10:233][I][UM] [UPDATE] onUpdateSignalCb_ called after .done (install)
    Aug 10 17:07:10 qcells-emsplus docker-loader[33385]: [17:07:10:233][I][UM] ADU Update Detected:
    Aug 10 17:07:10 qcells-emsplus docker-loader[33385]: [17:07:10:233][I][UM]   Step        : install
    Aug 10 17:07:10 qcells-emsplus docker-loader[33385]: [17:07:10:233][I][UM]   State       : Succeeded
    Aug 10 17:07:10 qcells-emsplus docker-loader[33385]: [17:07:10:233][I][UM]   Result Code : 600
    Aug 10 17:07:10 qcells-emsplus docker-loader[33385]: [17:07:10:233][I][UM]   Details     :
    Aug 10 17:07:10 qcells-emsplus docker-loader[33385]: [17:07:10:233][I][UM] Publishing ADU update notification via MQTT:
    Aug 10 17:07:10 qcells-emsplus docker-loader[33385]: [17:07:10:233][I][UM]   Step: install
    Aug 10 17:07:10 qcells-emsplus docker-loader[33385]: [17:07:10:233][I][UM]   State: Succeeded
    Aug 10 17:07:10 qcells-emsplus docker-loader[33385]: [17:07:10:233][I][UM]   Result: 600
    Aug 10 17:07:10 qcells-emsplus docker-loader[33385]: [17:07:10:233][I][UM]   Workflow ID: update
    Aug 10 17:07:10 qcells-emsplus docker-loader[33385]: [17:07:10:233][I][UM]   Update: / v
    Aug 10 17:07:10 qcells-emsplus docker-loader[33385]: [17:07:10:233][I][UM]   ADU State:  (-1)
    Aug 10 17:07:10 qcells-emsplus docker-loader[33385]: [17:07:10:233][I][UM]   Extended Codes:
    Aug 10 17:07:10 qcells-emsplus docker-loader[33385]: [17:07:10:233][I][UM]   Payload: {
    Aug 10 17:07:10 qcells-emsplus docker-loader[33385]:   "adu_agent_state": -1,
    Aug 10 17:07:10 qcells-emsplus docker-loader[33385]:   "adu_agent_state_str": "",
    Aug 10 17:07:10 qcells-emsplus docker-loader[33385]:   "event_timestamp": 1786349230233506765,
    Aug 10 17:07:10 qcells-emsplus docker-loader[33385]:   "extended_result_codes": "",
    Aug 10 17:07:10 qcells-emsplus docker-loader[33385]:   "is_valid": true,
    Aug 10 17:07:10 qcells-emsplus docker-loader[33385]:   "result_code": 600,
    Aug 10 17:07:10 qcells-emsplus docker-loader[33385]:   "result_details": "",
    Aug 10 17:07:10 qcells-emsplus docker-loader[33385]:   "timestamp": "2026-08-10 17:07:10",
    Aug 10 17:07:10 qcells-emsplus docker-loader[33385]:   "update_name": "",
    Aug 10 17:07:10 qcells-emsplus docker-loader[33385]:   "update_provider": "",
    Aug 10 17:07:10 qcells-emsplus docker-loader[33385]:   "update_version": "",
    Aug 10 17:07:10 qcells-emsplus docker-loader[33385]:   "workflow_id": "update",
    Aug 10 17:07:10 qcells-emsplus docker-loader[33385]:   "workflow_state": "Succeeded",
    Aug 10 17:07:10 qcells-emsplus docker-loader[33385]:   "workflow_step": "install"
    Aug 10 17:07:10 qcells-emsplus docker-loader[33385]: }
    Aug 10 17:07:10 qcells-emsplus docker-loader[33385]: [17:07:10:237][W][ED] Unknown service for notification: adu_update_notification
    Aug 10 17:07:10 qcells-emsplus docker-loader[33385]: [17:07:10:239][I][UM] Successfully published ADU update notification for step: install
    Aug 10 17:07:10 qcells-emsplus docker-loader[33385]: [17:07:10:239][W][UM] Unknown service for notification: adu_update_notification
    Aug 10 17:07:10 qcells-emsplus docker-loader[33385]: [17:07:10:240][W][ET] Unknown service for notification: adu_update_notification
    Aug 10 17:07:10 qcells-emsplus docker-loader[33385]: [17:07:10:245][W][DI] Unknown service for notification: adu_update_notification
    Aug 10 17:07:10 qcells-emsplus docker-loader[33385]: [17:07:10:246][W][DL] Unknown service for notification: adu_update_notification
    Aug 10 17:07:10 qcells-emsplus docker-loader[33385]: [17:07:10:246][W][RT] Unknown service for notification: adu_update_notification
    Aug 10 17:07:11 qcells-emsplus docker-loader[33385]: [17:07:11:341][I][UM] [UPDATE] .done file detected for step: apply, mtime: -4651314768
    Aug 10 17:07:11 qcells-emsplus docker-loader[33385]: [17:07:11:542][I][UM] [UPDATE] .done file parsed successfully (apply)
    Aug 10 17:07:11 qcells-emsplus docker-loader[33385]: [17:07:11:542][I][UM] Step: Unknown | State: Succeeded | Result: Apply Success (700) | Details:
    Aug 10 17:07:11 qcells-emsplus docker-loader[33385]: [17:07:11:542][I][UM] ADU Status Changed:
    Aug 10 17:07:11 qcells-emsplus docker-loader[33385]: [17:07:11:542][I][UM]   Workflow ID : update
    Aug 10 17:07:11 qcells-emsplus docker-loader[33385]: [17:07:11:542][I][UM]   Step        : apply
    Aug 10 17:07:11 qcells-emsplus docker-loader[33385]: [17:07:11:542][I][UM]   State       : Succeeded
    Aug 10 17:07:11 qcells-emsplus docker-loader[33385]: [17:07:11:542][I][UM]   Result Code : 700
    Aug 10 17:07:11 qcells-emsplus docker-loader[33385]: [17:07:11:542][I][UM]   Details     :
    Aug 10 17:07:11 qcells-emsplus docker-loader[33385]: [17:07:11:542][I][UM] [UPDATE] onUpdateSignalCb_ called after .done (apply)
    Aug 10 17:07:11 qcells-emsplus docker-loader[33385]: [17:07:11:542][I][UM] ADU Update Detected:
    Aug 10 17:07:11 qcells-emsplus docker-loader[33385]: [17:07:11:542][I][UM]   Step        : apply
    Aug 10 17:07:11 qcells-emsplus docker-loader[33385]: [17:07:11:542][I][UM]   State       : Succeeded
    Aug 10 17:07:11 qcells-emsplus docker-loader[33385]: [17:07:11:542][I][UM]   Result Code : 700
    Aug 10 17:07:11 qcells-emsplus docker-loader[33385]: [17:07:11:542][I][UM]   Details     :
    Aug 10 17:07:11 qcells-emsplus docker-loader[33385]: [17:07:11:542][I][UM] Publishing ADU update notification via MQTT:
    Aug 10 17:07:11 qcells-emsplus docker-loader[33385]: [17:07:11:542][I][UM]   Step: apply
    Aug 10 17:07:11 qcells-emsplus docker-loader[33385]: [17:07:11:542][I][UM]   State: Succeeded
    Aug 10 17:07:11 qcells-emsplus docker-loader[33385]: [17:07:11:542][I][UM]   Result: 700
    Aug 10 17:07:11 qcells-emsplus docker-loader[33385]: [17:07:11:542][I][UM]   Workflow ID: update
    Aug 10 17:07:11 qcells-emsplus docker-loader[33385]: [17:07:11:542][I][UM]   Update: / v
    Aug 10 17:07:11 qcells-emsplus docker-loader[33385]: [17:07:11:542][I][UM]   ADU State:  (-1)
    Aug 10 17:07:11 qcells-emsplus docker-loader[33385]: [17:07:11:542][I][UM]   Extended Codes:
    Aug 10 17:07:11 qcells-emsplus docker-loader[33385]: [17:07:11:542][I][UM]   Payload: {
    Aug 10 17:07:11 qcells-emsplus docker-loader[33385]:   "adu_agent_state": -1,
    Aug 10 17:07:11 qcells-emsplus docker-loader[33385]:   "adu_agent_state_str": "",
    Aug 10 17:07:11 qcells-emsplus docker-loader[33385]:   "event_timestamp": 1786349231542540191,
    Aug 10 17:07:11 qcells-emsplus docker-loader[33385]:   "extended_result_codes": "",
    Aug 10 17:07:11 qcells-emsplus docker-loader[33385]:   "is_valid": true,
    Aug 10 17:07:11 qcells-emsplus docker-loader[33385]:   "result_code": 700,
    Aug 10 17:07:11 qcells-emsplus docker-loader[33385]:   "result_details": "",
    Aug 10 17:07:11 qcells-emsplus docker-loader[33385]:   "timestamp": "2026-08-10 17:07:11",
    Aug 10 17:07:11 qcells-emsplus docker-loader[33385]:   "update_name": "",
    Aug 10 17:07:11 qcells-emsplus docker-loader[33385]:   "update_provider": "",
    Aug 10 17:07:11 qcells-emsplus docker-loader[33385]:   "update_version": "",
    Aug 10 17:07:11 qcells-emsplus docker-loader[33385]:   "workflow_id": "update",
    Aug 10 17:07:11 qcells-emsplus docker-loader[33385]:   "workflow_state": "Succeeded",
    Aug 10 17:07:11 qcells-emsplus docker-loader[33385]:   "workflow_step": "apply"
    Aug 10 17:07:11 qcells-emsplus docker-loader[33385]: }
    Aug 10 17:07:11 qcells-emsplus docker-loader[33385]: [17:07:11:548][W][DI] Unknown service for notification: adu_update_notification
    Aug 10 17:07:11 qcells-emsplus docker-loader[33385]: [17:07:11:549][W][ET] Unknown service for notification: adu_update_notification
    Aug 10 17:07:11 qcells-emsplus docker-loader[33385]: [17:07:11:551][W][RT] Unknown service for notification: adu_update_notification
    Aug 10 17:07:11 qcells-emsplus docker-loader[33385]: [17:07:11:552][W][UM] Unknown service for notification: adu_update_notification
    Aug 10 17:07:11 qcells-emsplus docker-loader[33385]: [17:07:11:552][I][UM] Successfully published ADU update notification for step: apply
    Aug 10 17:07:11 qcells-emsplus docker-loader[33385]: [17:07:11:553][W][DL] Unknown service for notification: adu_update_notification
    Aug 10 17:07:11 qcells-emsplus docker-loader[33385]: [17:07:11:554][W][ED] Unknown service for notification: adu_update_notification
    exit_code:0
  detect_count=4 (참고용, TC02-1~4 결과가 실질 판정)
=== TC03: ADU Agent 로그 기반 연동 상태 확인 ===
[사전 조건] adu-agent-service 확인
  $ systemctl status adu-agent-service
    Unit adu-agent-service.service could not be found.
    exit_code:0
  $ pgrep -f AducIotAgent
    exit_code:0
[TC03-1] du-config.json 존재 및 JSON 파싱
  $ cat /edge/etc/user-config/adu/du-config.json
    {
        "aduShellTrustedUsers": [
            "adu",
            "do"
        ],
        "agents": [
            {
                "connectionSource": {
                    "connectionData": "",
                    "connectionType": "string"
                },
                "manufacturer": "qcells",
                "model": "TPO_Optimized_ESS_G4_T",
                "name": "main",
                "runas": "adu"
            }
        ],
        "iotHubProtocol": "mqtt",
        "manufacturer": "qcells",
        "model": "TPO_Optimized_ESS_G4_T",
        "schemaVersion": "1.1"
    }    exit_code:0
[PASS] TC03-1: du-config.json 존재 및 JSON 파싱 가능
[TC03-2/3] ADU 로그 파일 확인 (manual — 부재 시 SKIP, PASS/FAIL 미포함)
  [SKIP] /tmp/edge/update/deviceupdate-agent.log 파일 부재 — TC03-2/3 수동 확인으로 대체
[참고] 최근 ADU 활동 로그 (판정 미포함)
  $ journalctl -u docker-loader --since 1 hour ago
    Aug 10 16:59:33 qcells-emsplus docker-loader[33385]: [16:59:23:645][I][AZ] [DeliveryProfiles] loaded 3 profiles from cache file
    Aug 10 16:59:33 qcells-emsplus docker-loader[33385]: [16:59:23:646][I][AZ] App is ready
    Aug 10 16:59:33 qcells-emsplus docker-loader[33385]: [16:59:23:654][I][AZ] [QueueProcessor] loop started for queue 'telemetry' (table=iothub_msgs_telemetry)
    Aug 10 16:59:33 qcells-emsplus docker-loader[33385]: [16:59:23:658][I][AZ] [QueueProcessor] loop started for queue 'alarm' (table=iothub_msgs_alarm)
    Aug 10 16:59:33 qcells-emsplus docker-loader[33385]: [07:59:23:675][I][API] [setupOpenAPI] OpenAPI spec path: /edge/api/product/dist/openapi/openapi.yaml
    Aug 10 16:59:33 qcells-emsplus docker-loader[33385]: [07:59:23:900][I][WI] Proxy middleware configured for /api -> localhost:9113
    Aug 10 16:59:33 qcells-emsplus docker-loader[33385]: [07:59:23:909][I][WI] [setupOpenAPI] OpenAPI spec path: /edge/api/uniep/dist/openapi/openapi.yaml
    Aug 10 16:59:33 qcells-emsplus docker-loader[33385]: [07:59:24:464][I][WI] [setupOpenAPI] OpenAPI spec loaded successfully
    Aug 10 16:59:33 qcells-emsplus docker-loader[33385]: [16:59:24:469][I][EL] [RegistermapDataMgr] Register map updated: version=1, schemaVersion=1.0.0, protocolVersion(can/spi/installDoc/jf2)=0.99/1.02/1.67/2.8.4.8, 3 maps: qcells_mcu(4 groups), qcells_ess_g4(2 groups), qcells_mpu(4 groups)
    Aug 10 16:59:33 qcells-emsplus docker-loader[33385]: [16:59:24:498][I][EL] SiteJsonData cache built: 3 maps, 1402 registers, 8179 metrics
    Aug 10 16:59:33 qcells-emsplus docker-loader[33385]: [07:59:24:552][I][WI] [setupOpenAPI] OpenAPI setup completed successfully
    Aug 10 16:59:33 qcells-emsplus docker-loader[33385]: [07:59:24:555][I][WI] Loading HTTPS options for production environment
    Aug 10 16:59:33 qcells-emsplus docker-loader[33385]: [07:59:24:557][I][WI] certPath: /edge/sp/secrets/web_interface
    Aug 10 16:59:33 qcells-emsplus docker-loader[33385]: [07:59:24:559][I][WI] Loading key file from: /edge/sp/secrets/web_interface/certificate.key
    Aug 10 16:59:33 qcells-emsplus docker-loader[33385]: [07:59:24:560][I][WI] certPath: /edge/sp/secrets/web_interface
    Aug 10 16:59:33 qcells-emsplus docker-loader[33385]: [16:59:24:563][I][EL] Site data ready, creating devices
    Aug 10 16:59:33 qcells-emsplus docker-loader[33385]: [07:59:24:563][I][WI] Loading crt file from: /edge/sp/secrets/web_interface/certificate.crt
    Aug 10 16:59:33 qcells-emsplus docker-loader[33385]: [07:59:24:566][I][WI] certPath: /edge/sp/secrets/web_interface
    Aug 10 16:59:33 qcells-emsplus docker-loader[33385]: [07:59:24:568][I][WI] Loading csr file from: /edge/sp/secrets/web_interface/certificate.csr
    Aug 10 16:59:33 qcells-emsplus docker-loader[33385]: [07:59:24:574][I][API] [setupOpenAPI] OpenAPI spec loaded successfully
    Aug 10 16:59:33 qcells-emsplus docker-loader[33385]: [16:59:24:590][I][EL] [SPIConnection] Initialized with 4 register groups
    Aug 10 16:59:33 qcells-emsplus docker-loader[33385]: [16:59:24:591][I][EL] start read group : read
    Aug 10 16:59:33 qcells-emsplus docker-loader[33385]: [16:59:24:594][I][EL] [EnergyLink] Device created: bdeaca72-cffd-45ec-9d1b-bdab714c3673 (protocol: QcellsSPI)
    Aug 10 16:59:33 qcells-emsplus docker-loader[33385]: [16:59:24:594][I][EL] Opening SPI device: /dev/spidev2.0
    Aug 10 16:59:43 qcells-emsplus docker-loader[33385]: [16:59:24:595][I][EL] [SPIConnection] Connected to /dev/spidev2.0
    Aug 10 16:59:43 qcells-emsplus docker-loader[33385]: [16:59:24:595][I][EL] [EnergyDevice:bdeaca72-cffd-45ec-9d1b-bdab714c3673][QcellsSPI] Driver opened
    Aug 10 16:59:43 qcells-emsplus docker-loader[33385]: [07:59:24:615][I][WI] [bootSystem] Sleeping for 1 second before starting...
    Aug 10 16:59:43 qcells-emsplus docker-loader[33385]: [16:59:24:626][I][EL] [CANConnection] Merged 672 registers for CAN read.
    Aug 10 16:59:43 qcells-emsplus docker-loader[33385]: [16:59:24:629][I][EL] [CANConnection] Built CAN ID lookup map: 672 unique IDs from 672 registers
    Aug 10 16:59:43 qcells-emsplus docker-loader[33385]: [16:59:24:646][I][EL] [EnergyDevice:d084d68a-5204-4617-92f6-6c95a7d7278f][CAN] Driver opened
    Aug 10 16:59:43 qcells-emsplus docker-loader[33385]: [16:59:24:650][I][SM] Connected to MQTT broker
    Aug 10 16:59:43 qcells-emsplus docker-loader[33385]: [16:59:24:652][I][EL] start read group : merged_can_read
    Aug 10 16:59:43 qcells-emsplus docker-loader[33385]: [16:59:24:681][I][EL] [EnergyLink] Device created: d084d68a-5204-4617-92f6-6c95a7d7278f (protocol: CAN)
    Aug 10 16:59:43 qcells-emsplus docker-loader[33385]: [16:59:24:697][I][ET] Connected to MQTT broker
    Aug 10 16:59:43 qcells-emsplus docker-loader[33385]: [16:59:24:696][W][EL] [EnergyLink] Device has no connectionInfos: 5920259c-e6ff-4d31-9f9b-5a5c663548dd
    Aug 10 16:59:43 qcells-emsplus docker-loader[33385]: [16:59:24:700][W][EL] [EnergyLink] Device has no connectionInfos: 2329b47f-4409-4ee9-ab28-97ba1e303602
    Aug 10 16:59:43 qcells-emsplus docker-loader[33385]: [16:59:24:700][W][EL] [EnergyLink] Device has no connectionInfos: 32b07020-bae3-4b44-8822-069e8303a350
    Aug 10 16:59:43 qcells-emsplus docker-loader[33385]: [16:59:24:701][W][EL] [EnergyLink] Device has no connectionInfos: 1c6c8562-955e-4bd1-bb4e-1656ca2317a5
    Aug 10 16:59:43 qcells-emsplus docker-loader[33385]: [16:59:24:701][W][EL] [EnergyLink] Device has no connectionInfos: ba49edcc-76fc-45d6-b68b-269eb3a4b41e
    Aug 10 16:59:43 qcells-emsplus docker-loader[33385]: [16:59:24:703][I][ET] Starting EnergyMonitor application...
    Aug 10 16:59:43 qcells-emsplus docker-loader[33385]: [16:59:24:699][I][SM] [handle_response_system_settings] Log level: 1
    Aug 10 16:59:43 qcells-emsplus docker-loader[33385]: [16:59:24:716][I][SM] Connected to wpa_supplicant at /var/run/wpa_supplicant/mlan0
    Aug 10 16:59:43 qcells-emsplus docker-loader[33385]: [16:59:24:716][I][SM] WiFi manager thread started
    Aug 10 16:59:43 qcells-emsplus docker-loader[33385]: [16:59:24:716][I][SM] Successfully initialized WiFi system
    Aug 10 16:59:43 qcells-emsplus docker-loader[33385]: [16:59:24:716][I][SM] SysPeripherals initialized
    Aug 10 16:59:43 qcells-emsplus docker-loader[33385]: [16:59:24:716][I][SM] LTE manager thread started
    Aug 10 16:59:43 qcells-emsplus docker-loader[33385]: [16:59:24:716][I][SM] Successfully initialized LTE system
    Aug 10 16:59:43 qcells-emsplus docker-loader[33385]: [16:59:24:717][I][SM] SysControl initialized[16:59:24:717][I][SM] SysSecurity initialized
    Aug 10 16:59:43 qcells-emsplus docker-loader[33385]: [16:59:24:717][I][SM] Security subsystem initialized
    Aug 10 16:59:43 qcells-emsplus docker-loader[33385]: [16:59:24:718][I][SM] Connected to host_agent via UDS (slot 0)
    Aug 10 16:59:43 qcells-emsplus docker-loader[33385]: [16:59:24:718][I][SM] UDS keepalive thread started
    Aug 10 16:59:52 qcells-emsplus docker-loader[33385]: [16:59:24:718][I][SM] Successfully connected to host_agent
    Aug 10 16:59:52 qcells-emsplus docker-loader[33385]: [16:59:24:719][I][SM] DB initialization completed: all system_settings, persistent_states, and device_info are loaded
    Aug 10 16:59:52 qcells-emsplus docker-loader[33385]: [16:59:24:721][I][SM] Found product_serial_number: 000000000000000000
    Aug 10 16:59:52 qcells-emsplus docker-loader[33385]: [16:59:24:721][I][SM] hostapd.conf already has matching SSID, skipping update
    Aug 10 16:59:52 qcells-emsplus docker-loader[33385]: [16:59:24:726][I][SM] LTE management worker started
    Aug 10 16:59:52 qcells-emsplus docker-loader[33385]: [16:59:24:727][I][SM] Host agent supports 14 component instances:
    Aug 10 16:59:52 qcells-emsplus docker-loader[33385]: [16:59:24:727][I][SM]   - storage (instance 0)
    Aug 10 16:59:52 qcells-emsplus docker-loader[33385]: [16:59:24:727][I][SM]   - storage (instance 1)
    Aug 10 16:59:52 qcells-emsplus docker-loader[33385]: [16:59:24:727][I][SM]   - storage (instance 2)
    Aug 10 16:59:52 qcells-emsplus docker-loader[33385]: [16:59:24:727][I][SM]   - storage (instance 3)
    Aug 10 16:59:52 qcells-emsplus docker-loader[33385]: [16:59:24:727][I][SM]   - storage (instance 4)
    Aug 10 16:59:52 qcells-emsplus docker-loader[33385]: [16:59:24:727][I][SM]   - storage (instance 5)
    Aug 10 16:59:52 qcells-emsplus docker-loader[33385]: [16:59:24:727][I][SM]   - temperature (instance 0)
    Aug 10 16:59:52 qcells-emsplus docker-loader[33385]: [16:59:24:727][I][SM]   - led (instance 0)
    Aug 10 16:59:52 qcells-emsplus docker-loader[33385]: [16:59:24:727][I][SM]   - led (instance 1)
    Aug 10 16:59:52 qcells-emsplus docker-loader[33385]: [16:59:24:727][I][SM]   - eeprom (instance 0)
    Aug 10 16:59:52 qcells-emsplus docker-loader[33385]: [16:59:24:727][I][SM]   - fusing (instance 0)
    Aug 10 16:59:52 qcells-emsplus docker-loader[33385]: [16:59:24:727][I][SM]   - safe_reboot (instance 0)
    Aug 10 16:59:52 qcells-emsplus docker-loader[33385]: [16:59:24:727][I][SM]   - usb (instance 1)
    Aug 10 16:59:52 qcells-emsplus docker-loader[33385]: [16:59:24:727][I][SM]   - usb (instance 2)
    Aug 10 16:59:52 qcells-emsplus docker-loader[33385]: [16:59:24:729][I][SM] Component report received: {
    Aug 10 16:59:52 qcells-emsplus docker-loader[33385]:   "components": [
    Aug 10 16:59:52 qcells-emsplus docker-loader[33385]:     {
    Aug 10 16:59:52 qcells-emsplus docker-loader[33385]:       "commands": {
    Aug 10 16:59:52 qcells-emsplus docker-loader[33385]:         "get": [
    Aug 10 16:59:52 qcells-emsplus docker-loader[33385]:           "space"
    Aug 10 16:59:52 qcells-emsplus docker-loader[33385]:         ],
    Aug 10 16:59:52 qcells-emsplus docker-loader[33385]:         "set": []
    Aug 10 16:59:52 qcells-emsplus docker-loader[33385]:       },
    Aug 10 16:59:52 qcells-emsplus docker-loader[33385]:       "instances": [
    Aug 10 16:59:52 qcells-emsplus docker-loader[33385]:         {
    Aug 10 16:59:52 qcells-emsplus docker-loader[33385]:           "id": 0,
    Aug 10 16:59:52 qcells-emsplus docker-loader[33385]:           "path": "/"
    Aug 10 16:59:52 qcells-emsplus docker-loader[33385]:         },
    Aug 10 16:59:52 qcells-emsplus docker-loader[33385]:         {
    Aug 10 16:59:52 qcells-emsplus docker-loader[33385]:           "id": 1,
    Aug 10 16:59:52 qcells-emsplus docker-loader[33385]:           "path": "/edge/etc"
    Aug 10 16:59:52 qcells-emsplus docker-loader[33385]:         },
    Aug 10 16:59:52 qcells-emsplus docker-loader[33385]:         {
    Aug 10 16:59:52 qcells-emsplus docker-loader[33385]:           "id": 2,
    Aug 10 16:59:52 qcells-emsplus docker-loader[33385]:           "path": "/edge/db"
    Aug 10 16:59:52 qcells-emsplus docker-loader[33385]:         },
    Aug 10 16:59:52 qcells-emsplus docker-loader[33385]:         {
    Aug 10 16:59:52 qcells-emsplus docker-loader[33385]:           "id": 3,
    Aug 10 16:59:52 qcells-emsplus docker-loader[33385]:           "path": "/edge/log"
    Aug 10 16:59:52 qcells-emsplus docker-loader[33385]:         },
    Aug 10 16:59:52 qcells-emsplus docker-loader[33385]:         {
    Aug 10 16:59:52 qcells-emsplus docker-loader[33385]:           "id": 4,
    Aug 10 16:59:52 qcells-emsplus docker-loader[33385]:           "path": "/edge/sp"
    Aug 10 16:59:52 qcells-emsplus docker-loader[33385]:         },
    Aug 10 16:59:52 qcells-emsplus docker-loader[33385]:         {
    Aug 10 16:59:52 qcells-emsplus docker-loader[33385]:           "id": 5,
    Aug 10 16:59:52 qcells-emsplus docker-loader[33385]:           "path": "/edge/docker"
    Aug 10 16:59:52 qcells-emsplus docker-loader[33385]:         }
    Aug 10 16:59:52 qcells-emsplus docker-loader[33385]:       ],
    Aug 10 16:59:52 qcells-emsplus docker-loader[33385]:       "name": "storage"
    Aug 10 16:59:52 qcells-emsplus docker-loader[33385]:     },
    Aug 10 16:59:52 qcells-emsplus docker-loader[33385]:     {
    Aug 10 16:59:52 qcells-emsplus docker-loader[33385]:       "commands": {
    Aug 10 16:59:52 qcells-emsplus docker-loader[33385]:         "get": [
    Aug 10 16:59:52 qcells-emsplus docker-loader[33385]:           "temp"
    Aug 10 16:59:52 qcells-emsplus docker-loader[33385]:         ],
    Aug 10 16:59:52 qcells-emsplus docker-loader[33385]:         "set": []
    Aug 10 16:59:52 qcells-emsplus docker-loader[33385]:       },
    Aug 10 16:59:52 qcells-emsplus docker-loader[33385]:       "instances": [
    Aug 10 16:59:52 qcells-emsplus docker-loader[33385]:         {
    Aug 10 16:59:52 qcells-emsplus docker-loader[33385]:           "id": 0,
    Aug 10 16:59:52 qcells-emsplus docker-loader[33385]:           "path": "/sys/class/thermal/thermal_zone0/temp"
    Aug 10 16:59:52 qcells-emsplus docker-loader[33385]:         }
    Aug 10 16:59:52 qcells-emsplus docker-loader[33385]:       ],
    Aug 10 16:59:52 qcells-emsplus docker-loader[33385]:       "name": "temperature"
    Aug 10 16:59:52 qcells-emsplus docker-loader[33385]:     },
    Aug 10 16:59:52 qcells-emsplus docker-loader[33385]:     {
    Aug 10 16:59:52 qcells-emsplus docker-loader[33385]:       "commands": {
    Aug 10 16:59:52 qcells-emsplus docker-loader[33385]:         "get": [
    Aug 10 17:00:17 qcells-emsplus docker-loader[33385]:           "brightness",
    Aug 10 17:00:17 qcells-emsplus docker-loader[33385]:           "color",
    Aug 10 17:00:17 qcells-emsplus docker-loader[33385]:           "delay_off",
    Aug 10 17:00:17 qcells-emsplus docker-loader[33385]:           "delay_on",
    Aug 10 17:00:17 qcells-emsplus docker-loader[33385]:           "trigger"
    Aug 10 17:00:17 qcells-emsplus docker-loader[33385]:         ],
    Aug 10 17:00:17 qcells-emsplus docker-loader[33385]:         "set": [
    Aug 10 17:00:17 qcells-emsplus docker-loader[33385]:           "brightness",
    Aug 10 17:00:17 qcells-emsplus docker-loader[33385]:           "color",
    Aug 10 17:00:17 qcells-emsplus docker-loader[33385]:           "delay_off",
    Aug 10 17:00:17 qcells-emsplus docker-loader[33385]:           "delay_on",
    Aug 10 17:00:17 qcells-emsplus docker-loader[33385]:           "trigger"
    Aug 10 17:00:17 qcells-emsplus docker-loader[33385]:         ]
    Aug 10 17:00:17 qcells-emsplus docker-loader[33385]:       },
    Aug 10 17:00:17 qcells-emsplus docker-loader[33385]:       "instances": [
    Aug 10 17:00:17 qcells-emsplus docker-loader[33385]:         {
    Aug 10 17:00:17 qcells-emsplus docker-loader[33385]:           "id": 0,
    Aug 10 17:00:17 qcells-emsplus docker-loader[33385]:           "path": "/sys/class/leds/led1"
    Aug 10 17:00:17 qcells-emsplus docker-loader[33385]:         },
    Aug 10 17:00:17 qcells-emsplus docker-loader[33385]:         {
    Aug 10 17:00:17 qcells-emsplus docker-loader[33385]:           "id": 1,
    Aug 10 17:00:17 qcells-emsplus docker-loader[33385]:           "path": "/sys/class/leds/led2"
    Aug 10 17:00:17 qcells-emsplus docker-loader[33385]:         }
    Aug 10 17:00:17 qcells-emsplus docker-loader[33385]:       ],
    Aug 10 17:00:17 qcells-emsplus docker-loader[33385]:       "name": "led"
    Aug 10 17:00:17 qcells-emsplus docker-loader[33385]:     },
    Aug 10 17:00:17 qcells-emsplus docker-loader[33385]:     {
    Aug 10 17:00:17 qcells-emsplus docker-loader[33385]:       "commands": {
    Aug 10 17:00:17 qcells-emsplus docker-loader[33385]:         "get": [
    Aug 10 17:00:17 qcells-emsplus docker-loader[33385]:           "info"
    Aug 10 17:00:17 qcells-emsplus docker-loader[33385]:         ],
    Aug 10 17:00:17 qcells-emsplus docker-loader[33385]:         "set": [
    Aug 10 17:00:17 qcells-emsplus docker-loader[33385]:           "info"
    Aug 10 17:00:17 qcells-emsplus docker-loader[33385]:         ]
    Aug 10 17:00:17 qcells-emsplus docker-loader[33385]:       },
    Aug 10 17:00:17 qcells-emsplus docker-loader[33385]:       "instances": [
    Aug 10 17:00:17 qcells-emsplus docker-loader[33385]:         {
    Aug 10 17:00:17 qcells-emsplus docker-loader[33385]:           "id": 0,
    Aug 10 17:00:17 qcells-emsplus docker-loader[33385]:           "path": "2 0x54"
    Aug 10 17:00:17 qcells-emsplus docker-loader[33385]:         }
    Aug 10 17:00:17 qcells-emsplus docker-loader[33385]:       ],
    Aug 10 17:00:17 qcells-emsplus docker-loader[33385]:       "name": "eeprom"
    Aug 10 17:00:17 qcells-emsplus docker-loader[33385]:     },
    Aug 10 17:00:17 qcells-emsplus docker-loader[33385]:     {
    Aug 10 17:00:17 qcells-emsplus docker-loader[33385]:       "commands": {
    Aug 10 17:00:17 qcells-emsplus docker-loader[33385]:         "get": [
    Aug 10 17:00:17 qcells-emsplus docker-loader[33385]:           "srk_1_1",
    Aug 10 17:00:17 qcells-emsplus docker-loader[33385]:           "srk_1_2",
    Aug 10 17:00:17 qcells-emsplus docker-loader[33385]:           "srk_2_1",
    Aug 10 17:00:17 qcells-emsplus docker-loader[33385]:           "srk_2_2",
    Aug 10 17:00:17 qcells-emsplus docker-loader[33385]:           "srk_3_1",
    Aug 10 17:00:17 qcells-emsplus docker-loader[33385]:           "srk_3_2",
    Aug 10 17:00:17 qcells-emsplus docker-loader[33385]:           "srk_4_1",
    Aug 10 17:00:17 qcells-emsplus docker-loader[33385]:           "srk_4_2",
    Aug 10 17:00:17 qcells-emsplus docker-loader[33385]:           "status"
    Aug 10 17:00:17 qcells-emsplus docker-loader[33385]:         ],
    Aug 10 17:00:17 qcells-emsplus docker-loader[33385]:         "set": [
    Aug 10 17:00:17 qcells-emsplus docker-loader[33385]:           "clear_srk_1_1",
    Aug 10 17:00:17 qcells-emsplus docker-loader[33385]:           "clear_srk_1_2",
    Aug 10 17:00:17 qcells-emsplus docker-loader[33385]:           "clear_srk_2_1",
    Aug 10 17:00:17 qcells-emsplus docker-loader[33385]:           "clear_srk_2_2",
    Aug 10 17:00:17 qcells-emsplus docker-loader[33385]:           "clear_srk_3_1",
    Aug 10 17:00:17 qcells-emsplus docker-loader[33385]:           "clear_srk_3_2",
    Aug 10 17:00:17 qcells-emsplus docker-loader[33385]:           "clear_srk_4_1",
    Aug 10 17:00:17 qcells-emsplus docker-loader[33385]:           "clear_srk_4_2",
    Aug 10 17:00:17 qcells-emsplus docker-loader[33385]:           "flag",
    Aug 10 17:00:17 qcells-emsplus docker-loader[33385]:           "srk_1_1",
    Aug 10 17:00:17 qcells-emsplus docker-loader[33385]:           "srk_1_2",
    Aug 10 17:00:17 qcells-emsplus docker-loader[33385]:           "srk_2_1",
    Aug 10 17:00:17 qcells-emsplus docker-loader[33385]:           "srk_2_2",
    Aug 10 17:00:17 qcells-emsplus docker-loader[33385]:           "srk_3_1",
    Aug 10 17:00:17 qcells-emsplus docker-loader[33385]:           "srk_3_2",
    Aug 10 17:00:17 qcells-emsplus docker-loader[33385]:           "srk_4_1",
    Aug 10 17:00:17 qcells-emsplus docker-loader[33385]:           "srk_4_2"
    Aug 10 17:00:17 qcells-emsplus docker-loader[33385]:         ]
    Aug 10 17:00:17 qcells-emsplus docker-loader[33385]:       },
    Aug 10 17:00:17 qcells-emsplus docker-loader[33385]:       "instances": [
    Aug 10 17:00:17 qcells-emsplus docker-loader[33385]:         {
    Aug 10 17:00:17 qcells-emsplus docker-loader[33385]:           "id": 0,
    Aug 10 17:00:17 qcells-emsplus docker-loader[33385]:           "path": "/"
    Aug 10 17:00:17 qcells-emsplus docker-loader[33385]:         }
    Aug 10 17:00:17 qcells-emsplus docker-loader[33385]:       ],
    Aug 10 17:00:17 qcells-emsplus docker-loader[33385]:       "name": "fusing"
    Aug 10 17:00:17 qcells-emsplus docker-loader[33385]:     },
    Aug 10 17:00:17 qcells-emsplus docker-loader[33385]:     {
    Aug 10 17:00:17 qcells-emsplus docker-loader[33385]:       "commands": {
    Aug 10 17:00:17 qcells-emsplus docker-loader[33385]:         "get": [],
    Aug 10 17:00:17 qcells-emsplus docker-loader[33385]:         "set": [
    Aug 10 17:00:17 qcells-emsplus docker-loader[33385]:           "remount_readonly",
    Aug 10 17:00:17 qcells-emsplus docker-loader[33385]:           "stop_services"
    Aug 10 17:00:17 qcells-emsplus docker-loader[33385]:         ]
    Aug 10 17:00:17 qcells-emsplus docker-loader[33385]:       },
    Aug 10 17:00:17 qcells-emsplus docker-loader[33385]:       "instances": [
    Aug 10 17:00:17 qcells-emsplus docker-loader[33385]:         {
    Aug 10 17:00:17 qcells-emsplus docker-loader[33385]:           "id": 0,
    Aug 10 17:00:17 qcells-emsplus docker-loader[33385]:           "path": "/"
    Aug 10 17:00:17 qcells-emsplus docker-loader[33385]:         }
    Aug 10 17:00:17 qcells-emsplus docker-loader[33385]:       ],
    Aug 10 17:00:17 qcells-emsplus docker-loader[33385]:       "name": "safe_reboot"
    Aug 10 17:00:17 qcells-emsplus docker-loader[33385]:     },
    Aug 10 17:00:17 qcells-emsplus docker-loader[33385]:     {
    Aug 10 17:00:17 qcells-emsplus docker-loader[33385]:       "commands": {
    Aug 10 17:00:17 qcells-emsplus docker-loader[33385]:         "get": [
    Aug 10 17:00:17 qcells-emsplus docker-loader[33385]:           "fault",
    Aug 10 17:00:17 qcells-emsplus docker-loader[33385]:           "power_state"
    Aug 10 17:00:17 qcells-emsplus docker-loader[33385]:         ],
    Aug 10 17:00:17 qcells-emsplus docker-loader[33385]:         "set": [
    Aug 10 17:00:17 qcells-emsplus docker-loader[33385]:           "power_off",
    Aug 10 17:00:17 qcells-emsplus docker-loader[33385]:           "power_on"
    Aug 10 17:00:17 qcells-emsplus docker-loader[33385]:         ]
    Aug 10 17:00:17 qcells-emsplus docker-loader[33385]:       },
    Aug 10 17:00:17 qcells-emsplus docker-loader[33385]:       "instances": [
    Aug 10 17:00:17 qcells-emsplus docker-loader[33385]:         {
    Aug 10 17:00:17 qcells-emsplus docker-loader[33385]:           "id": 1,
    Aug 10 17:00:55 qcells-emsplus docker-loader[33385]:           "path": "/sys/devices/platform/usb1-vbus-consumer"
    Aug 10 17:00:55 qcells-emsplus docker-loader[33385]:         },
    Aug 10 17:00:55 qcells-emsplus docker-loader[33385]:         {
    Aug 10 17:00:55 qcells-emsplus docker-loader[33385]:           "id": 2,
    Aug 10 17:00:55 qcells-emsplus docker-loader[33385]:           "path": "/sys/devices/platform/usb2-vbus-consumer"
    Aug 10 17:00:55 qcells-emsplus docker-loader[33385]:         }
    Aug 10 17:00:55 qcells-emsplus docker-loader[33385]:       ],
    Aug 10 17:00:55 qcells-emsplus docker-loader[33385]:       "name": "usb"
    Aug 10 17:00:55 qcells-emsplus docker-loader[33385]:     }
    Aug 10 17:00:55 qcells-emsplus docker-loader[33385]:   ],
    Aug 10 17:00:55 qcells-emsplus docker-loader[33385]:   "status": "success"
    Aug 10 17:00:55 qcells-emsplus docker-loader[33385]: }
    Aug 10 17:00:55 qcells-emsplus docker-loader[33385]: [16:59:24:729][I][SM] Found LED component with instances: [{"id":0,"path":"/sys/class/leds/led1"},{"id":1,"path":"/sys/class/leds/led2"}]
    Aug 10 17:00:55 qcells-emsplus docker-loader[33385]: [16:59:24:729][I][SM] Discovered LED instance: 0
    Aug 10 17:00:55 qcells-emsplus docker-loader[33385]: [16:59:24:729][I][SM] Discovered LED instance: 1
    Aug 10 17:00:55 qcells-emsplus docker-loader[33385]: [16:59:24:729][I][SM] SysPeripherals initialization complete, found 2 LEDs
    Aug 10 17:00:55 qcells-emsplus docker-loader[33385]: [16:59:24:736][I][SM] WiFi manager thread starting event loop
    Aug 10 17:00:55 qcells-emsplus docker-loader[33385]: [16:59:24:739][I][SM] Boot: no saved WiFi network, connect_status=not_set
    Aug 10 17:00:55 qcells-emsplus docker-loader[33385]: [16:59:24:750][I][SM] Platform version DB write requested: mpu_version=X100807
    Aug 10 17:00:55 qcells-emsplus docker-loader[33385]: [07:59:24:772][I][API] [setupOpenAPI] OpenAPI setup completed successfully
    Aug 10 17:00:55 qcells-emsplus docker-loader[33385]: [16:59:24:779][I][AZ] Connected to MQTT broker
    Aug 10 17:00:55 qcells-emsplus docker-loader[33385]: [07:59:24:831][I][API] [bootSystem] Starting system initialization...
    Aug 10 17:00:55 qcells-emsplus docker-loader[33385]: [16:59:24:835][I][API] [initializeTimezone] process.env.TZ set to Asia/Seoul from /etc/timezone
    Aug 10 17:00:55 qcells-emsplus docker-loader[33385]: [16:59:24:852][I][API] [connectWithRetry] connectExternalServices: Attempt 1/30
    Aug 10 17:00:55 qcells-emsplus docker-loader[33385]: [16:59:24:854][I][API] [connectExternalServices] Connecting to external services...
    Aug 10 17:00:55 qcells-emsplus docker-loader[33385]: [16:59:24:864][I][SM] EEPROM SN DB write requested: EMS_Plus_Serial_Number=P321211F0019
    Aug 10 17:00:55 qcells-emsplus docker-loader[33385]: [16:59:24:863][I][API] [MqttCore:connect] Connecting to MQTT broker - mqtt://localhost:1883
    Aug 10 17:00:55 qcells-emsplus docker-loader[33385]: [16:59:24:872][I][API] [MqttCore:connect] Protocol version - 5
    Aug 10 17:00:55 qcells-emsplus docker-loader[33385]: [16:59:24:885][I][API] [MqttCore:connect] Client ID - ac_gen2_api
    Aug 10 17:00:55 qcells-emsplus docker-loader[33385]: [16:59:24:892][I][API] [MqttCore:connect] Keepalive - 120
    Aug 10 17:00:55 qcells-emsplus docker-loader[33385]: [16:59:24:883][I][SM] Configuration updated via update_configuration
    Aug 10 17:00:55 qcells-emsplus docker-loader[33385]: [16:59:24:893][I][API] [MqttCore:connect] Reconnect period - 1000
    Aug 10 17:00:55 qcells-emsplus docker-loader[33385]: [16:59:24:897][I][API] [MqttCore:connect] Connect timeout - 30000
    Aug 10 17:00:55 qcells-emsplus docker-loader[33385]: [16:59:24:944][I][SM] [Health] eMMC sysfs path discovered: /sys/bus/mmc/devices/mmc2:0001/
    Aug 10 17:00:55 qcells-emsplus docker-loader[33385]: [16:59:24:948][I][SM] Restoring cellular_data_enabled=false
    Aug 10 17:00:55 qcells-emsplus docker-loader[33385]: [16:59:24:996][I][SM] Boot: stopped quectel-cm (cellular disabled)
    Aug 10 17:00:55 qcells-emsplus docker-loader[33385]: [16:59:25:024][I][SM] Restoring ntp_enabled=true
    Aug 10 17:01:08 qcells-emsplus docker-loader[33385]: [16:59:26:071][I][ET] [handle_response_system_settings] Log level: 1
    Aug 10 17:01:08 qcells-emsplus docker-loader[33385]: [16:59:26:079][I][ET] Received energy_monitor_accum_data:
    Aug 10 17:01:08 qcells-emsplus docker-loader[33385]: {
    Aug 10 17:01:08 qcells-emsplus docker-loader[33385]:   "devices": [
    Aug 10 17:01:08 qcells-emsplus docker-loader[33385]:     {
    Aug 10 17:01:08 qcells-emsplus docker-loader[33385]:       "assetId": "5920259c-e6ff-4d31-9f9b-5a5c663548dd",
    Aug 10 17:01:08 qcells-emsplus docker-loader[33385]:       "dailyCumulativeValues": {
    Aug 10 17:01:08 qcells-emsplus docker-loader[33385]:         "battery_701_DailyWhAbs": 0.0,
    Aug 10 17:01:08 qcells-emsplus docker-loader[33385]:         "battery_701_DailyWhInj": 0.0,
    Aug 10 17:01:08 qcells-emsplus docker-loader[33385]:         "battery_714_DailyDCWhAbs": 0.0,
    Aug 10 17:01:08 qcells-emsplus docker-loader[33385]:         "battery_714_DailyDCWhInj": 0.0,
    Aug 10 17:01:08 qcells-emsplus docker-loader[33385]:         "extpv_701_DailyWhAbs": 0.0,
    Aug 10 17:01:08 qcells-emsplus docker-loader[33385]:         "pv_701_DailyWhAbs": 0.0
    Aug 10 17:01:08 qcells-emsplus docker-loader[33385]:       }
    Aug 10 17:01:08 qcells-emsplus docker-loader[33385]:     },
    Aug 10 17:01:08 qcells-emsplus docker-loader[33385]:     {
    Aug 10 17:01:08 qcells-emsplus docker-loader[33385]:       "assetId": "1c6c8562-955e-4bd1-bb4e-1656ca2317a5",
    Aug 10 17:01:08 qcells-emsplus docker-loader[33385]:       "dailyCumulativeValues": {
    Aug 10 17:01:08 qcells-emsplus docker-loader[33385]:         "pv_701_DailyWhAbs": 0.0
    Aug 10 17:01:08 qcells-emsplus docker-loader[33385]:       }
    Aug 10 17:01:08 qcells-emsplus docker-loader[33385]:     },
    Aug 10 17:01:08 qcells-emsplus docker-loader[33385]:     {
    Aug 10 17:01:08 qcells-emsplus docker-loader[33385]:       "assetId": "ba49edcc-76fc-45d6-b68b-269eb3a4b41e",
    Aug 10 17:01:08 qcells-emsplus docker-loader[33385]:       "dailyCumulativeValues": {
    Aug 10 17:01:08 qcells-emsplus docker-loader[33385]:         "pv_701_DailyWhAbs": 0.0
    Aug 10 17:01:08 qcells-emsplus docker-loader[33385]:       }
    Aug 10 17:01:08 qcells-emsplus docker-loader[33385]:     }
    Aug 10 17:01:08 qcells-emsplus docker-loader[33385]:   ],
    Aug 10 17:01:08 qcells-emsplus docker-loader[33385]:   "site": {
    Aug 10 17:01:08 qcells-emsplus docker-loader[33385]:     "assetId": "a2102559-45cb-4dc9-9b1a-495bb4571518",
    Aug 10 17:01:08 qcells-emsplus docker-loader[33385]:     "dailyCumulativeValues": {
    Aug 10 17:01:08 qcells-emsplus docker-loader[33385]:       "battery_200_DailyWhExp": 0.0,
    Aug 10 17:01:08 qcells-emsplus docker-loader[33385]:       "battery_200_DailyWhImp": 0.0,
    Aug 10 17:01:08 qcells-emsplus docker-loader[33385]:       "extpv_200_DailyWhExp": 0.0,
    Aug 10 17:01:08 qcells-emsplus docker-loader[33385]:       "grid_200_DailyWhExp": 0.0,
    Aug 10 17:01:08 qcells-emsplus docker-loader[33385]:       "grid_200_DailyWhImp": 0.0,
    Aug 10 17:01:08 qcells-emsplus docker-loader[33385]:       "load_200_DailyWhImp": 0.0,
    Aug 10 17:01:08 qcells-emsplus docker-loader[33385]:       "pv_200_DailyWhExp": 0.0
    Aug 10 17:01:08 qcells-emsplus docker-loader[33385]:     }
    Aug 10 17:01:08 qcells-emsplus docker-loader[33385]:   },
    Aug 10 17:01:08 qcells-emsplus docker-loader[33385]:   "timestamp": "2026-08-10T07:58:46Z",
    Aug 10 17:01:08 qcells-emsplus docker-loader[33385]:   "version": "0.1"
    Aug 10 17:01:08 qcells-emsplus docker-loader[33385]: }
    Aug 10 17:01:08 qcells-emsplus docker-loader[33385]: [16:59:26:079][W][ET] Configuration not ready yet, storing DB value for later restore
    Aug 10 17:01:08 qcells-emsplus docker-loader[33385]: [16:59:26:088][I][ET] DB initialization completed: all system_settings, persistent_states, and device_info are loaded
    Aug 10 17:01:08 qcells-emsplus docker-loader[33385]: [16:59:26:090][I][ER] handle_noti_ready source: energy_monitor
    Aug 10 17:01:08 qcells-emsplus docker-loader[33385]: [16:59:26:091][I][ER] Checking and executing dependencies for all applications
    Aug 10 17:01:08 qcells-emsplus docker-loader[33385]: [16:59:26:091][W][ET] Configuration is not ready, waiting 100ms...
    Aug 10 17:01:08 qcells-emsplus docker-loader[33385]: [16:59:26:191][W][ET] Configuration is not ready, waiting 100ms...
    Aug 10 17:01:08 qcells-emsplus docker-loader[33385]: [16:59:26:292][W][ET] Configuration is not ready, waiting 100ms...
    Aug 10 17:01:08 qcells-emsplus docker-loader[33385]: [16:59:26:304][I][SM] [RegistermapDataMgr] Register map updated: version=1, schemaVersion=1.0.0, protocolVersion(can/spi/installDoc/jf2)=0.99/1.02/1.67/2.8.4.8, 3 maps: qcells_mcu(4 groups), qcells_ess_g4(2 groups), qcells_mpu(4 groups)
    Aug 10 17:01:12 qcells-emsplus docker-loader[33385]: [16:59:26:357][I][SM] SiteJsonData cache built: 3 maps, 1402 registers, 8179 metrics
    Aug 10 17:01:12 qcells-emsplus docker-loader[33385]: [16:59:26:392][W][ET] Configuration is not ready, waiting 100ms...
    Aug 10 17:01:12 qcells-emsplus docker-loader[33385]: [16:59:26:492][W][ET] Configuration is not ready, waiting 100ms...
    Aug 10 17:01:12 qcells-emsplus docker-loader[33385]: [16:59:26:502][I][SM] NTP enabled successfully
    Aug 10 17:01:12 qcells-emsplus docker-loader[33385]: [16:59:26:592][W][ET] Configuration is not ready, waiting 100ms...
    Aug 10 17:01:12 qcells-emsplus docker-loader[33385]: [16:59:26:693][W][ET] Configuration is not ready, waiting 100ms...
    Aug 10 17:01:12 qcells-emsplus docker-loader[33385]: [16:59:26:793][W][ET] Configuration is not ready, waiting 100ms...
    Aug 10 17:01:12 qcells-emsplus docker-loader[33385]: [16:59:26:893][W][ET] Configuration is not ready, waiting 100ms...
    Aug 10 17:01:12 qcells-emsplus docker-loader[33385]: [16:59:26:997][W][ET] Configuration is not ready, waiting 100ms...
    Aug 10 17:01:12 qcells-emsplus docker-loader[33385]: [16:59:27:097][W][ET] Configuration is not ready, waiting 100ms...
    Aug 10 17:01:12 qcells-emsplus docker-loader[33385]: [16:59:27:197][W][ET] Configuration is not ready, waiting 100ms...
    Aug 10 17:01:12 qcells-emsplus docker-loader[33385]: [16:59:27:298][W][ET] Configuration is not ready, waiting 100ms...
    Aug 10 17:01:12 qcells-emsplus docker-loader[33385]: [16:59:27:370][I][ET] [RegistermapDataMgr] Register map updated: version=1, schemaVersion=1.0.0, protocolVersion(can/spi/installDoc/jf2)=0.99/1.02/1.67/2.8.4.8, 3 maps: qcells_mcu(4 groups), qcells_ess_g4(2 groups), qcells_mpu(4 groups)
    Aug 10 17:01:12 qcells-emsplus docker-loader[33385]: [16:59:27:398][W][ET] Configuration is not ready, waiting 100ms...
    Aug 10 17:01:12 qcells-emsplus docker-loader[33385]: [16:59:27:443][I][ET] SiteJsonData cache built: 3 maps, 1402 registers, 8179 metrics
    Aug 10 17:01:12 qcells-emsplus docker-loader[33385]: [16:59:27:444][W][ET] Unhandled response for service: get_register_map_json
    Aug 10 17:01:12 qcells-emsplus docker-loader[33385]: [16:59:27:454][I][AZ] Configuration updated via update_configuration
    Aug 10 17:01:12 qcells-emsplus docker-loader[33385]: [16:59:27:485][I][ER] handle_noti_ready source: azure_connector
    Aug 10 17:01:12 qcells-emsplus docker-loader[33385]: [16:59:27:485][I][ER] Checking and executing dependencies for all applications
    Aug 10 17:01:12 qcells-emsplus docker-loader[33385]: [16:59:27:490][I][AZ] DB initialization completed: all system_settings, persistent_states, and device_info are loaded
    Aug 10 17:01:12 qcells-emsplus docker-loader[33385]: [16:59:27:491][I][AZ] Commissioning progress is not set, will start connection threads after next commissioning step
    Aug 10 17:01:12 qcells-emsplus docker-loader[33385]: [16:59:27:491][I][AZ] AzureConnector start completed
    Aug 10 17:01:12 qcells-emsplus docker-loader[33385]: [16:59:27:495][I][AZ] [handle_response_system_settings] DPS ID scope:
    Aug 10 17:01:12 qcells-emsplus docker-loader[33385]: [68B blob data]
    Aug 10 17:01:12 qcells-emsplus docker-loader[33385]: [16:59:27:498][W][ET] Configuration is not ready, waiting 100ms...
    Aug 10 17:01:12 qcells-emsplus docker-loader[33385]: [16:59:27:598][W][ET] Configuration is not ready, waiting 100ms...
    Aug 10 17:01:12 qcells-emsplus docker-loader[33385]: [16:59:27:616][I][SM] Internet connection established
    Aug 10 17:01:12 qcells-emsplus docker-loader[33385]: [16:59:27:632][I][ET] Configuration updated via update_configuration
    Aug 10 17:01:12 qcells-emsplus docker-loader[33385]: [16:59:27:689][I][SM] Initial network snapshot collected
    Aug 10 17:01:12 qcells-emsplus docker-loader[33385]: [16:59:27:690][I][SM] System info monitoring thread started
    Aug 10 17:01:12 qcells-emsplus docker-loader[33385]: [16:59:27:691][I][SM] Internet status monitoring thread started
    Aug 10 17:01:12 qcells-emsplus docker-loader[33385]: [16:59:27:692][I][SM] Security monitoring thread started
    Aug 10 17:01:12 qcells-emsplus docker-loader[33385]: [16:59:27:692][I][SM] Health monitoring thread started
    Aug 10 17:01:12 qcells-emsplus docker-loader[33385]: [16:59:27:694][I][SM] Security monitoring started - daily check at 2 AM
    Aug 10 17:01:12 qcells-emsplus docker-loader[33385]: [16:59:27:694][I][SM] System info monitoring started - interval: 60 seconds
    Aug 10 17:01:12 qcells-emsplus docker-loader[33385]: [16:59:27:694][I][ER] handle_noti_ready source: sys_manager
    Aug 10 17:01:12 qcells-emsplus docker-loader[33385]: [16:59:27:694][I][ER] Checking and executing dependencies for all applications
    Aug 10 17:01:12 qcells-emsplus docker-loader[33385]: [16:59:27:694][I][ER] start_child_app started : device_manager
    Aug 10 17:01:12 qcells-emsplus docker-loader[33385]: [16:59:27:699][I][ET] Configuration is ready
    Aug 10 17:01:12 qcells-emsplus docker-loader[33385]: [16:59:27:699][I][ET] Configuration Document
    Aug 10 17:01:12 qcells-emsplus docker-loader[33385]: [16:59:27:699][I][ET]   Version: 0
    Aug 10 17:01:12 qcells-emsplus docker-loader[33385]: [16:59:27:699][I][ET]   Last Modified By: factory
    Aug 10 17:01:12 qcells-emsplus docker-loader[33385]: [16:59:27:699][I][ET]   Last Modified At: 1756087205
    Aug 10 17:01:12 qcells-emsplus docker-loader[33385]: [16:59:27:699][I][ET]   Common Telemetry Version: 1.1
    Aug 10 17:01:12 qcells-emsplus docker-loader[33385]: [16:59:27:699][I][ET]   Device Count: 6
    Aug 10 17:01:12 qcells-emsplus docker-loader[33385]: [16:59:27:699][I][ET] Configuration is now ready, attempting deferred restore of DailyCumulative values from DB
    Aug 10 17:01:12 qcells-emsplus docker-loader[33385]: [16:59:27:699][I][ET] Initializing DailyCumulative values from saved data
    Aug 10 17:01:12 qcells-emsplus docker-loader[33385]: [16:59:27:699][I][ET] Restoring site daily values for assetId: a2102559-45cb-4dc9-9b1a-495bb4571518
    Aug 10 17:01:12 qcells-emsplus docker-loader[33385]: [16:59:27:699][I][ET] Restored 7 DailyCumulative metrics for device a2102559-45cb-4dc9-9b1a-495bb4571518 (skipped: 0)
    Aug 10 17:01:12 qcells-emsplus docker-loader[33385]: [16:59:27:699][I][ET] Restoring device daily values for assetId: 5920259c-e6ff-4d31-9f9b-5a5c663548dd
    Aug 10 17:01:12 qcells-emsplus docker-loader[33385]: [16:59:27:699][I][ET] Restored 6 DailyCumulative metrics for device 5920259c-e6ff-4d31-9f9b-5a5c663548dd (skipped: 0)
    Aug 10 17:01:12 qcells-emsplus docker-loader[33385]: [16:59:27:699][I][ET] Restoring device daily values for assetId: 1c6c8562-955e-4bd1-bb4e-1656ca2317a5
    Aug 10 17:01:12 qcells-emsplus docker-loader[33385]: [16:59:27:699][I][ET] Restored 1 DailyCumulative metrics for device 1c6c8562-955e-4bd1-bb4e-1656ca2317a5 (skipped: 0)
    Aug 10 17:01:12 qcells-emsplus docker-loader[33385]: [16:59:27:699][I][ET] Restoring device daily values for assetId: ba49edcc-76fc-45d6-b68b-269eb3a4b41e
    Aug 10 17:01:13 qcells-emsplus docker-loader[33385]: [16:59:27:699][I][ET] Restored 1 DailyCumulative metrics for device ba49edcc-76fc-45d6-b68b-269eb3a4b41e (skipped: 0)
    Aug 10 17:01:13 qcells-emsplus docker-loader[33385]: [16:59:27:699][I][ET] Initializing Cumulative (lifetime) values from saved data
    Aug 10 17:01:13 qcells-emsplus docker-loader[33385]: [16:59:27:699][I][ET] Stateful cumulative values initialized. Total processed_metrics_ entries: 15, DailyCumulative entries with values > 0: 0, Cumulative entries with values > 0: 0
    Aug 10 17:01:13 qcells-emsplus docker-loader[33385]: [16:59:27:699][I][ET] Successfully restored DailyCumulative values from DB (deferred restore)
    Aug 10 17:01:13 qcells-emsplus docker-loader[33385]: [16:59:27:703][I][ET] Registered 3 DB-backed metric path(s)
    Aug 10 17:01:13 qcells-emsplus docker-loader[33385]: [16:59:27:705][I][ET] Cached 46 telemetry metric path(s)[16:59:27:705][I][ET] , 3 DB-backed metric path(s)
    Aug 10 17:01:13 qcells-emsplus docker-loader[33385]: [16:59:27:707][I][ET] Initialized 48 metric timers
    Aug 10 17:01:13 qcells-emsplus docker-loader[33385]: [16:59:27:707][I][ET] Starting telemetry reporting thread...
    Aug 10 17:01:13 qcells-emsplus docker-loader[33385]: [16:59:27:708][I][SM] Internet status monitoring started - interval: 30 seconds
    Aug 10 17:01:13 qcells-emsplus docker-loader[33385]: [16:59:27:708][I][SM] Connected to host_agent via UDS (slot 1)
    Aug 10 17:01:13 qcells-emsplus docker-loader[33385]: [16:59:27:711][I][ER] Spawn App: device_manager
    Aug 10 17:01:13 qcells-emsplus docker-loader[33385]: [16:59:27:711][I][ER] app_fork - pid: 140
    Aug 10 17:01:13 qcells-emsplus docker-loader[33385]: [16:59:27:723][I][SM] CPU core count from host: 4
    Aug 10 17:01:13 qcells-emsplus docker-loader[33385]: [16:59:27:723][I][SM] Health monitoring started - interval: 300 seconds
    Aug 10 17:01:13 qcells-emsplus docker-loader[33385]: [16:59:27:737][I][SM] Fallback state initialized for 2 interfaces
    Aug 10 17:01:13 qcells-emsplus docker-loader[33385]: [16:59:27:759][I][ET] Telemetry reporting thread started
    Aug 10 17:01:13 qcells-emsplus docker-loader[33385]: [16:59:27:754][I][ET] Telemetry reporting thread created successfully
    Aug 10 17:01:13 qcells-emsplus docker-loader[33385]: [16:59:27:785][I][ET] EnergyMonitor application started successfully
    Aug 10 17:01:13 qcells-emsplus docker-loader[33385]: [16:59:27:769][I][DM] App is ready
    Aug 10 17:01:13 qcells-emsplus docker-loader[33385]: [16:59:27:824][I][SM] Fallback: Set eth0 metric to 10
    Aug 10 17:01:13 qcells-emsplus docker-loader[33385]: [16:59:27:824][I][SM]   eth0 (ethernet) metric=10 [enforced]
    Aug 10 17:01:13 qcells-emsplus docker-loader[33385]: [16:59:27:847][I][SM] Fallback: Set mlan0 metric to 20
    Aug 10 17:01:13 qcells-emsplus docker-loader[33385]: [16:59:27:847][I][SM]   mlan0 (wifi) metric=20 [enforced]
    Aug 10 17:01:13 qcells-emsplus docker-loader[33385]: [16:59:27:939][I][SM] Fallback: eth0 internet restored
    Aug 10 17:01:13 qcells-emsplus docker-loader[33385]: [07:59:28:458][I][WI] HTTPS Server is running on port 9112
    Aug 10 17:01:13 qcells-emsplus docker-loader[33385]: [07:59:28:464][I][WI] [bootSystem] Starting system boot...
    Aug 10 17:01:13 qcells-emsplus docker-loader[33385]: [07:59:28:466][I][WI] [initializeOnce] Setting up signal handlers and logger...
    Aug 10 17:01:13 qcells-emsplus docker-loader[33385]: [16:59:28:471][I][WI] [initializeTimezone] process.env.TZ set to Asia/Seoul from /etc/timezone
    Aug 10 17:01:13 qcells-emsplus docker-loader[33385]: [16:59:28:475][I][WI] [bootSystem] Boot round 1, starting from step index 0 ("initializeMqttResponseManager")
    Aug 10 17:01:13 qcells-emsplus docker-loader[33385]: [16:59:28:478][I][WI] [runStepWithRetry] initializeMqttResponseManager: Attempt 1/1
    Aug 10 17:01:13 qcells-emsplus docker-loader[33385]: [16:59:28:481][I][WI] [runStepWithRetry] initializeMqttResponseManager: Success.
    Aug 10 17:01:13 qcells-emsplus docker-loader[33385]: [16:59:28:482][I][WI] [runStepWithRetry] connectExternalServices: Attempt 1/30
    Aug 10 17:01:13 qcells-emsplus docker-loader[33385]: [16:59:28:486][I][WI] [connectExternalServices] Connecting to external services...
    Aug 10 17:01:13 qcells-emsplus docker-loader[33385]: [16:59:28:489][I][WI] [MqttCore:connect] Connecting to MQTT broker - mqtt://localhost:1883
    Aug 10 17:01:13 qcells-emsplus docker-loader[33385]: [16:59:28:490][I][WI] [MqttCore:connect] Protocol version - 5
    Aug 10 17:01:13 qcells-emsplus docker-loader[33385]: [16:59:28:491][I][WI] [MqttCore:connect] Client ID - web_interface
    Aug 10 17:01:13 qcells-emsplus docker-loader[33385]: [16:59:28:492][I][WI] [MqttCore:connect] Keepalive - 120
    Aug 10 17:01:13 qcells-emsplus docker-loader[33385]: [16:59:28:493][I][WI] [MqttCore:connect] Reconnect period - 1000
    Aug 10 17:01:13 qcells-emsplus docker-loader[33385]: [16:59:28:495][I][WI] [MqttCore:connect] Connect timeout - 30000
    Aug 10 17:01:13 qcells-emsplus docker-loader[33385]: [16:59:28:781][I][AZ] [RegistermapDataMgr] Register map updated: version=1, schemaVersion=1.0.0, protocolVersion(can/spi/installDoc/jf2)=0.99/1.02/1.67/2.8.4.8, 3 maps: qcells_mcu(4 groups), qcells_ess_g4(2 groups), qcells_mpu(4 groups)
    Aug 10 17:01:13 qcells-emsplus docker-loader[33385]: [16:59:28:814][I][SM] Internet: Connected (RTT: 33ms)
    Aug 10 17:01:13 qcells-emsplus docker-loader[33385]: [16:59:28:815][I][DM] Connected to MQTT broker
    Aug 10 17:01:13 qcells-emsplus docker-loader[33385]: [16:59:28:845][I][AZ] SiteJsonData cache built: 3 maps, 1402 registers, 8179 metrics
    Aug 10 17:01:13 qcells-emsplus docker-loader[33385]: [16:59:28:846][I][DM] device_connection received: [{"connected":true,"intended_disconnect":false,"protocol":"QcellsSPI","protocol_rid":"bdeaca72-cffd-45ec-9d1b-bdab714c3673"},{"connected":false,"intended_disconnect":false,"protocol":"CAN","protocol_rid":"d084d68a-5204-4617-92f6-6c95a7d7278f"}]
    Aug 10 17:01:13 qcells-emsplus docker-loader[33385]: [16:59:28:852][I][SM] [Health] metrics: boot:boot_count=0.0 boot:uptime_seconds=8094.6 connectivity:host_agent_disconnected=false connectivity:internet_disconnected=false hardware:cpu_temperature=51.0 resource:cpu_usage=32.8 resource:fd_max=2147483647 resource:fd_usage_pct=0.0 resource:fd_used=992 resource:memory_usage=34.3 resource:oom_kill_delta=0 resource:process_fd_max=24 resource:process_fd_max_name=db_manager resource:zombie_count=0 storage:disk_usage=24.7 storage:emmc_life_a=10.0 storage:emmc_life_b=10.0 storage:emmc_pre_eol=1.0 storage:filesystem_ro=false time:ntp_synchronized=true
    Aug 10 17:01:13 qcells-emsplus docker-loader[33385]: [16:59:28:853][I][SM] [IPC pub noti] network_info {"data":{"active_interface":"ethernet","interfaces":{"ethernet":{"internet":true,"ip_assigned":true,"physical":true},"wifi":{"internet":false,"ip_assigned":false,"physical":true,"signal_bar":0,"ssid":""}}},"status":"success"}
    Aug 10 17:01:13 qcells-emsplus docker-loader[33385]: [16:59:28:853][I][EL] Registered wrapper app: device_manager
    Aug 10 17:01:13 qcells-emsplus docker-loader[33385]: [16:59:28:857][W][ET] Unknown service for notification: network_info
    Aug 10 17:01:13 qcells-emsplus docker-loader[33385]: [16:59:28:861][I][DM] wrapper registration confirmed by energy_link
    Aug 10 17:01:13 qcells-emsplus docker-loader[33385]: [16:59:28:862][I][DM] Early wrapper registration sent
    Aug 10 17:01:13 qcells-emsplus docker-loader[33385]: [16:59:28:862][I][DM] [LinkFault] CAN -> E00201F OCCURRED deferred until all_apps_ready
    Aug 10 17:01:13 qcells-emsplus docker-loader[33385]: [16:59:28:863][I][SM] Network fallback: none -> ethernet (reason: interface_up)
    Aug 10 17:01:13 qcells-emsplus docker-loader[33385]: [16:59:28:863][I][SM] [IPC pub noti] internet_status {"data":{"active_interface":"ethernet","is_connected":true,"response_time_ms":33.0,"timestamp":1786348768},"status":"success"}
    Aug 10 17:01:13 qcells-emsplus docker-loader[33385]: [16:59:28:867][I][SM] [IPC pub noti] ethernet_status {"data":{"config":{"gateway":"192.168.10.8","ip":"192.168.10.25","method":"dhcp","netmask":"24"},"connectivity":{"internet":true,"ip_assigned":true,"physical":true},"info":{"mac":"44:b7:d0:cc:0a:21","speed":100}},"status":"success"}
    Aug 10 17:01:13 qcells-emsplus docker-loader[33385]: [16:59:28:867][W][ET] Unknown service for notification: internet_status
    Aug 10 17:01:13 qcells-emsplus docker-loader[33385]: [16:59:28:872][W][ET] Unknown service for notification: ethernet_status
    Aug 10 17:01:13 qcells-emsplus docker-loader[33385]: [16:59:28:874][I][SM] [IPC pub noti] wifi_status {"data":{"config":{"ip":"","method":"dhcp"},"connect_status":"not_set","connectivity":{"internet":false,"ip_assigned":false,"physical":true},"info":{"bssid":"","rssi":-100,"security":"","ssid":""}},"status":"success"}
    Aug 10 17:01:13 qcells-emsplus docker-loader[33385]: [16:59:28:878][W][ET] Unknown service for notification: wifi_status
    Aug 10 17:01:13 qcells-emsplus docker-loader[33385]: [16:59:28:880][I][SM] [IPC pub noti] cellular_status {"data":{"config":{"activation_enabled":false,"apn":"","roaming":false},"connectivity":{"internet":false,"ip_assigned":false,"physical":false},"info":{"carrier":"","network_type":"lte","rssi":-999,"signal_bar":0,"sim_status":"unknown"}},"status":"success"}
    Aug 10 17:01:13 qcells-emsplus docker-loader[33385]: [16:59:28:885][W][ET] Unknown service for notification: cellular_status
    Aug 10 17:01:13 qcells-emsplus docker-loader[33385]: [16:59:28:942][I][DM] [on_persistent_states_loaded]
    Aug 10 17:01:13 qcells-emsplus docker-loader[33385]: [16:59:28:942][I][DM] Loaded MIScanResult from DB: mi_count=0
    Aug 10 17:01:13 qcells-emsplus docker-loader[33385]: [16:59:28:948][I][DM] [on_device_info_loaded]
    Aug 10 17:01:13 qcells-emsplus docker-loader[33385]: [16:59:28:949][I][DM] [PCS SN] product_serial_number changed (mcu_complete=0)
    Aug 10 17:01:13 qcells-emsplus docker-loader[33385]: [16:59:28:969][I][DM] MI monitoring publisher started
    Aug 10 17:01:13 qcells-emsplus docker-loader[33385]: [16:59:28:970][I][DM] DB initialization completed: all system_settings, persistent_states, and device_info are loaded
    Aug 10 17:01:13 qcells-emsplus docker-loader[33385]: [16:59:28:970][I][DM] on-demand worker started
    Aug 10 17:01:13 qcells-emsplus docker-loader[33385]: [16:59:28:971][I][ER] handle_noti_ready source: device_manager
    Aug 10 17:01:13 qcells-emsplus docker-loader[33385]: [16:59:28:971][I][ER] Checking and executing dependencies for all applications
    Aug 10 17:01:13 qcells-emsplus docker-loader[33385]: [16:59:28:971][I][ER] start_child_app started : cloud_broker
    Aug 10 17:01:13 qcells-emsplus docker-loader[33385]: [16:59:28:974][I][DM] [on_system_settings_loaded]
    Aug 10 17:01:13 qcells-emsplus docker-loader[33385]: [16:59:28:977][I][DM] log_level_mcu change deferred until MCU handshake complete
    Aug 10 17:01:13 qcells-emsplus docker-loader[33385]: [16:59:28:978][I][DM] periodic telemetry publisher started
    Aug 10 17:01:13 qcells-emsplus docker-loader[33385]: [16:59:28:979][I][DM] [DM] Ext_CT_Installed_Point raw="0" bits=0x0 rogowski_grid=0 rogowski_load=0
    Aug 10 17:01:13 qcells-emsplus docker-loader[33385]: [16:59:28:980][I][DM] MI monitoring interval: 900 sec
    Aug 10 17:01:13 qcells-emsplus docker-loader[33385]: [16:59:28:987][I][ER] Spawn App: cloud_broker
    Aug 10 17:01:13 qcells-emsplus docker-loader[33385]: [16:59:28:988][I][ER] app_fork - pid: 155
    Aug 10 17:01:13 qcells-emsplus docker-loader[33385]: [16:59:28:988][I][ER] start_child_app started : diag_monitor
    Aug 10 17:01:13 qcells-emsplus docker-loader[33385]: [16:59:28:990][W][DM] dispatch_metrics called before init_metric_dispatch
    Aug 10 17:01:13 qcells-emsplus docker-loader[33385]: [16:59:28:995][I][DM] simulation_mode changed: disabled
    Aug 10 17:01:14 qcells-emsplus docker-loader[33385]: [16:59:28:996][I][EL] Received request_start_devices from device_manager payload=null
    Aug 10 17:01:14 qcells-emsplus docker-loader[33385]: [16:59:28:996][I][EL] Devices already running (2), skip create
    Aug 10 17:01:14 qcells-emsplus docker-loader[33385]: [16:59:28:997][I][DM] device start confirmed by energy_link
    Aug 10 17:01:14 qcells-emsplus docker-loader[33385]: [16:59:28:997][I][ER] Spawn App: diag_monitor
    Aug 10 17:01:14 qcells-emsplus docker-loader[33385]: [16:59:28:997][I][ER] app_fork - pid: 156
    Aug 10 17:01:14 qcells-emsplus docker-loader[33385]: [16:59:28:997][I][ER] start_child_app started : energy_dispatcher
    Aug 10 17:01:14 qcells-emsplus docker-loader[33385]: [16:59:28:997][I][DM] [on_system_settings_loaded] mi_monitoring_interval set to 900 sec in DB
    Aug 10 17:01:14 qcells-emsplus docker-loader[33385]: [16:59:29:010][I][ER] Spawn App: energy_dispatcher
    Aug 10 17:01:14 qcells-emsplus docker-loader[33385]: [16:59:29:010][I][ER] app_fork - pid: 157
    Aug 10 17:01:14 qcells-emsplus docker-loader[33385]: [16:59:29:010][I][ER] start_child_app started : system_log
    Aug 10 17:01:14 qcells-emsplus docker-loader[33385]: [16:59:29:016][I][ER] Spawn App: system_log
    Aug 10 17:01:14 qcells-emsplus docker-loader[33385]: [16:59:29:016][I][ER] app_fork - pid: 158
    Aug 10 17:01:14 qcells-emsplus docker-loader[33385]: [16:59:29:029][I][DI] [DiagMonitor]
    Aug 10 17:01:14 qcells-emsplus docker-loader[33385]: [16:59:29:029][I][DI] [initialize_ipc_handlers]
    Aug 10 17:01:14 qcells-emsplus docker-loader[33385]: [16:59:29:029][I][DI] App is ready
    Aug 10 17:01:14 qcells-emsplus docker-loader[33385]: [16:59:29:049][I][SL] App is ready
    Aug 10 17:01:14 qcells-emsplus docker-loader[33385]: [16:59:29:055][I][ED] EnergyDataStore initialized
    Aug 10 17:01:14 qcells-emsplus docker-loader[33385]: [16:59:29:056][I][ED] data_store_ready in EnergyDataStore
    Aug 10 17:01:14 qcells-emsplus docker-loader[33385]: [16:59:29:056][I][ED] [EnergyParser] Initialized
    Aug 10 17:01:14 qcells-emsplus docker-loader[33385]: [16:59:29:056][I][ED] [EnergyScheduler] Initialized
    Aug 10 17:01:14 qcells-emsplus docker-loader[33385]: [16:59:29:056][I][ED] App is ready
    Aug 10 17:01:14 qcells-emsplus docker-loader[33385]: [16:59:29:051][I][CB] BlobUploadDirector constructed
    Aug 10 17:01:14 qcells-emsplus docker-loader[33385]: [16:59:29:058][I][CB] App is ready
    Aug 10 17:01:14 qcells-emsplus docker-loader[33385]: [16:59:29:090][I][DM] Configuration updated via update_configuration
    Aug 10 17:01:14 qcells-emsplus docker-loader[33385]: [16:59:29:141][I][WI] [MqttCore:connect] MQTT initial connection established.
    Aug 10 17:01:14 qcells-emsplus docker-loader[33385]: [16:59:29:162][I][WI] [MqttCore:subscribe]  Success to subscribe to MQTT topic - emsp/web_interface/+/req/# 1
    Aug 10 17:01:14 qcells-emsplus docker-loader[33385]: [16:59:29:168][I][WI] [subscribeOrThrow] Successfully subscribed to emsp/web_interface/+/req/#
    Aug 10 17:01:14 qcells-emsplus docker-loader[33385]: [16:59:29:173][I][WI] [MqttCore:subscribe]  Success to subscribe to MQTT topic - emsp/web_interface/+/res/# 1
    Aug 10 17:01:14 qcells-emsplus docker-loader[33385]: [16:59:29:174][I][WI] [subscribeOrThrow] Successfully subscribed to emsp/web_interface/+/res/#
    Aug 10 17:01:14 qcells-emsplus docker-loader[33385]: [16:59:29:203][I][WI] [MqttCore:subscribe]  Success to subscribe to MQTT topic - emsp/web_interface/+/noti/# 1
    Aug 10 17:01:14 qcells-emsplus docker-loader[33385]: [16:59:29:204][I][WI] [subscribeOrThrow] Successfully subscribed to emsp/web_interface/+/noti/#
    Aug 10 17:01:14 qcells-emsplus docker-loader[33385]: [16:59:29:209][I][WI] [MqttCore:subscribe]  Success to subscribe to MQTT topic - emsp/web_interface_ws/+/req/# 1
    Aug 10 17:01:14 qcells-emsplus docker-loader[33385]: [16:59:29:211][I][WI] [subscribeOrThrow] Successfully subscribed to emsp/web_interface_ws/+/req/#
    Aug 10 17:01:14 qcells-emsplus docker-loader[33385]: [16:59:29:217][I][WI] [MqttCore:subscribe]  Success to subscribe to MQTT topic - emsp/web_interface_ws/+/res/# 1
    Aug 10 17:01:14 qcells-emsplus docker-loader[33385]: [16:59:29:218][I][WI] [subscribeOrThrow] Successfully subscribed to emsp/web_interface_ws/+/res/#
    Aug 10 17:01:14 qcells-emsplus docker-loader[33385]: [16:59:29:222][I][WI] [MqttCore:subscribe]  Success to subscribe to MQTT topic - emsp/web_interface_ws/+/noti/# 1
    Aug 10 17:01:14 qcells-emsplus docker-loader[33385]: [16:59:29:224][I][WI] [subscribeOrThrow] Successfully subscribed to emsp/web_interface_ws/+/noti/#
    Aug 10 17:01:14 qcells-emsplus docker-loader[33385]: [16:59:29:249][I][WI] [MqttCore:subscribe]  Success to subscribe to MQTT topic - emsp/all/+/noti/# 1
    Aug 10 17:01:14 qcells-emsplus docker-loader[33385]: [16:59:29:251][I][WI] [subscribeOrThrow] Successfully subscribed to emsp/all/+/noti/#
    Aug 10 17:01:14 qcells-emsplus docker-loader[33385]: [16:59:29:252][I][WI] [connectExternalServices] All external services connected successfully!
    Aug 10 17:01:14 qcells-emsplus docker-loader[33385]: [16:59:29:252][I][WI] [runStepWithRetry] connectExternalServices: Success.
    Aug 10 17:01:14 qcells-emsplus docker-loader[33385]: [16:59:29:253][I][WI] [runStepWithRetry] checkAllAppsReadyStatus: Attempt 1/30
    Aug 10 17:01:14 qcells-emsplus docker-loader[33385]: [16:59:29:254][I][WI] [PlatformService:getAllAppsReadyStatus] Getting all apps ready status
    Aug 10 17:01:14 qcells-emsplus docker-loader[33385]: [16:59:29:283][I][ER] handle_req_all_apps_ready_status
    Aug 10 17:01:14 qcells-emsplus docker-loader[33385]: [16:59:29:304][I][WI] [PlatformService:getAllAppsReadyStatus] All apps are ready status: {"is_ready":false}
    Aug 10 17:01:14 qcells-emsplus docker-loader[33385]: [16:59:29:306][W][WI] [runStepWithRetry] checkAllAppsReadyStatus: Attempt 1 failed: All apps are not yet ready
    Aug 10 17:01:14 qcells-emsplus docker-loader[33385]: [16:59:29:307][I][WI] [runStepWithRetry] checkAllAppsReadyStatus: Retrying in 1s...
    Aug 10 17:01:14 qcells-emsplus docker-loader[33385]: [16:59:29:883][I][DM] [RegistermapDataMgr] Register map updated: version=1, schemaVersion=1.0.0, protocolVersion(can/spi/installDoc/jf2)=0.99/1.02/1.67/2.8.4.8, 3 maps: qcells_mcu(4 groups), qcells_ess_g4(2 groups), qcells_mpu(4 groups)
    Aug 10 17:01:14 qcells-emsplus docker-loader[33385]: [16:59:29:909][I][DM] SiteJsonData cache built: 3 maps, 1402 registers, 8179 metrics
    Aug 10 17:01:14 qcells-emsplus docker-loader[33385]: [16:59:29:963][I][DM] Site data ready, start connection threads
    Aug 10 17:01:14 qcells-emsplus docker-loader[33385]: [16:59:29:976][I][DM] MCU handler loop started (1 sec interval)
    Aug 10 17:01:14 qcells-emsplus docker-loader[33385]: [16:59:29:977][I][DM] QcellsSPI connected, starting MCU init
    Aug 10 17:01:14 qcells-emsplus docker-loader[33385]: [16:59:29:977][I][DM] send_mpu_startup_status: S
    Aug 10 17:01:14 qcells-emsplus docker-loader[33385]: [16:59:29:980][I][DM] PCS heartbeat loop started (1 sec interval)
    Aug 10 17:01:14 qcells-emsplus docker-loader[33385]: [16:59:29:980][I][DM] MI handler loop started
    Aug 10 17:01:14 qcells-emsplus docker-loader[33385]: [16:59:29:983][I][DM] [PcsFaultMon] loop started
    Aug 10 17:01:14 qcells-emsplus docker-loader[33385]: [16:59:29:991][I][DM] MCU state: 0 -> 1
    Aug 10 17:01:14 qcells-emsplus docker-loader[33385]: [16:59:30:000][I][DM] MCU log loop started
    Aug 10 17:01:14 qcells-emsplus docker-loader[33385]: [16:59:29:992][I][DM] MI init loop started
    Aug 10 17:01:14 qcells-emsplus docker-loader[33385]: [16:59:30:069][I][DM] PLC_Operation_Status: new  OPERATION_IDLE(0x8000, comm_proc=0, comm_done=0)
    Aug 10 17:01:14 qcells-emsplus docker-loader[33385]: [16:59:30:071][I][DM] [PCS SN] trigger read PCS1_SN (changed=1 out_of_sync=1 db="" expected="000000000000000000")
    Aug 10 17:01:14 qcells-emsplus docker-loader[33385]: [16:59:30:094][I][CB] Connected to MQTT broker
    Aug 10 17:01:14 qcells-emsplus docker-loader[33385]: [16:59:30:100][I][CB] CloudBroker start
    Aug 10 17:01:14 qcells-emsplus docker-loader[33385]: [16:59:30:133][I][CB] DB initialization completed: all system_settings, persistent_states, and device_info are loaded
    Aug 10 17:01:14 qcells-emsplus docker-loader[33385]: [16:59:30:135][I][CB] log_level_cb=1
    Aug 10 17:01:14 qcells-emsplus docker-loader[33385]: [16:59:30:135][I][CB] product_serial_number not yet provisioned
    Aug 10 17:01:14 qcells-emsplus docker-loader[33385]: [16:59:30:136][W][CB] [CloudBroker::start] Failed to sync device RID from site config
    Aug 10 17:01:14 qcells-emsplus docker-loader[33385]: [16:59:30:136][W][CB] push_identity_to_azure_connector: edge_device_id not ready, skipping
    Aug 10 17:01:14 qcells-emsplus docker-loader[33385]: [16:59:30:136][I][CB] pushing delivery profiles to azure_connector (count=3)
    Aug 10 17:01:14 qcells-emsplus docker-loader[33385]: [16:59:30:151][I][AZ] [handle_request_set_delivery_profiles] source: cloud_broker
    Aug 10 17:01:14 qcells-emsplus docker-loader[33385]: [16:59:30:151][I][AZ] [IothubDB] Table iothub_msgs_telemetry ready
    Aug 10 17:01:14 qcells-emsplus docker-loader[33385]: [16:59:30:151][I][AZ] [IothubDB] Table iothub_msgs_alarm ready
    Aug 10 17:01:14 qcells-emsplus docker-loader[33385]: [16:59:30:154][I][DI] Connected to MQTT broker
    Aug 10 17:01:14 qcells-emsplus docker-loader[33385]: [16:59:30:155][I][ER] handle_noti_ready source: cloud_broker
    Aug 10 17:01:14 qcells-emsplus docker-loader[33385]: [16:59:30:155][I][ER] Checking and executing dependencies for all applications
    Aug 10 17:01:14 qcells-emsplus docker-loader[33385]: [16:59:30:157][I][ER] Request handlers registered from cloud_broker: send_d2c_message, register_message_type, dispatch_direct_method, forward_iothub_message, request_pull_context
    Aug 10 17:01:14 qcells-emsplus docker-loader[33385]: [16:59:30:156][I][DB] Request handlers registered from cloud_broker: send_d2c_message, register_message_type, dispatch_direct_method, forward_iothub_message, request_pull_context
    Aug 10 17:01:14 qcells-emsplus docker-loader[33385]: [16:59:30:157][I][EL] Request handlers registered from cloud_broker: send_d2c_message, register_message_type, dispatch_direct_method, forward_iothub_message, request_pull_context
    Aug 10 17:01:14 qcells-emsplus docker-loader[33385]: [16:59:30:158][I][SM] Request handlers registered from cloud_broker: send_d2c_message, register_message_type, dispatch_direct_method, forward_iothub_message, request_pull_context
    Aug 10 17:01:14 qcells-emsplus docker-loader[33385]: [16:59:30:159][I][AZ] Request handlers registered from cloud_broker: send_d2c_message, register_message_type, dispatch_direct_method, forward_iothub_message, request_pull_context
    Aug 10 17:01:14 qcells-emsplus docker-loader[33385]: [16:59:30:159][I][ET] Request handlers registered from cloud_broker: send_d2c_message, register_message_type, dispatch_direct_method, forward_iothub_message, request_pull_context
    Aug 10 17:01:14 qcells-emsplus docker-loader[33385]: [16:59:30:159][W][ET] Unknown service for notification: request_handler_offer
    Aug 10 17:01:14 qcells-emsplus docker-loader[33385]: [16:59:30:168][I][DM] Request handlers registered from cloud_broker: send_d2c_message, register_message_type, dispatch_direct_method, forward_iothub_message, request_pull_context
    Aug 10 17:01:14 qcells-emsplus docker-loader[33385]: [16:59:30:170][I][CB] Request handlers registered from cloud_broker: send_d2c_message, register_message_type, dispatch_direct_method, forward_iothub_message, request_pull_context
    Aug 10 17:01:14 qcells-emsplus docker-loader[33385]: [16:59:30:172][I][SL] Connected to MQTT broker
    Aug 10 17:01:14 qcells-emsplus docker-loader[33385]: [16:59:30:177][I][CB] [Director] scanner started
    Aug 10 17:01:14 qcells-emsplus docker-loader[33385]: [16:59:30:178][I][CB] [Director] Scanning directory: /edge/log/toupload
    Aug 10 17:01:14 qcells-emsplus docker-loader[33385]: [16:59:30:181][W][DI] Unknown service for notification: device_connection
    Aug 10 17:01:14 qcells-emsplus docker-loader[33385]: [16:59:30:181][I][ED] Connected to MQTT broker
    Aug 10 17:01:14 qcells-emsplus docker-loader[33385]: [16:59:30:181][W][DI] Unknown service for notification: network_info
    Aug 10 17:01:14 qcells-emsplus docker-loader[33385]: [16:59:30:181][W][DI] Unknown service for notification: internet_status
    Aug 10 17:01:14 qcells-emsplus docker-loader[33385]: [16:59:30:181][W][DI] Unknown service for notification: ethernet_status
    Aug 10 17:01:14 qcells-emsplus docker-loader[33385]: [16:59:30:182][I][AZ] [upload_file_to_blob] source: cloud_broker, file: /edge/log/toupload/device_log/Meter/20260807_094946_20260807_154946_Meter_000000000000000000.csv.xz -> meter/2026/08/20260807_094946_20260807_154946_Meter_000000000000000000.csv.xz
    Aug 10 17:01:14 qcells-emsplus docker-loader[33385]: [16:59:30:182][I][AZ] [UploadQueueManager] Task enqueued (pending=1)
    Aug 10 17:01:14 qcells-emsplus docker-loader[33385]: [16:59:30:181][W][DI] Unknown service for notification: wifi_status
    Aug 10 17:01:14 qcells-emsplus docker-loader[33385]: [16:59:30:181][W][DI] Unknown service for notification: cellular_status
    Aug 10 17:01:14 qcells-emsplus docker-loader[33385]: [16:59:30:181][I][DI] [start]
    Aug 10 17:01:15 qcells-emsplus docker-loader[33385]: [16:59:30:181][I][DI] Request handlers registered from cloud_broker: send_d2c_message, register_message_type, dispatch_direct_method, forward_iothub_message, request_pull_context
    Aug 10 17:01:15 qcells-emsplus docker-loader[33385]: [16:59:30:181][W][DI] Unknown service for notification: request_handler_offer
    Aug 10 17:01:15 qcells-emsplus docker-loader[33385]: [16:59:30:185][I][SL] Request handlers registered from cloud_broker: send_d2c_message, register_message_type, dispatch_direct_method, forward_iothub_message, request_pull_context
    Aug 10 17:01:15 qcells-emsplus docker-loader[33385]: [16:59:30:187][I][AZ] [upload_file_to_blob] source: cloud_broker, file: /edge/log/toupload/device_log/Meter/20260808_161552_20260808_221552_Meter_000000000000000000.csv.xz -> meter/2026/08/20260808_161552_20260808_221552_Meter_000000000000000000.csv.xz
    Aug 10 17:01:15 qcells-emsplus docker-loader[33385]: [16:59:30:187][I][AZ] [UploadQueueManager] Task enqueued (pending=2)
    Aug 10 17:01:15 qcells-emsplus docker-loader[33385]: [16:59:30:193][I][ED] [EnergyControl] Device reconnected - sending PMU command and control data
    Aug 10 17:01:15 qcells-emsplus docker-loader[33385]: [16:59:30:193][I][ED] [EnergyControl] PMU command and control data sent
    Aug 10 17:01:15 qcells-emsplus docker-loader[33385]: [16:59:30:193][W][ED] Unknown service for notification: network_info
    Aug 10 17:01:15 qcells-emsplus docker-loader[33385]: [16:59:30:193][W][ED] Unknown service for notification: internet_status
    Aug 10 17:01:15 qcells-emsplus docker-loader[33385]: [16:59:30:193][W][ED] Unknown service for notification: ethernet_status
    Aug 10 17:01:15 qcells-emsplus docker-loader[33385]: [16:59:30:194][W][ED] Unknown service for notification: wifi_status
    Aug 10 17:01:15 qcells-emsplus docker-loader[33385]: [16:59:30:194][W][ED] Unknown service for notification: cellular_status
    Aug 10 17:01:15 qcells-emsplus docker-loader[33385]: [16:59:30:194][I][AZ] [upload_file_to_blob] source: cloud_broker, file: /edge/log/toupload/device_log/Meter/20260810_142423_20260810_202423_Meter_000000000000000000.csv.xz -> meter/2026/08/20260810_142423_20260810_202423_Meter_000000000000000000.csv.xz
    Aug 10 17:01:15 qcells-emsplus docker-loader[33385]: [16:59:30:194][I][AZ] [UploadQueueManager] Task enqueued (pending=3)
    Aug 10 17:01:15 qcells-emsplus docker-loader[33385]: [16:59:30:194][I][ED] Request handlers registered from cloud_broker: send_d2c_message, register_message_type, dispatch_direct_method, forward_iothub_message, request_pull_context
    Aug 10 17:01:15 qcells-emsplus docker-loader[33385]: [16:59:30:194][W][ED] Unknown service for notification: request_handler_offer
    Aug 10 17:01:15 qcells-emsplus docker-loader[33385]: [16:59:30:197][I][AZ] [upload_file_to_blob] source: cloud_broker, file: /edge/log/toupload/device_log/Meter/20260808_162828_20260808_222828_Meter_000000000000000000.csv.xz -> meter/2026/08/20260808_162828_20260808_222828_Meter_000000000000000000.csv.xz
    Aug 10 17:01:15 qcells-emsplus docker-loader[33385]: [16:59:30:197][I][AZ] [UploadQueueManager] Task enqueued (pending=4)
    Aug 10 17:01:15 qcells-emsplus docker-loader[33385]: [16:59:30:201][I][AZ] [upload_file_to_blob] source: cloud_broker, file: /edge/log/toupload/device_log/Meter/20260807_152940_20260807_212940_Meter_000000000000000000.csv.xz -> meter/2026/08/20260807_152940_20260807_212940_Meter_000000000000000000.csv.xz
    Aug 10 17:01:15 qcells-emsplus docker-loader[33385]: [16:59:30:201][I][AZ] [UploadQueueManager] Task enqueued (pending=5)
    Aug 10 17:01:15 qcells-emsplus docker-loader[33385]: [16:59:30:203][I][AZ] [upload_file_to_blob] source: cloud_broker, file: /edge/log/toupload/device_log/Meter/20260811_152852_20260811_212852_Meter_000000000000000000.csv.xz -> meter/2026/08/20260811_152852_20260811_212852_Meter_000000000000000000.csv.xz
    Aug 10 17:01:15 qcells-emsplus docker-loader[33385]: [16:59:30:204][I][AZ] [UploadQueueManager] Task enqueued (pending=6)
    Aug 10 17:01:15 qcells-emsplus docker-loader[33385]: [16:59:30:206][I][AZ] [upload_file_to_blob] source: cloud_broker, file: /edge/log/toupload/device_log/Meter/20260808_163439_20260808_223439_Meter_000000000000000000.csv.xz -> meter/2026/08/20260808_163439_20260808_223439_Meter_000000000000000000.csv.xz
    Aug 10 17:01:15 qcells-emsplus docker-loader[33385]: [16:59:30:206][I][AZ] [UploadQueueManager] Task enqueued (pending=7)
    Aug 10 17:01:15 qcells-emsplus docker-loader[33385]: [16:59:30:208][I][AZ] [upload_file_to_blob] source: cloud_broker, file: /edge/log/toupload/device_log/Meter/20260808_101552_20260808_161552_Meter_000000000000000000.csv.xz -> meter/2026/08/20260808_101552_20260808_161552_Meter_000000000000000000.csv.xz
    Aug 10 17:01:15 qcells-emsplus docker-loader[33385]: [16:59:30:208][I][AZ] [UploadQueueManager] Task enqueued (pending=8)
    Aug 10 17:01:15 qcells-emsplus docker-loader[33385]: [16:59:30:210][I][AZ] [upload_file_to_blob] source: cloud_broker, file: /edge/log/toupload/device_log/Meter/20260809_161554_20260809_221554_Meter_000000000000000000.csv.xz -> meter/2026/08/20260809_161554_20260809_221554_Meter_000000000000000000.csv.xz
    Aug 10 17:01:15 qcells-emsplus docker-loader[33385]: [16:59:30:210][I][AZ] [UploadQueueManager] Task enqueued (pending=9)
    Aug 10 17:01:15 qcells-emsplus docker-loader[33385]: [16:59:30:212][I][AZ] [upload_file_to_blob] source: cloud_broker, file: /edge/log/toupload/device_log/Meter/20260811_152311_20260811_212311_Meter_000000000000000000.csv.xz -> meter/2026/08/20260811_152311_20260811_212311_Meter_000000000000000000.csv.xz
    Aug 10 17:01:15 qcells-emsplus docker-loader[33385]: [16:59:30:212][I][AZ] [UploadQueueManager] Task enqueued (pending=10)
    Aug 10 17:01:15 qcells-emsplus docker-loader[33385]: [16:59:30:215][I][AZ] [upload_file_to_blob] source: cloud_broker, file: /edge/log/toupload/device_log/Meter/20260809_041553_20260809_101553_Meter_000000000000000000.csv.xz -> meter/2026/08/20260809_041553_20260809_101553_Meter_000000000000000000.csv.xz
    Aug 10 17:01:15 qcells-emsplus docker-loader[33385]: [16:59:30:215][I][AZ] [UploadQueueManager] Task enqueued (pending=11)
    Aug 10 17:01:15 qcells-emsplus docker-loader[33385]: [16:59:30:215][I][API] HTTP Server is running on port 9113
    Aug 10 17:01:15 qcells-emsplus docker-loader[33385]: [16:59:30:235][I][AZ] [upload_file_to_blob] source: cloud_broker, file: /edge/log/toupload/device_log/Meter/20260808_170855_20260808_230855_Meter_000000000000000000.csv.xz -> meter/2026/08/20260808_170855_20260808_230855_Meter_000000000000000000.csv.xz
    Aug 10 17:01:15 qcells-emsplus docker-loader[33385]: [16:59:30:235][I][AZ] [UploadQueueManager] Task enqueued (pending=12)
    Aug 10 17:01:15 qcells-emsplus docker-loader[33385]: [16:59:30:235][I][AZ] [upload_file_to_blob] source: cloud_broker, file: /edge/log/toupload/device_log/Meter/20260807_161551_20260807_221551_Meter_000000000000000000.csv.xz -> meter/2026/08/20260807_161551_20260807_221551_Meter_000000000000000000.csv.xz
    Aug 10 17:01:15 qcells-emsplus docker-loader[33385]: [16:59:30:235][I][AZ] [UploadQueueManager] Task enqueued (pending=13)
    Aug 10 17:01:15 qcells-emsplus docker-loader[33385]: [16:59:30:235][I][AZ] [upload_file_to_blob] source: cloud_broker, file: /edge/log/toupload/device_log/Meter/20260808_221552_20260809_041552_Meter_000000000000000000.csv.xz -> meter/2026/08/20260808_221552_20260809_041552_Meter_000000000000000000.csv.xz
    Aug 10 17:01:15 qcells-emsplus docker-loader[33385]: [16:59:30:235][I][AZ] [UploadQueueManager] Task enqueued (pending=14)
    Aug 10 17:01:15 qcells-emsplus docker-loader[33385]: [16:59:30:235][I][AZ] [upload_file_to_blob] source: cloud_broker, file: /edge/log/toupload/device_log/Meter/20260808_171439_20260808_231439_Meter_000000000000000000.csv.xz -> meter/2026/08/20260808_171439_20260808_231439_Meter_000000000000000000.csv.xz
    Aug 10 17:01:15 qcells-emsplus docker-loader[33385]: [16:59:30:235][I][AZ] [UploadQueueManager] Task enqueued (pending=15)
    Aug 10 17:01:15 qcells-emsplus docker-loader[33385]: [16:59:30:235][I][AZ] [upload_file_to_blob] source: cloud_broker, file: /edge/log/toupload/device_log/Meter/20260810_041554_20260810_101554_Meter_000000000000000000.csv.xz -> meter/2026/08/20260810_041554_20260810_101554_Meter_000000000000000000.csv.xz
    Aug 10 17:01:15 qcells-emsplus docker-loader[33385]: [16:59:30:235][I][AZ] [UploadQueueManager] Task enqueued (pending=16)
    Aug 10 17:01:15 qcells-emsplus docker-loader[33385]: [16:59:30:235][I][AZ] [upload_file_to_blob] source: cloud_broker, file: /edge/log/toupload/device_log/Meter/20260809_101553_20260809_161553_Meter_000000000000000000.csv.xz -> meter/2026/08/20260809_101553_20260809_161553_Meter_000000000000000000.csv.xz
    Aug 10 17:01:15 qcells-emsplus docker-loader[33385]: [16:59:30:235][I][AZ] [UploadQueueManager] Task enqueued (pending=17)
    Aug 10 17:01:15 qcells-emsplus docker-loader[33385]: [16:59:30:235][I][AZ] [upload_file_to_blob] source: cloud_broker, file: /edge/log/toupload/device_log/Meter/20260809_221554_20260810_041554_Meter_000000000000000000.csv.xz -> meter/2026/08/20260809_221554_20260810_041554_Meter_000000000000000000.csv.xz
    Aug 10 17:01:15 qcells-emsplus docker-loader[33385]: [16:59:30:235][I][AZ] [UploadQueueManager] Task enqueued (pending=18)
    Aug 10 17:01:15 qcells-emsplus docker-loader[33385]: [16:59:30:236][I][AZ] [upload_file_to_blob] source: cloud_broker, file: /edge/log/toupload/device_log/Meter/20260807_221551_20260808_041551_Meter_000000000000000000.csv.xz -> meter/2026/08/20260807_221551_20260808_041551_Meter_000000000000000000.csv.xz
    Aug 10 17:01:15 qcells-emsplus docker-loader[33385]: [16:59:30:236][I][AZ] [UploadQueueManager] Task enqueued (pending=19)
    Aug 10 17:01:15 qcells-emsplus docker-loader[33385]: [16:59:30:256][I][AZ] [upload_file_to_blob] source: cloud_broker, file: /edge/log/toupload/device_log/Meter/20260808_041551_20260808_101551_Meter_000000000000000000.csv.xz -> meter/2026/08/20260808_041551_20260808_101551_Meter_000000000000000000.csv.xz
    Aug 10 17:01:15 qcells-emsplus docker-loader[33385]: [16:59:30:257][I][AZ] [UploadQueueManager] Task enqueued (pending=20)
    Aug 10 17:01:15 qcells-emsplus docker-loader[33385]: [16:59:30:257][I][AZ] [upload_file_to_blob] source: cloud_broker, file: /edge/log/toupload/device_log/Meter/20260807_153551_20260807_213551_Meter_000000000000000000.csv.xz -> meter/2026/08/20260807_153551_20260807_213551_Meter_000000000000000000.csv.xz
    Aug 10 17:01:15 qcells-emsplus docker-loader[33385]: [16:59:30:258][I][AZ] [UploadQueueManager] Task enqueued (pending=21)
    Aug 10 17:01:15 qcells-emsplus docker-loader[33385]: [16:59:30:268][I][AZ] [upload_file_to_blob] source: cloud_broker, file: /edge/log/toupload/device_log/Meter/20260810_101555_20260810_161555_Meter_000000000000000000.csv.xz -> meter/2026/08/20260810_101555_20260810_161555_Meter_000000000000000000.csv.xz
    Aug 10 17:01:15 qcells-emsplus docker-loader[33385]: [16:59:30:268][I][AZ] [UploadQueueManager] Task enqueued (pending=22)
    Aug 10 17:01:15 qcells-emsplus docker-loader[33385]: [16:59:30:269][I][AZ] [upload_file_to_blob] source: cloud_broker, file: /edge/log/toupload/device_log/Meter/20260807_161007_20260807_221007_Meter_000000000000000000.csv.xz -> meter/2026/08/20260807_161007_20260807_221007_Meter_000000000000000000.csv.xz
    Aug 10 17:01:15 qcells-emsplus docker-loader[33385]: [16:59:30:269][I][AZ] [UploadQueueManager] Task enqueued (pending=23)
    Aug 10 17:01:15 qcells-emsplus docker-loader[33385]: [16:59:30:271][I][AZ] [upload_file_to_blob] source: cloud_broker, file: /edge/log/toupload/device_log/BMS_Monitoring_P02/20260807_155120_20260807_215120_BMS_Monitoring_P02_000000000000000000.csv.xz -> bms-monitoring-p02/2026/08/20260807_155120_20260807_215120_BMS_Monitoring_P02_000000000000000000.csv.xz
    Aug 10 17:01:15 qcells-emsplus docker-loader[33385]: [16:59:30:271][I][AZ] [UploadQueueManager] Task enqueued (pending=24)
    Aug 10 17:01:15 qcells-emsplus docker-loader[33385]: [16:59:30:272][I][AZ] [upload_file_to_blob] source: cloud_broker, file: /edge/log/toupload/device_log/BMS_Monitoring_P02/20260810_141925_20260810_201925_BMS_Monitoring_P02_000000000000000000.csv.xz -> bms-monitoring-p02/2026/08/20260810_141925_20260810_201925_BMS_Monitoring_P02_000000000000000000.csv.xz
    Aug 10 17:01:15 qcells-emsplus docker-loader[33385]: [16:59:30:272][I][AZ] [UploadQueueManager] Task enqueued (pending=25)
    Aug 10 17:01:15 qcells-emsplus docker-loader[33385]: [16:59:30:273][I][AZ] [upload_file_to_blob] source: cloud_broker, file: /edge/log/toupload/device_log/BMS_Monitoring_P02/20260807_094946_20260807_154946_BMS_Monitoring_P02_000000000000000000.csv.xz -> bms-monitoring-p02/2026/08/20260807_094946_20260807_154946_BMS_Monitoring_P02_000000000000000000.csv.xz
    Aug 10 17:01:15 qcells-emsplus docker-loader[33385]: [16:59:30:273][I][AZ] [UploadQueueManager] Task enqueued (pending=26)
    Aug 10 17:01:16 qcells-emsplus docker-loader[33385]: [16:59:30:275][I][AZ] [upload_file_to_blob] source: cloud_broker, file: /edge/log/toupload/device_log/BMS_Monitoring_P01/20260807_094946_20260807_154946_BMS_Monitoring_P01_000000000000000000.csv.xz -> bms-monitoring-p01/2026/08/20260807_094946_20260807_154946_BMS_Monitoring_P01_000000000000000000.csv.xz
    Aug 10 17:01:16 qcells-emsplus docker-loader[33385]: [16:59:30:275][I][AZ] [UploadQueueManager] Task enqueued (pending=27)
    Aug 10 17:01:16 qcells-emsplus docker-loader[33385]: [16:59:30:276][I][AZ] [upload_file_to_blob] source: cloud_broker, file: /edge/log/toupload/device_log/BMS_Monitoring_P01/20260810_141925_20260810_201925_BMS_Monitoring_P01_000000000000000000.csv.xz -> bms-monitoring-p01/2026/08/20260810_141925_20260810_201925_BMS_Monitoring_P01_000000000000000000.csv.xz
    Aug 10 17:01:16 qcells-emsplus docker-loader[33385]: [16:59:30:276][I][AZ] [UploadQueueManager] Task enqueued (pending=28)
    Aug 10 17:01:16 qcells-emsplus docker-loader[33385]: [16:59:30:277][I][AZ] [upload_file_to_blob] source: cloud_broker, file: /edge/log/toupload/device_log/BMS_Monitoring_P01/20260807_155120_20260807_215120_BMS_Monitoring_P01_000000000000000000.csv.xz -> bms-monitoring-p01/2026/08/20260807_155120_20260807_215120_BMS_Monitoring_P01_000000000000000000.csv.xz
    Aug 10 17:01:16 qcells-emsplus docker-loader[33385]: [16:59:30:277][I][AZ] [UploadQueueManager] Task enqueued (pending=29)
    Aug 10 17:01:16 qcells-emsplus docker-loader[33385]: [16:59:30:279][I][AZ] [upload_file_to_blob] source: cloud_broker, file: /edge/log/toupload/device_log/PCS_CAN_Monitoring_P01/20260808_161551_20260809_161551_PCS_CAN_Monitoring_P01_000000000000000000.csv.xz -> pcs-can-monitoring-p01/2026/08/20260808_161551_20260809_161551_PCS_CAN_Monitoring_P01_000000000000000000.csv.xz
    Aug 10 17:01:16 qcells-emsplus docker-loader[33385]: [16:59:30:279][I][AZ] [UploadQueueManager] Task enqueued (pending=30)
    Aug 10 17:01:16 qcells-emsplus docker-loader[33385]: [16:59:30:280][I][AZ] [upload_file_to_blob] source: cloud_broker, file: /edge/log/toupload/device_log/PCS_CAN_Monitoring_P01/20260808_171439_20260809_171439_PCS_CAN_Monitoring_P01_000000000000000000.csv.xz -> pcs-can-monitoring-p01/2026/08/20260808_171439_20260809_171439_PCS_CAN_Monitoring_P01_000000000000000000.csv.xz
    Aug 10 17:01:16 qcells-emsplus docker-loader[33385]: [16:59:30:280][I][AZ] [UploadQueueManager] Task enqueued (pending=31)
    Aug 10 17:01:16 qcells-emsplus docker-loader[33385]: [16:59:30:281][I][AZ] [upload_file_to_blob] source: cloud_broker, file: /edge/log/toupload/device_log/PCS_CAN_Monitoring_P01/20260807_161551_20260808_161551_PCS_CAN_Monitoring_P01_000000000000000000.csv.xz -> pcs-can-monitoring-p01/2026/08/20260807_161551_20260808_161551_PCS_CAN_Monitoring_P01_000000000000000000.csv.xz
    Aug 10 17:01:16 qcells-emsplus docker-loader[33385]: [16:59:30:281][I][AZ] [UploadQueueManager] Task enqueued (pending=32)
    Aug 10 17:01:16 qcells-emsplus docker-loader[33385]: [16:59:30:283][I][AZ] [upload_file_to_blob] source: cloud_broker, file: /edge/log/toupload/device_log/PCS_CAN_Monitoring_P01/20260807_153551_20260808_153551_PCS_CAN_Monitoring_P01_000000000000000000.csv.xz -> pcs-can-monitoring-p01/2026/08/20260807_153551_20260808_153551_PCS_CAN_Monitoring_P01_000000000000000000.csv.xz
    Aug 10 17:01:16 qcells-emsplus docker-loader[33385]: [16:59:30:283][I][AZ] [UploadQueueManager] Task enqueued (pending=33)
    Aug 10 17:01:16 qcells-emsplus docker-loader[33385]: [16:59:30:284][I][AZ] [upload_file_to_blob] source: cloud_broker, file: /edge/log/toupload/device_log/PCS_CAN_Monitoring_P01/20260807_161007_20260808_161007_PCS_CAN_Monitoring_P01_000000000000000000.csv.xz -> pcs-can-monitoring-p01/2026/08/20260807_161007_20260808_161007_PCS_CAN_Monitoring_P01_000000000000000000.csv.xz
    Aug 10 17:01:16 qcells-emsplus docker-loader[33385]: [16:59:30:284][I][AZ] [UploadQueueManager] Task enqueued (pending=34)
    Aug 10 17:01:16 qcells-emsplus docker-loader[33385]: [16:59:30:285][I][AZ] [upload_file_to_blob] source: cloud_broker, file: /edge/log/toupload/device_log/PCS_CAN_Monitoring_P01/20260808_163439_20260809_163439_PCS_CAN_Monitoring_P01_000000000000000000.csv.xz -> pcs-can-monitoring-p01/2026/08/20260808_163439_20260809_163439_PCS_CAN_Monitoring_P01_000000000000000000.csv.xz
    Aug 10 17:01:16 qcells-emsplus docker-loader[33385]: [16:59:30:285][I][AZ] [UploadQueueManager] Task enqueued (pending=35)
    Aug 10 17:01:16 qcells-emsplus docker-loader[33385]: [16:59:30:286][I][AZ] [upload_file_to_blob] source: cloud_broker, file: /edge/log/toupload/device_log/PCS_CAN_Monitoring_P01/20260809_161552_20260810_161552_PCS_CAN_Monitoring_P01_000000000000000000.csv.xz -> pcs-can-monitoring-p01/2026/08/20260809_161552_20260810_161552_PCS_CAN_Monitoring_P01_000000000000000000.csv.xz
    Aug 10 17:01:16 qcells-emsplus docker-loader[33385]: [16:59:30:286][I][AZ] [UploadQueueManager] Task enqueued (pending=36)
    Aug 10 17:01:16 qcells-emsplus docker-loader[33385]: [16:59:30:288][I][AZ] [upload_file_to_blob] source: cloud_broker, file: /edge/log/toupload/device_log/PCS_CAN_Monitoring_P01/20260807_094946_20260808_094946_PCS_CAN_Monitoring_P01_000000000000000000.csv.xz -> pcs-can-monitoring-p01/2026/08/20260807_094946_20260808_094946_PCS_CAN_Monitoring_P01_000000000000000000.csv.xz
    Aug 10 17:01:16 qcells-emsplus docker-loader[33385]: [16:59:30:288][I][AZ] [UploadQueueManager] Task enqueued (pending=37)
    Aug 10 17:01:16 qcells-emsplus docker-loader[33385]: [16:59:30:289][I][AZ] [upload_file_to_blob] source: cloud_broker, file: /edge/log/toupload/device_log/PCS_CAN_Monitoring_P01/20260807_152940_20260808_152940_PCS_CAN_Monitoring_P01_000000000000000000.csv.xz -> pcs-can-monitoring-p01/2026/08/20260807_152940_20260808_152940_PCS_CAN_Monitoring_P01_000000000000000000.csv.xz
    Aug 10 17:01:16 qcells-emsplus docker-loader[33385]: [16:59:30:290][I][AZ] [UploadQueueManager] Task enqueued (pending=38)
    Aug 10 17:01:16 qcells-emsplus docker-loader[33385]: [16:59:30:291][I][AZ] [upload_file_to_blob] source: cloud_broker, file: /edge/log/toupload/device_log/PCS_CAN_Monitoring_P01/20260810_142423_20260811_142423_PCS_CAN_Monitoring_P01_000000000000000000.csv.xz -> pcs-can-monitoring-p01/2026/08/20260810_142423_20260811_142423_PCS_CAN_Monitoring_P01_000000000000000000.csv.xz
    Aug 10 17:01:16 qcells-emsplus docker-loader[33385]: [16:59:30:291][I][AZ] [UploadQueueManager] Task enqueued (pending=39)
    Aug 10 17:01:16 qcells-emsplus docker-loader[33385]: [16:59:30:292][I][AZ] [upload_file_to_blob] source: cloud_broker, file: /edge/log/toupload/device_log/PCS_CAN_Monitoring_P01/20260808_170855_20260809_170855_PCS_CAN_Monitoring_P01_000000000000000000.csv.xz -> pcs-can-monitoring-p01/2026/08/20260808_170855_20260809_170855_PCS_CAN_Monitoring_P01_000000000000000000.csv.xz
    Aug 10 17:01:16 qcells-emsplus docker-loader[33385]: [16:59:30:292][I][AZ] [UploadQueueManager] Task enqueued (pending=40)
    Aug 10 17:01:16 qcells-emsplus docker-loader[33385]: [16:59:30:293][I][AZ] [upload_file_to_blob] source: cloud_broker, file: /edge/log/toupload/device_log/PCS_CAN_Monitoring_P01/20260811_152311_20260812_152311_PCS_CAN_Monitoring_P01_000000000000000000.csv.xz -> pcs-can-monitoring-p01/2026/08/20260811_152311_20260812_152311_PCS_CAN_Monitoring_P01_000000000000000000.csv.xz
    Aug 10 17:01:16 qcells-emsplus docker-loader[33385]: [16:59:30:293][I][AZ] [UploadQueueManager] Task enqueued (pending=41)
    Aug 10 17:01:17 qcells-emsplus docker-loader[33385]: [16:59:30:299][I][AZ] [upload_file_to_blob] source: cloud_broker, file: /edge/log/toupload/device_log/PCS_CAN_Monitoring_P01/20260811_152852_20260812_152852_PCS_CAN_Monitoring_P01_000000000000000000.csv.xz -> pcs-can-monitoring-p01/2026/08/20260811_152852_20260812_152852_PCS_CAN_Monitoring_P01_000000000000000000.csv.xz
    Aug 10 17:01:17 qcells-emsplus docker-loader[33385]: [16:59:30:299][I][AZ] [UploadQueueManager] Task enqueued (pending=42)
    Aug 10 17:01:17 qcells-emsplus docker-loader[33385]: [16:59:30:300][I][AZ] [upload_file_to_blob] source: cloud_broker, file: /edge/log/toupload/device_log/PCS_CAN_Monitoring_P01/20260808_162828_20260809_162828_PCS_CAN_Monitoring_P01_000000000000000000.csv.xz -> pcs-can-monitoring-p01/2026/08/20260808_162828_20260809_162828_PCS_CAN_Monitoring_P01_000000000000000000.csv.xz
    Aug 10 17:01:17 qcells-emsplus docker-loader[33385]: [16:59:30:300][I][CB] Configuration updated via update_configuration
    Aug 10 17:01:17 qcells-emsplus docker-loader[33385]: [16:59:30:300][I][AZ] [UploadQueueManager] Task enqueued (pending=43)
    Aug 10 17:01:17 qcells-emsplus docker-loader[33385]: [16:59:30:303][I][AZ] [upload_file_to_blob] source: cloud_broker, file: /edge/log/toupload/device_log/EMSP_Installation/20260808_163439_20260809_163439_EMSP_Installation_000000000000000000.csv.xz -> emsp-installation/2026/08/20260808_163439_20260809_163439_EMSP_Installation_000000000000000000.csv.xz
    Aug 10 17:01:17 qcells-emsplus docker-loader[33385]: [16:59:30:303][I][AZ] [UploadQueueManager] Task enqueued (pending=44)
    Aug 10 17:01:17 qcells-emsplus docker-loader[33385]: [16:59:30:308][I][WI] [runStepWithRetry] checkAllAppsReadyStatus: Attempt 2/30
    Aug 10 17:01:17 qcells-emsplus docker-loader[33385]: [16:59:30:310][I][WI] [PlatformService:getAllAppsReadyStatus] Getting all apps ready status
    Aug 10 17:01:17 qcells-emsplus docker-loader[33385]: [16:59:30:312][I][AZ] [upload_file_to_blob] source: cloud_broker, file: /edge/log/toupload/device_log/EMSP_Installation/20260807_161007_20260808_161007_EMSP_Installation_000000000000000000.csv.xz -> emsp-installation/2026/08/20260807_161007_20260808_161007_EMSP_Installation_000000000000000000.csv.xz
    Aug 10 17:01:17 qcells-emsplus docker-loader[33385]: [16:59:30:312][I][AZ] [UploadQueueManager] Task enqueued (pending=45)
    Aug 10 17:01:17 qcells-emsplus docker-loader[33385]: [16:59:30:313][I][AZ] [upload_file_to_blob] source: cloud_broker, file: /edge/log/toupload/device_log/EMSP_Installation/20260808_161551_20260809_161551_EMSP_Installation_000000000000000000.csv.xz -> emsp-installation/2026/08/20260808_161551_20260809_161551_EMSP_Installation_000000000000000000.csv.xz
    Aug 10 17:01:17 qcells-emsplus docker-loader[33385]: [16:59:30:313][I][AZ] [UploadQueueManager] Task enqueued (pending=46)
    Aug 10 17:01:17 qcells-emsplus docker-loader[33385]: [16:59:30:314][I][AZ] [upload_file_to_blob] source: cloud_broker, file: /edge/log/toupload/device_log/EMSP_Installation/20260810_142423_20260811_142423_EMSP_Installation_000000000000000000.csv.xz -> emsp-installation/2026/08/20260810_142423_20260811_142423_EMSP_Installation_000000000000000000.csv.xz
    Aug 10 17:01:17 qcells-emsplus docker-loader[33385]: [16:59:30:315][I][AZ] [UploadQueueManager] Task enqueued (pending=47)
    Aug 10 17:01:17 qcells-emsplus docker-loader[33385]: [16:59:30:315][I][ER] handle_req_all_apps_ready_status
    Aug 10 17:01:17 qcells-emsplus docker-loader[33385]: [16:59:30:316][I][AZ] [upload_file_to_blob] source: cloud_broker, file: /edge/log/toupload/device_log/EMSP_Installation/20260808_162828_20260809_162828_EMSP_Installation_000000000000000000.csv.xz -> emsp-installation/2026/08/20260808_162828_20260809_162828_EMSP_Installation_000000000000000000.csv.xz
    Aug 10 17:01:17 qcells-emsplus docker-loader[33385]: [16:59:30:316][I][AZ] [UploadQueueManager] Task enqueued (pending=48)
    Aug 10 17:01:17 qcells-emsplus docker-loader[33385]: [16:59:30:317][I][AZ] [upload_file_to_blob] source: cloud_broker, file: /edge/log/toupload/device_log/EMSP_Installation/20260807_094946_20260808_094946_EMSP_Installation_000000000000000000.csv.xz -> emsp-installation/2026/08/20260807_094946_20260808_094946_EMSP_Installation_000000000000000000.csv.xz
    Aug 10 17:01:17 qcells-emsplus docker-loader[33385]: [16:59:30:317][I][AZ] [UploadQueueManager] Task enqueued (pending=49)
    Aug 10 17:01:17 qcells-emsplus docker-loader[33385]: [16:59:30:319][I][AZ] [upload_file_to_blob] source: cloud_broker, file: /edge/log/toupload/device_log/EMSP_Installation/20260809_161552_20260810_161552_EMSP_Installation_000000000000000000.csv.xz -> emsp-installation/2026/08/20260809_161552_20260810_161552_EMSP_Installation_000000000000000000.csv.xz
    Aug 10 17:01:17 qcells-emsplus docker-loader[33385]: [16:59:30:319][I][AZ] [UploadQueueManager] Task enqueued (pending=50)
    Aug 10 17:01:17 qcells-emsplus docker-loader[33385]: [16:59:30:320][I][AZ] [upload_file_to_blob] source: cloud_broker, file: /edge/log/toupload/device_log/EMSP_Installation/20260808_171439_20260809_171439_EMSP_Installation_000000000000000000.csv.xz -> emsp-installation/2026/08/20260808_171439_20260809_171439_EMSP_Installation_000000000000000000.csv.xz
    Aug 10 17:01:17 qcells-emsplus docker-loader[33385]: [16:59:30:320][I][AZ] [UploadQueueManager] Task enqueued (pending=51)
    Aug 10 17:01:17 qcells-emsplus docker-loader[33385]: [16:59:30:322][I][AZ] [upload_file_to_blob] source: cloud_broker, file: /edge/log/toupload/device_log/EMSP_Installation/20260811_152852_20260812_152852_EMSP_Installation_000000000000000000.csv.xz -> emsp-installation/2026/08/20260811_152852_20260812_152852_EMSP_Installation_000000000000000000.csv.xz
    Aug 10 17:01:17 qcells-emsplus docker-loader[33385]: [16:59:30:322][I][AZ] [UploadQueueManager] Task enqueued (pending=52)
    Aug 10 17:01:17 qcells-emsplus docker-loader[33385]: [16:59:30:323][I][AZ] [upload_file_to_blob] source: cloud_broker, file: /edge/log/toupload/device_log/EMSP_Installation/20260811_152311_20260812_152311_EMSP_Installation_000000000000000000.csv.xz -> emsp-installation/2026/08/20260811_152311_20260812_152311_EMSP_Installation_000000000000000000.csv.xz
    Aug 10 17:01:17 qcells-emsplus docker-loader[33385]: [16:59:30:323][I][AZ] [UploadQueueManager] Task enqueued (pending=53)
    Aug 10 17:01:17 qcells-emsplus docker-loader[33385]: [16:59:30:324][I][AZ] [upload_file_to_blob] source: cloud_broker, file: /edge/log/toupload/device_log/EMSP_Installation/20260807_161551_20260808_161551_EMSP_Installation_000000000000000000.csv.xz -> emsp-installation/2026/08/20260807_161551_20260808_161551_EMSP_Installation_000000000000000000.csv.xz
    Aug 10 17:01:17 qcells-emsplus docker-loader[33385]: [16:59:30:324][I][AZ] [UploadQueueManager] Task enqueued (pending=54)
    Aug 10 17:01:17 qcells-emsplus docker-loader[33385]: [16:59:30:325][I][AZ] [upload_file_to_blob] source: cloud_broker, file: /edge/log/toupload/device_log/EMSP_Installation/20260808_170855_20260809_170855_EMSP_Installation_000000000000000000.csv.xz -> emsp-installation/2026/08/20260808_170855_20260809_170855_EMSP_Installation_000000000000000000.csv.xz
    Aug 10 17:01:17 qcells-emsplus docker-loader[33385]: [16:59:30:326][I][AZ] [UploadQueueManager] Task enqueued (pending=55)
    Aug 10 17:01:17 qcells-emsplus docker-loader[33385]: [16:59:30:328][I][AZ] [upload_file_to_blob] source: cloud_broker, file: /edge/log/toupload/device_log/BPU_CAN_Monitoring_P01/20260810_141925_20260810_201925_BPU_CAN_Monitoring_P01_000000000000000000.csv.xz -> bpu-can-monitoring-p01/2026/08/20260810_141925_20260810_201925_BPU_CAN_Monitoring_P01_000000000000000000.csv.xz
    Aug 10 17:01:17 qcells-emsplus docker-loader[33385]: [16:59:30:328][I][AZ] [UploadQueueManager] Task enqueued (pending=56)
    Aug 10 17:01:17 qcells-emsplus docker-loader[33385]: [16:59:30:329][I][AZ] [upload_file_to_blob] source: cloud_broker, file: /edge/log/toupload/device_log/BPU_CAN_Monitoring_P01/20260807_094946_20260807_154946_BPU_CAN_Monitoring_P01_000000000000000000.csv.xz -> bpu-can-monitoring-p01/2026/08/20260807_094946_20260807_154946_BPU_CAN_Monitoring_P01_000000000000000000.csv.xz
    Aug 10 17:01:17 qcells-emsplus docker-loader[33385]: [16:59:30:329][I][AZ] [UploadQueueManager] Task enqueued (pending=57)
    Aug 10 17:01:17 qcells-emsplus docker-loader[33385]: [16:59:30:331][I][AZ] [upload_file_to_blob] source: cloud_broker, file: /edge/log/toupload/device_log/BPU_CAN_Monitoring_P01/20260807_155120_20260807_215120_BPU_CAN_Monitoring_P01_000000000000000000.csv.xz -> bpu-can-monitoring-p01/2026/08/20260807_155120_20260807_215120_BPU_CAN_Monitoring_P01_000000000000000000.csv.xz
    Aug 10 17:01:17 qcells-emsplus docker-loader[33385]: [16:59:30:331][I][AZ] [UploadQueueManager] Task enqueued (pending=58)
    Aug 10 17:01:17 qcells-emsplus docker-loader[33385]: [16:59:30:329][I][WI] [PlatformService:getAllAppsReadyStatus] All apps are ready status: {"is_ready":false}
    Aug 10 17:01:17 qcells-emsplus docker-loader[33385]: [16:59:30:332][W][WI] [runStepWithRetry] checkAllAppsReadyStatus: Attempt 2 failed: All apps are not yet ready
    Aug 10 17:01:17 qcells-emsplus docker-loader[33385]: [16:59:30:333][I][WI] [runStepWithRetry] checkAllAppsReadyStatus: Retrying in 1s...
    Aug 10 17:01:17 qcells-emsplus docker-loader[33385]: [16:59:30:334][I][AZ] [upload_file_to_blob] source: cloud_broker, file: /edge/log/toupload/device_log/Advanced_HUB_Monitoring/20260807_094946_20260807_154946_Advanced_HUB_Monitoring_000000000000000000.csv.xz -> advanced-hub-monitoring/2026/08/20260807_094946_20260807_154946_Advanced_HUB_Monitoring_000000000000000000.csv.xz
    Aug 10 17:01:17 qcells-emsplus docker-loader[33385]: [16:59:30:334][I][AZ] [UploadQueueManager] Task enqueued (pending=59)
    Aug 10 17:01:17 qcells-emsplus docker-loader[33385]: [16:59:30:336][I][AZ] [upload_file_to_blob] source: cloud_broker, file: /edge/log/toupload/device_log/Advanced_HUB_Monitoring/20260807_155120_20260807_215120_Advanced_HUB_Monitoring_000000000000000000.csv.xz -> advanced-hub-monitoring/2026/08/20260807_155120_20260807_215120_Advanced_HUB_Monitoring_000000000000000000.csv.xz
    Aug 10 17:01:17 qcells-emsplus docker-loader[33385]: [16:59:30:337][I][AZ] [UploadQueueManager] Task enqueued (pending=60)
    Aug 10 17:01:17 qcells-emsplus docker-loader[33385]: [16:59:30:339][I][AZ] [upload_file_to_blob] source: cloud_broker, file: /edge/log/toupload/device_log/Advanced_HUB_Monitoring/20260810_141925_20260810_201925_Advanced_HUB_Monitoring_000000000000000000.csv.xz -> advanced-hub-monitoring/2026/08/20260810_141925_20260810_201925_Advanced_HUB_Monitoring_000000000000000000.csv.xz
    Aug 10 17:01:17 qcells-emsplus docker-loader[33385]: [16:59:30:339][I][AZ] [UploadQueueManager] Task enqueued (pending=61)
    Aug 10 17:01:17 qcells-emsplus docker-loader[33385]: [16:59:30:341][I][AZ] [upload_file_to_blob] source: cloud_broker, file: /edge/log/toupload/device_log/EMSP_Maintenance/20260810_101555_20260810_161555_EMSP_Maintenance_000000000000000000.csv.xz -> emsp-maintenance/2026/08/20260810_101555_20260810_161555_EMSP_Maintenance_000000000000000000.csv.xz
    Aug 10 17:01:17 qcells-emsplus docker-loader[33385]: [16:59:30:341][I][AZ] [UploadQueueManager] Task enqueued (pending=62)
    Aug 10 17:01:17 qcells-emsplus docker-loader[33385]: [16:59:30:343][I][AZ] [upload_file_to_blob] source: cloud_broker, file: /edge/log/toupload/device_log/EMSP_Maintenance/20260807_221551_20260808_041551_EMSP_Maintenance_000000000000000000.csv.xz -> emsp-maintenance/2026/08/20260807_221551_20260808_041551_EMSP_Maintenance_000000000000000000.csv.xz
    Aug 10 17:01:17 qcells-emsplus docker-loader[33385]: [16:59:30:343][I][AZ] [UploadQueueManager] Task enqueued (pending=63)
    Aug 10 17:01:17 qcells-emsplus docker-loader[33385]: [16:59:30:344][I][API] [MqttCore:connect] MQTT initial connection established.
    Aug 10 17:01:17 qcells-emsplus docker-loader[33385]: [16:59:30:346][I][AZ] [upload_file_to_blob] source: cloud_broker, file: /edge/log/toupload/device_log/EMSP_Maintenance/20260809_161554_20260809_221554_EMSP_Maintenance_000000000000000000.csv.xz -> emsp-maintenance/2026/08/20260809_161554_20260809_221554_EMSP_Maintenance_000000000000000000.csv.xz
    Aug 10 17:01:17 qcells-emsplus docker-loader[33385]: [16:59:30:346][I][AZ] [UploadQueueManager] Task enqueued (pending=64)
    Aug 10 17:01:18 qcells-emsplus docker-loader[33385]: [16:59:30:348][I][AZ] [upload_file_to_blob] source: cloud_broker, file: /edge/log/toupload/device_log/EMSP_Maintenance/20260807_161007_20260807_221007_EMSP_Maintenance_000000000000000000.csv.xz -> emsp-maintenance/2026/08/20260807_161007_20260807_221007_EMSP_Maintenance_000000000000000000.csv.xz
    Aug 10 17:01:18 qcells-emsplus docker-loader[33385]: [16:59:30:348][I][AZ] [UploadQueueManager] Task enqueued (pending=65)
    Aug 10 17:01:18 qcells-emsplus docker-loader[33385]: [16:59:30:349][I][AZ] [upload_file_to_blob] source: cloud_broker, file: /edge/log/toupload/device_log/EMSP_Maintenance/20260807_153551_20260807_213551_EMSP_Maintenance_000000000000000000.csv.xz -> emsp-maintenance/2026/08/20260807_153551_20260807_213551_EMSP_Maintenance_000000000000000000.csv.xz
    Aug 10 17:01:18 qcells-emsplus docker-loader[33385]: [16:59:30:349][I][AZ] [UploadQueueManager] Task enqueued (pending=66)
    Aug 10 17:01:18 qcells-emsplus docker-loader[33385]: [16:59:30:351][I][AZ] [upload_file_to_blob] source: cloud_broker, file: /edge/log/toupload/device_log/EMSP_Maintenance/20260808_101552_20260808_161552_EMSP_Maintenance_000000000000000000.csv.xz -> emsp-maintenance/2026/08/20260808_101552_20260808_161552_EMSP_Maintenance_000000000000000000.csv.xz
    Aug 10 17:01:18 qcells-emsplus docker-loader[33385]: [16:59:30:351][I][AZ] [UploadQueueManager] Task enqueued (pending=67)
    Aug 10 17:01:18 qcells-emsplus docker-loader[33385]: [16:59:30:352][I][AZ] [upload_file_to_blob] source: cloud_broker, file: /edge/log/toupload/device_log/EMSP_Maintenance/20260809_101553_20260809_161553_EMSP_Maintenance_000000000000000000.csv.xz -> emsp-maintenance/2026/08/20260809_101553_20260809_161553_EMSP_Maintenance_000000000000000000.csv.xz
    Aug 10 17:01:18 qcells-emsplus docker-loader[33385]: [16:59:30:352][I][AZ] [UploadQueueManager] Task enqueued (pending=68)
    Aug 10 17:01:18 qcells-emsplus docker-loader[33385]: [16:59:30:354][I][AZ] [upload_file_to_blob] source: cloud_broker, file: /edge/log/toupload/device_log/EMSP_Maintenance/20260810_041554_20260810_101554_EMSP_Maintenance_000000000000000000.csv.xz -> emsp-maintenance/2026/08/20260810_041554_20260810_101554_EMSP_Maintenance_000000000000000000.csv.xz
    Aug 10 17:01:18 qcells-emsplus docker-loader[33385]: [16:59:30:354][I][AZ] [UploadQueueManager] Task enqueued (pending=69)
    Aug 10 17:01:18 qcells-emsplus docker-loader[33385]: [16:59:30:357][I][AZ] [upload_file_to_blob] source: cloud_broker, file: /edge/log/toupload/device_log/EMSP_Maintenance/20260807_152940_20260807_212940_EMSP_Maintenance_000000000000000000.csv.xz -> emsp-maintenance/2026/08/20260807_152940_20260807_212940_EMSP_Maintenance_000000000000000000.csv.xz
    Aug 10 17:01:18 qcells-emsplus docker-loader[33385]: [16:59:30:357][I][AZ] [UploadQueueManager] Task enqueued (pending=70)
    Aug 10 17:01:18 qcells-emsplus docker-loader[33385]: [16:59:30:360][I][AZ] [upload_file_to_blob] source: cloud_broker, file: /edge/log/toupload/device_log/EMSP_Maintenance/20260811_152852_20260811_212852_EMSP_Maintenance_000000000000000000.csv.xz -> emsp-maintenance/2026/08/20260811_152852_20260811_212852_EMSP_Maintenance_000000000000000000.csv.xz
    Aug 10 17:01:18 qcells-emsplus docker-loader[33385]: [16:59:30:360][I][AZ] [UploadQueueManager] Task enqueued (pending=71)
    Aug 10 17:01:18 qcells-emsplus docker-loader[33385]: [16:59:30:363][I][AZ] [upload_file_to_blob] source: cloud_broker, file: /edge/log/toupload/device_log/EMSP_Maintenance/20260808_162828_20260808_222828_EMSP_Maintenance_000000000000000000.csv.xz -> emsp-maintenance/2026/08/20260808_162828_20260808_222828_EMSP_Maintenance_000000000000000000.csv.xz
    Aug 10 17:01:18 qcells-emsplus docker-loader[33385]: [16:59:30:363][I][AZ] [UploadQueueManager] Task enqueued (pending=72)
    Aug 10 17:01:18 qcells-emsplus docker-loader[33385]: [16:59:30:368][I][AZ] [upload_file_to_blob] source: cloud_broker, file: /edge/log/toupload/device_log/EMSP_Maintenance/20260809_041553_20260809_101553_EMSP_Maintenance_000000000000000000.csv.xz -> emsp-maintenance/2026/08/20260809_041553_20260809_101553_EMSP_Maintenance_000000000000000000.csv.xz
    Aug 10 17:01:18 qcells-emsplus docker-loader[33385]: [16:59:30:368][I][AZ] [UploadQueueManager] Task enqueued (pending=73)
    Aug 10 17:01:18 qcells-emsplus docker-loader[33385]: [16:59:30:371][I][AZ] [upload_file_to_blob] source: cloud_broker, file: /edge/log/toupload/device_log/EMSP_Maintenance/20260811_152311_20260811_212311_EMSP_Maintenance_000000000000000000.csv.xz -> emsp-maintenance/2026/08/20260811_152311_20260811_212311_EMSP_Maintenance_000000000000000000.csv.xz
    Aug 10 17:01:18 qcells-emsplus docker-loader[33385]: [16:59:30:371][I][AZ] [UploadQueueManager] Task enqueued (pending=74)
    Aug 10 17:01:18 qcells-emsplus docker-loader[33385]: [16:59:30:373][I][AZ] [upload_file_to_blob] source: cloud_broker, file: /edge/log/toupload/device_log/EMSP_Maintenance/20260807_094946_20260807_154946_EMSP_Maintenance_000000000000000000.csv.xz -> emsp-maintenance/2026/08/20260807_094946_20260807_154946_EMSP_Maintenance_000000000000000000.csv.xz
    Aug 10 17:01:18 qcells-emsplus docker-loader[33385]: [16:59:30:374][I][AZ] [UploadQueueManager] Task enqueued (pending=75)
    Aug 10 17:01:18 qcells-emsplus docker-loader[33385]: [16:59:30:376][I][AZ] [upload_file_to_blob] source: cloud_broker, file: /edge/log/toupload/device_log/EMSP_Maintenance/20260809_221554_20260810_041554_EMSP_Maintenance_000000000000000000.csv.xz -> emsp-maintenance/2026/08/20260809_221554_20260810_041554_EMSP_Maintenance_000000000000000000.csv.xz
    Aug 10 17:01:18 qcells-emsplus docker-loader[33385]: [16:59:30:376][I][AZ] [UploadQueueManager] Task enqueued (pending=76)
    Aug 10 17:01:18 qcells-emsplus docker-loader[33385]: [16:59:30:380][I][AZ] [upload_file_to_blob] source: cloud_broker, file: /edge/log/toupload/device_log/EMSP_Maintenance/20260808_163439_20260808_223439_EMSP_Maintenance_000000000000000000.csv.xz -> emsp-maintenance/2026/08/20260808_163439_20260808_223439_EMSP_Maintenance_000000000000000000.csv.xz
    Aug 10 17:01:18 qcells-emsplus docker-loader[33385]: [16:59:30:380][I][AZ] [UploadQueueManager] Task enqueued (pending=77)
    Aug 10 17:01:18 qcells-emsplus docker-loader[33385]: [16:59:30:382][I][AZ] [upload_file_to_blob] source: cloud_broker, file: /edge/log/toupload/device_log/EMSP_Maintenance/20260808_161552_20260808_221552_EMSP_Maintenance_000000000000000000.csv.xz -> emsp-maintenance/2026/08/20260808_161552_20260808_221552_EMSP_Maintenance_000000000000000000.csv.xz
    Aug 10 17:01:18 qcells-emsplus docker-loader[33385]: [16:59:30:383][I][AZ] [UploadQueueManager] Task enqueued (pending=78)
    Aug 10 17:01:18 qcells-emsplus docker-loader[33385]: [16:59:30:385][I][AZ] [upload_file_to_blob] source: cloud_broker, file: /edge/log/toupload/device_log/EMSP_Maintenance/20260808_170855_20260808_230855_EMSP_Maintenance_000000000000000000.csv.xz -> emsp-maintenance/2026/08/20260808_170855_20260808_230855_EMSP_Maintenance_000000000000000000.csv.xz
    Aug 10 17:01:18 qcells-emsplus docker-loader[33385]: [16:59:30:385][I][AZ] [UploadQueueManager] Task enqueued (pending=79)
    Aug 10 17:01:18 qcells-emsplus docker-loader[33385]: [16:59:30:387][I][AZ] [upload_file_to_blob] source: cloud_broker, file: /edge/log/toupload/device_log/EMSP_Maintenance/20260808_221552_20260809_041552_EMSP_Maintenance_000000000000000000.csv.xz -> emsp-maintenance/2026/08/20260808_221552_20260809_041552_EMSP_Maintenance_000000000000000000.csv.xz
    Aug 10 17:01:18 qcells-emsplus docker-loader[33385]: [16:59:30:387][I][AZ] [UploadQueueManager] Task enqueued (pending=80)
    Aug 10 17:01:18 qcells-emsplus docker-loader[33385]: [16:59:30:399][I][AZ] [upload_file_to_blob] source: cloud_broker, file: /edge/log/toupload/device_log/EMSP_Maintenance/20260810_142423_20260810_202423_EMSP_Maintenance_000000000000000000.csv.xz -> emsp-maintenance/2026/08/20260810_142423_20260810_202423_EMSP_Maintenance_000000000000000000.csv.xz
    Aug 10 17:01:18 qcells-emsplus docker-loader[33385]: [16:59:30:400][I][AZ] [UploadQueueManager] Task enqueued (pending=81)
    Aug 10 17:01:18 qcells-emsplus docker-loader[33385]: [16:59:30:401][I][AZ] [upload_file_to_blob] source: cloud_broker, file: /edge/log/toupload/device_log/EMSP_Maintenance/20260808_041551_20260808_101551_EMSP_Maintenance_000000000000000000.csv.xz -> emsp-maintenance/2026/08/20260808_041551_20260808_101551_EMSP_Maintenance_000000000000000000.csv.xz
    Aug 10 17:01:18 qcells-emsplus docker-loader[33385]: [16:59:30:401][I][AZ] [UploadQueueManager] Task enqueued (pending=82)
    Aug 10 17:01:18 qcells-emsplus docker-loader[33385]: [16:59:30:402][I][AZ] [upload_file_to_blob] source: cloud_broker, file: /edge/log/toupload/device_log/EMSP_Maintenance/20260808_171439_20260808_231439_EMSP_Maintenance_000000000000000000.csv.xz -> emsp-maintenance/2026/08/20260808_171439_20260808_231439_EMSP_Maintenance_000000000000000000.csv.xz
    Aug 10 17:01:18 qcells-emsplus docker-loader[33385]: [16:59:30:402][I][AZ] [UploadQueueManager] Task enqueued (pending=83)
    Aug 10 17:01:18 qcells-emsplus docker-loader[33385]: [16:59:30:404][I][AZ] [upload_file_to_blob] source: cloud_broker, file: /edge/log/toupload/device_log/EMSP_Maintenance/20260807_161551_20260807_221551_EMSP_Maintenance_000000000000000000.csv.xz -> emsp-maintenance/2026/08/20260807_161551_20260807_221551_EMSP_Maintenance_000000000000000000.csv.xz
    Aug 10 17:01:18 qcells-emsplus docker-loader[33385]: [16:59:30:404][I][AZ] [UploadQueueManager] Task enqueued (pending=84)
    Aug 10 17:01:18 qcells-emsplus docker-loader[33385]: [16:59:30:405][I][AZ] [upload_file_to_blob] source: cloud_broker, file: /edge/log/toupload/device_log/MI_Monitoring/20260810_141925_20260811_141925_MI_Monitoring_000000000000000000.csv.xz -> mi-monitoring/2026/08/20260810_141925_20260811_141925_MI_Monitoring_000000000000000000.csv.xz
    Aug 10 17:01:18 qcells-emsplus docker-loader[33385]: [16:59:30:405][I][AZ] [UploadQueueManager] Task enqueued (pending=85)
    Aug 10 17:01:18 qcells-emsplus docker-loader[33385]: [16:59:30:406][I][AZ] [upload_file_to_blob] source: cloud_broker, file: /edge/log/toupload/device_log/MI_Monitoring/20260807_094946_20260808_094946_MI_Monitoring_000000000000000000.csv.xz -> mi-monitoring/2026/08/20260807_094946_20260808_094946_MI_Monitoring_000000000000000000.csv.xz
    Aug 10 17:01:18 qcells-emsplus docker-loader[33385]: [16:59:30:406][I][AZ] [UploadQueueManager] Task enqueued (pending=86)
    Aug 10 17:01:18 qcells-emsplus docker-loader[33385]: [16:59:30:407][I][AZ] [upload_file_to_blob] source: cloud_broker, file: /edge/log/toupload/device_log/BMS_Operation_P01/20260810_141925_20260811_141925_BMS_Operation_P01_000000000000000000.csv.xz -> bms-operation-p01/2026/08/20260810_141925_20260811_141925_BMS_Operation_P01_000000000000000000.csv.xz
    Aug 10 17:01:18 qcells-emsplus docker-loader[33385]: [16:59:30:407][I][AZ] [UploadQueueManager] Task enqueued (pending=87)
    Aug 10 17:01:18 qcells-emsplus docker-loader[33385]: [16:59:30:409][I][AZ] [upload_file_to_blob] source: cloud_broker, file: /edge/log/toupload/device_log/BMS_Operation_P01/20260807_094946_20260808_094946_BMS_Operation_P01_000000000000000000.csv.xz -> bms-operation-p01/2026/08/20260807_094946_20260808_094946_BMS_Operation_P01_000000000000000000.csv.xz
    Aug 10 17:01:18 qcells-emsplus docker-loader[33385]: [16:59:30:409][I][AZ] [UploadQueueManager] Task enqueued (pending=88)
    Aug 10 17:01:18 qcells-emsplus docker-loader[33385]: [16:59:30:412][I][AZ] [upload_file_to_blob] source: cloud_broker, file: /edge/log/toupload/device_log/PMU_Monitoring/20260807_094946_20260807_154946_PMU_Monitoring_000000000000000000.csv.xz -> pmu-monitoring/2026/08/20260807_094946_20260807_154946_PMU_Monitoring_000000000000000000.csv.xz
    Aug 10 17:01:18 qcells-emsplus docker-loader[33385]: [16:59:30:412][I][AZ] [UploadQueueManager] Task enqueued (pending=89)
    Aug 10 17:01:18 qcells-emsplus docker-loader[33385]: [16:59:30:413][I][DM] [16:59:30:410][I][MCU] (1129800512 ms) EMSP_CurrentState : 0, MLPE_MI_Total_Count : 0, PLC_Operation_Status : 32768, MI_Operation_CMD : 0, FS_MI_Operation_Stop_Flag : 0, GEM_ALARM : 32800, PCS_Operation : 0, PCS_C1 : 0, PCS_C2 : 0, PCS_P_Sum_Power : 0, PCS_Control_Power : 0, PCS_Pre_Target_Rate : 0, PCS_Target_Rate : 0, PCS_Debug_Status : 0, MI_Scan_Status : 0, MI_Scan_Stop_Result : 0, Grid_Profile_CRC : 47402, MI_Power_Cnt : 0, MI_Grid_Detect_Cnt : 0, MI_Monitoring_Cnt : 0, G3_Counter_Error : 0, OFF_Grid : 0
    Aug 10 17:01:18 qcells-emsplus docker-loader[33385]: [16:59:30:413][I][AZ] [upload_file_to_blob] source: cloud_broker, file: /edge/log/toupload/device_log/PMU_Monitoring/20260808_101552_20260808_161552_PMU_Monitoring_000000000000000000.csv.xz -> pmu-monitoring/2026/08/20260808_101552_20260808_161552_PMU_Monitoring_000000000000000000.csv.xz
    Aug 10 17:01:18 qcells-emsplus docker-loader[33385]: [16:59:30:413][I][AZ] [UploadQueueManager] Task enqueued (pending=90)
    Aug 10 17:01:18 qcells-emsplus docker-loader[33385]: [16:59:30:397][I][API] [MqttCore:subscribe]  Success to subscribe to MQTT topic - emsp/ac_gen2_api/+/req/# 1
    Aug 10 17:01:18 qcells-emsplus docker-loader[33385]: [16:59:30:415][I][AZ] [upload_file_to_blob] source: cloud_broker, file: /edge/log/toupload/device_log/PMU_Monitoring/20260807_153551_20260807_213551_PMU_Monitoring_000000000000000000.csv.xz -> pmu-monitoring/2026/08/20260807_153551_20260807_213551_PMU_Monitoring_000000000000000000.csv.xz
    Aug 10 17:01:18 qcells-emsplus docker-loader[33385]: [16:59:30:415][I][AZ] [UploadQueueManager] Task enqueued (pending=91)
    Aug 10 17:01:18 qcells-emsplus docker-loader[33385]: [16:59:30:417][I][AZ] [upload_file_to_blob] source: cloud_broker, file: /edge/log/toupload/device_log/PMU_Monitoring/20260810_041554_20260810_101554_PMU_Monitoring_000000000000000000.csv.xz -> pmu-monitoring/2026/08/20260810_041554_20260810_101554_PMU_Monitoring_000000000000000000.csv.xz
    Aug 10 17:01:18 qcells-emsplus docker-loader[33385]: [16:59:30:417][I][AZ] [UploadQueueManager] Task enqueued (pending=92)
    Aug 10 17:01:18 qcells-emsplus docker-loader[33385]: [16:59:30:416][I][API] [subscribeOrThrow] Successfully subscribed to emsp/ac_gen2_api/+/req/#
    Aug 10 17:01:19 qcells-emsplus docker-loader[33385]: [16:59:30:419][I][AZ] [upload_file_to_blob] source: cloud_broker, file: /edge/log/toupload/device_log/PMU_Monitoring/20260809_101553_20260809_161553_PMU_Monitoring_000000000000000000.csv.xz -> pmu-monitoring/2026/08/20260809_101553_20260809_161553_PMU_Monitoring_000000000000000000.csv.xz
    Aug 10 17:01:19 qcells-emsplus docker-loader[33385]: [16:59:30:419][I][AZ] [UploadQueueManager] Task enqueued (pending=93)
    Aug 10 17:01:19 qcells-emsplus docker-loader[33385]: [16:59:30:420][I][AZ] [upload_file_to_blob] source: cloud_broker, file: /edge/log/toupload/device_log/PMU_Monitoring/20260808_221552_20260809_041552_PMU_Monitoring_000000000000000000.csv.xz -> pmu-monitoring/2026/08/20260808_221552_20260809_041552_PMU_Monitoring_000000000000000000.csv.xz
    Aug 10 17:01:19 qcells-emsplus docker-loader[33385]: [16:59:30:420][I][AZ] [UploadQueueManager] Task enqueued (pending=94)
    Aug 10 17:01:19 qcells-emsplus docker-loader[33385]: [16:59:30:422][I][AZ] [upload_file_to_blob] source: cloud_broker, file: /edge/log/toupload/device_log/PMU_Monitoring/20260807_221551_20260808_041551_PMU_Monitoring_000000000000000000.csv.xz -> pmu-monitoring/2026/08/20260807_221551_20260808_041551_PMU_Monitoring_000000000000000000.csv.xz
    Aug 10 17:01:19 qcells-emsplus docker-loader[33385]: [16:59:30:422][I][AZ] [UploadQueueManager] Task enqueued (pending=95)
    Aug 10 17:01:19 qcells-emsplus docker-loader[33385]: [16:59:30:424][I][AZ] [upload_file_to_blob] source: cloud_broker, file: /edge/log/toupload/device_log/PMU_Monitoring/20260808_163439_20260808_223439_PMU_Monitoring_000000000000000000.csv.xz -> pmu-monitoring/2026/08/20260808_163439_20260808_223439_PMU_Monitoring_000000000000000000.csv.xz
    Aug 10 17:01:19 qcells-emsplus docker-loader[33385]: [16:59:30:424][I][AZ] [UploadQueueManager] Task enqueued (pending=96)
    Aug 10 17:01:19 qcells-emsplus docker-loader[33385]: [16:59:30:425][I][API] [MqttCore:subscribe]  Success to subscribe to MQTT topic - emsp/ac_gen2_api/+/res/# 1
    Aug 10 17:01:19 qcells-emsplus docker-loader[33385]: [16:59:30:426][I][AZ] [upload_file_to_blob] source: cloud_broker, file: /edge/log/toupload/device_log/PMU_Monitoring/20260810_142423_20260810_202423_PMU_Monitoring_000000000000000000.csv.xz -> pmu-monitoring/2026/08/20260810_142423_20260810_202423_PMU_Monitoring_000000000000000000.csv.xz
    Aug 10 17:01:19 qcells-emsplus docker-loader[33385]: [16:59:30:426][I][AZ] [UploadQueueManager] Task enqueued (pending=97)
    Aug 10 17:01:19 qcells-emsplus docker-loader[33385]: [16:59:30:427][I][API] [subscribeOrThrow] Successfully subscribed to emsp/ac_gen2_api/+/res/#
    Aug 10 17:01:19 qcells-emsplus docker-loader[33385]: [16:59:30:427][I][AZ] [upload_file_to_blob] source: cloud_broker, file: /edge/log/toupload/device_log/PMU_Monitoring/20260811_152852_20260811_212852_PMU_Monitoring_000000000000000000.csv.xz -> pmu-monitoring/2026/08/20260811_152852_20260811_212852_PMU_Monitoring_000000000000000000.csv.xz
    Aug 10 17:01:19 qcells-emsplus docker-loader[33385]: [16:59:30:427][I][AZ] [UploadQueueManager] Task enqueued (pending=98)
    Aug 10 17:01:19 qcells-emsplus docker-loader[33385]: [16:59:30:431][I][AZ] [upload_file_to_blob] source: cloud_broker, file: /edge/log/toupload/device_log/PMU_Monitoring/20260807_152940_20260807_212940_PMU_Monitoring_000000000000000000.csv.xz -> pmu-monitoring/2026/08/20260807_152940_20260807_212940_PMU_Monitoring_000000000000000000.csv.xz
    Aug 10 17:01:19 qcells-emsplus docker-loader[33385]: [16:59:30:431][I][AZ] [UploadQueueManager] Task enqueued (pending=99)
    Aug 10 17:01:19 qcells-emsplus docker-loader[33385]: [16:59:30:432][I][AZ] [upload_file_to_blob] source: cloud_broker, file: /edge/log/toupload/device_log/PMU_Monitoring/20260809_221554_20260810_041554_PMU_Monitoring_000000000000000000.csv.xz -> pmu-monitoring/2026/08/20260809_221554_20260810_041554_PMU_Monitoring_000000000000000000.csv.xz
    Aug 10 17:01:19 qcells-emsplus docker-loader[33385]: [16:59:30:432][I][AZ] [UploadQueueManager] Task enqueued (pending=100)
    Aug 10 17:01:19 qcells-emsplus docker-loader[33385]: [16:59:30:434][I][AZ] [upload_file_to_blob] source: cloud_broker, file: /edge/log/toupload/device_log/PMU_Monitoring/20260811_152311_20260811_212311_PMU_Monitoring_000000000000000000.csv.xz -> pmu-monitoring/2026/08/20260811_152311_20260811_212311_PMU_Monitoring_000000000000000000.csv.xz
    Aug 10 17:01:19 qcells-emsplus docker-loader[33385]: [16:59:30:434][I][AZ] [UploadQueueManager] Task enqueued (pending=101)
    Aug 10 17:01:19 qcells-emsplus docker-loader[33385]: [16:59:30:435][I][AZ] [upload_file_to_blob] source: cloud_broker, file: /edge/log/toupload/device_log/PMU_Monitoring/20260809_161554_20260809_221554_PMU_Monitoring_000000000000000000.csv.xz -> pmu-monitoring/2026/08/20260809_161554_20260809_221554_PMU_Monitoring_000000000000000000.csv.xz
    Aug 10 17:01:19 qcells-emsplus docker-loader[33385]: [16:59:30:435][I][AZ] [UploadQueueManager] Task enqueued (pending=102)
    Aug 10 17:01:19 qcells-emsplus docker-loader[33385]: [16:59:30:436][I][API] [MqttCore:subscribe]  Success to subscribe to MQTT topic - emsp/ac_gen2_api/+/noti/# 1
    Aug 10 17:01:19 qcells-emsplus docker-loader[33385]: [16:59:30:436][I][AZ] [upload_file_to_blob] source: cloud_broker, file: /edge/log/toupload/device_log/PMU_Monitoring/20260808_171439_20260808_231439_PMU_Monitoring_000000000000000000.csv.xz -> pmu-monitoring/2026/08/20260808_171439_20260808_231439_PMU_Monitoring_000000000000000000.csv.xz
    Aug 10 17:01:19 qcells-emsplus docker-loader[33385]: [16:59:30:436][I][AZ] [UploadQueueManager] Task enqueued (pending=103)
    Aug 10 17:01:19 qcells-emsplus docker-loader[33385]: [16:59:30:437][I][API] [subscribeOrThrow] Successfully subscribed to emsp/ac_gen2_api/+/noti/#
    Aug 10 17:01:19 qcells-emsplus docker-loader[33385]: [16:59:30:438][I][AZ] [upload_file_to_blob] source: cloud_broker, file: /edge/log/toupload/device_log/PMU_Monitoring/20260807_161551_20260807_221551_PMU_Monitoring_000000000000000000.csv.xz -> pmu-monitoring/2026/08/20260807_161551_20260807_221551_PMU_Monitoring_000000000000000000.csv.xz
    Aug 10 17:01:19 qcells-emsplus docker-loader[33385]: [16:59:30:438][I][AZ] [UploadQueueManager] Task enqueued (pending=104)
    Aug 10 17:01:19 qcells-emsplus docker-loader[33385]: [16:59:30:439][I][AZ] [upload_file_to_blob] source: cloud_broker, file: /edge/log/toupload/device_log/PMU_Monitoring/20260809_041553_20260809_101553_PMU_Monitoring_000000000000000000.csv.xz -> pmu-monitoring/2026/08/20260809_041553_20260809_101553_PMU_Monitoring_000000000000000000.csv.xz
    Aug 10 17:01:19 qcells-emsplus docker-loader[33385]: [16:59:30:439][I][AZ] [UploadQueueManager] Task enqueued (pending=105)
    Aug 10 17:01:19 qcells-emsplus docker-loader[33385]: [16:59:30:440][I][AZ] [upload_file_to_blob] source: cloud_broker, file: /edge/log/toupload/device_log/PMU_Monitoring/20260808_041551_20260808_101551_PMU_Monitoring_000000000000000000.csv.xz -> pmu-monitoring/2026/08/20260808_041551_20260808_101551_PMU_Monitoring_000000000000000000.csv.xz
    Aug 10 17:01:19 qcells-emsplus docker-loader[33385]: [16:59:30:440][I][AZ] [UploadQueueManager] Task enqueued (pending=106)
    Aug 10 17:01:19 qcells-emsplus docker-loader[33385]: [16:59:30:443][I][AZ] [upload_file_to_blob] source: cloud_broker, file: /edge/log/toupload/device_log/PMU_Monitoring/20260808_162828_20260808_222828_PMU_Monitoring_000000000000000000.csv.xz -> pmu-monitoring/2026/08/20260808_162828_20260808_222828_PMU_Monitoring_000000000000000000.csv.xz
    Aug 10 17:01:19 qcells-emsplus docker-loader[33385]: [16:59:30:443][I][AZ] [UploadQueueManager] Task enqueued (pending=107)
    Aug 10 17:01:19 qcells-emsplus docker-loader[33385]: [16:59:30:447][I][DM] [16:59:30:410][I][MCU] (1129800512 ms) Prod_CT_Check_Status : 3, Consumption_CT_Check_Status : 3, CT_Reverse_Connection : 0, MI_Not_Operation_Flag : 0, ESS_Not_Operation_Flag : 0, Install_Check_Seq_By_MI : 0, Install_Check_Seq : 0, Gridcode_Disable_Flag : 0, Final_Feeder_Ex_P_Limit : 96000.0, Final_Feeder_Im_P_Limit : -96000.0, Branch_Ex_P_Limit : 96000.0, Branch_Im_P_Limit : -96000.0, Final_Tot_ESS_Ex_P_Limit : 11500.0, Final_Tot_ESS_Im_P_Limit : -11500.0, System_Commissioning_Status : 0, Grid_Reconnection_Time : 300, Initialization_Seq : 4, Install_Case : 0, Power_Control_Point : 0, SystemMode : 0, On_Grid_Seq : 0, ESS_Backup_Seq : 0, GEN_Backup_Seq : 0, BAT_Priority_Seq : 0, Grid_Reconnection_Voltage : 0, Grid_Reconnection_Frequency : 0, Grid_Reconnection_Done : 0, PMS_Grid_Status : 1, Final_Feeder_Target_P : 0.0, Offgrid_Target_Freq : 255, FreqWatt_Flag : 255, On_Off_Transition_Seq : 255, Off_On_Transition_Seq : 255, ESS_Backup_Transition : 255, Seamless_Theta_Error : 0, Seamless_PI_Vout_PI_Err : 0.0, Seamless_PI_Fout_PI_Err : 0.0
    Aug 10 17:01:19 qcells-emsplus docker-loader[33385]: [16:59:30:449][I][AZ] [upload_file_to_blob] source: cloud_broker, file: /edge/log/toupload/device_log/PMU_Monitoring/20260810_101555_20260810_161555_PMU_Monitoring_000000000000000000.csv.xz -> pmu-monitoring/2026/08/20260810_101555_20260810_161555_PMU_Monitoring_000000000000000000.csv.xz
    Aug 10 17:01:19 qcells-emsplus docker-loader[33385]: [16:59:30:449][I][AZ] [UploadQueueManager] Task enqueued (pending=108)
    Aug 10 17:01:19 qcells-emsplus docker-loader[33385]: [16:59:30:451][I][AZ] [upload_file_to_blob] source: cloud_broker, file: /edge/log/toupload/device_log/PMU_Monitoring/20260808_161552_20260808_221552_PMU_Monitoring_000000000000000000.csv.xz -> pmu-monitoring/2026/08/20260808_161552_20260808_221552_PMU_Monitoring_000000000000000000.csv.xz
    Aug 10 17:01:19 qcells-emsplus docker-loader[33385]: [16:59:30:451][I][AZ] [UploadQueueManager] Task enqueued (pending=109)
    Aug 10 17:01:19 qcells-emsplus docker-loader[33385]: [16:59:30:453][I][AZ] [upload_file_to_blob] source: cloud_broker, file: /edge/log/toupload/device_log/PMU_Monitoring/20260807_161007_20260807_221007_PMU_Monitoring_000000000000000000.csv.xz -> pmu-monitoring/2026/08/20260807_161007_20260807_221007_PMU_Monitoring_000000000000000000.csv.xz
    Aug 10 17:01:19 qcells-emsplus docker-loader[33385]: [16:59:30:453][I][AZ] [UploadQueueManager] Task enqueued (pending=110)
    Aug 10 17:01:19 qcells-emsplus docker-loader[33385]: [16:59:30:454][I][AZ] [upload_file_to_blob] source: cloud_broker, file: /edge/log/toupload/device_log/PMU_Monitoring/20260808_170855_20260808_230855_PMU_Monitoring_000000000000000000.csv.xz -> pmu-monitoring/2026/08/20260808_170855_20260808_230855_PMU_Monitoring_000000000000000000.csv.xz
    Aug 10 17:01:19 qcells-emsplus docker-loader[33385]: [16:59:30:454][I][AZ] [UploadQueueManager] Task enqueued (pending=111)
    Aug 10 17:01:19 qcells-emsplus docker-loader[33385]: [16:59:30:455][I][AZ] [upload_file_to_blob] source: cloud_broker, file: /edge/log/toupload/device_log/BMS_Operation_P02/20260807_094946_20260808_094946_BMS_Operation_P02_000000000000000000.csv.xz -> bms-operation-p02/2026/08/20260807_094946_20260808_094946_BMS_Operation_P02_000000000000000000.csv.xz
    Aug 10 17:01:19 qcells-emsplus docker-loader[33385]: [16:59:30:456][I][AZ] [UploadQueueManager] Task enqueued (pending=112)
    Aug 10 17:01:19 qcells-emsplus docker-loader[33385]: [16:59:30:457][I][AZ] [upload_file_to_blob] source: cloud_broker, file: /edge/log/toupload/device_log/BMS_Operation_P02/20260810_141925_20260811_141925_BMS_Operation_P02_000000000000000000.csv.xz -> bms-operation-p02/2026/08/20260810_141925_20260811_141925_BMS_Operation_P02_000000000000000000.csv.xz
    Aug 10 17:01:19 qcells-emsplus docker-loader[33385]: [16:59:30:457][I][AZ] [UploadQueueManager] Task enqueued (pending=113)
    Aug 10 17:01:19 qcells-emsplus docker-loader[33385]: [16:59:30:458][I][API] [MqttCore:subscribe]  Success to subscribe to MQTT topic - emsp/all/+/noti/# 1
    Aug 10 17:01:19 qcells-emsplus docker-loader[33385]: [16:59:30:458][I][AZ] [upload_file_to_blob] source: cloud_broker, file: /edge/log/toupload/device_log/BPU_CAN_Monitoring_P02/20260807_094946_20260807_154946_BPU_CAN_Monitoring_P02_000000000000000000.csv.xz -> bpu-can-monitoring-p02/2026/08/20260807_094946_20260807_154946_BPU_CAN_Monitoring_P02_000000000000000000.csv.xz
    Aug 10 17:01:19 qcells-emsplus docker-loader[33385]: [16:59:30:458][I][AZ] [UploadQueueManager] Task enqueued (pending=114)
    Aug 10 17:01:19 qcells-emsplus docker-loader[33385]: [16:59:30:459][I][API] [subscribeOrThrow] Successfully subscribed to emsp/all/+/noti/#
    Aug 10 17:01:20 qcells-emsplus docker-loader[33385]: [16:59:30:460][I][AZ] [upload_file_to_blob] source: cloud_broker, file: /edge/log/toupload/device_log/BPU_CAN_Monitoring_P02/20260810_141925_20260810_201925_BPU_CAN_Monitoring_P02_000000000000000000.csv.xz -> bpu-can-monitoring-p02/2026/08/20260810_141925_20260810_201925_BPU_CAN_Monitoring_P02_000000000000000000.csv.xz
    Aug 10 17:01:20 qcells-emsplus docker-loader[33385]: [16:59:30:460][I][AZ] [UploadQueueManager] Task enqueued (pending=115)
    Aug 10 17:01:20 qcells-emsplus docker-loader[33385]: [16:59:30:460][I][API] [connectExternalServices] All external services connected successfully!
    Aug 10 17:01:20 qcells-emsplus docker-loader[33385]: [16:59:30:461][I][AZ] [upload_file_to_blob] source: cloud_broker, file: /edge/log/toupload/device_log/BPU_CAN_Monitoring_P02/20260807_155120_20260807_215120_BPU_CAN_Monitoring_P02_000000000000000000.csv.xz -> bpu-can-monitoring-p02/2026/08/20260807_155120_20260807_215120_BPU_CAN_Monitoring_P02_000000000000000000.csv.xz
    Aug 10 17:01:20 qcells-emsplus docker-loader[33385]: [16:59:30:461][I][AZ] [UploadQueueManager] Task enqueued (pending=116)
    Aug 10 17:01:20 qcells-emsplus docker-loader[33385]: [16:59:30:461][I][API] [connectWithRetry] connectExternalServices: Successfully connected.
    Aug 10 17:01:20 qcells-emsplus docker-loader[33385]: [16:59:30:462][I][API] [bootSystem] System initialization completed
    Aug 10 17:01:20 qcells-emsplus docker-loader[33385]: [16:59:30:463][I][AZ] [upload_file_to_blob] source: cloud_broker, file: /edge/log/toupload/device_log/C_Box_Monitoring/20260810_041554_20260810_101554_C_Box_Monitoring_000000000000000000.csv.xz -> c-box-monitoring/2026/08/20260810_041554_20260810_101554_C_Box_Monitoring_000000000000000000.csv.xz
    Aug 10 17:01:20 qcells-emsplus docker-loader[33385]: [16:59:30:463][I][AZ] [UploadQueueManager] Task enqueued (pending=117)
    Aug 10 17:01:20 qcells-emsplus docker-loader[33385]: [16:59:30:464][I][AZ] [upload_file_to_blob] source: cloud_broker, file: /edge/log/toupload/device_log/C_Box_Monitoring/20260809_101553_20260809_161553_C_Box_Monitoring_000000000000000000.csv.xz -> c-box-monitoring/2026/08/20260809_101553_20260809_161553_C_Box_Monitoring_000000000000000000.csv.xz
    Aug 10 17:01:20 qcells-emsplus docker-loader[33385]: [16:59:30:464][I][AZ] [UploadQueueManager] Task enqueued (pending=118)
    Aug 10 17:01:20 qcells-emsplus docker-loader[33385]: [16:59:30:465][I][AZ] [upload_file_to_blob] source: cloud_broker, file: /edge/log/toupload/device_log/C_Box_Monitoring/20260808_162828_20260808_222828_C_Box_Monitoring_000000000000000000.csv.xz -> c-box-monitoring/2026/08/20260808_162828_20260808_222828_C_Box_Monitoring_000000000000000000.csv.xz
    Aug 10 17:01:20 qcells-emsplus docker-loader[33385]: [16:59:30:465][I][AZ] [UploadQueueManager] Task enqueued (pending=119)
    Aug 10 17:01:20 qcells-emsplus docker-loader[33385]: [16:59:30:467][I][AZ] [upload_file_to_blob] source: cloud_broker, file: /edge/log/toupload/device_log/C_Box_Monitoring/20260811_152852_20260811_212852_C_Box_Monitoring_000000000000000000.csv.xz -> c-box-monitoring/2026/08/20260811_152852_20260811_212852_C_Box_Monitoring_000000000000000000.csv.xz
    Aug 10 17:01:20 qcells-emsplus docker-loader[33385]: [16:59:30:467][I][AZ] [UploadQueueManager] Task enqueued (pending=120)
    Aug 10 17:01:20 qcells-emsplus docker-loader[33385]: [16:59:30:468][I][AZ] [upload_file_to_blob] source: cloud_broker, file: /edge/log/toupload/device_log/C_Box_Monitoring/20260808_163439_20260808_223439_C_Box_Monitoring_000000000000000000.csv.xz -> c-box-monitoring/2026/08/20260808_163439_20260808_223439_C_Box_Monitoring_000000000000000000.csv.xz
    Aug 10 17:01:20 qcells-emsplus docker-loader[33385]: [16:59:30:468][I][AZ] [UploadQueueManager] Task enqueued (pending=121)
    Aug 10 17:01:20 qcells-emsplus docker-loader[33385]: [16:59:30:469][I][AZ] [upload_file_to_blob] source: cloud_broker, file: /edge/log/toupload/device_log/C_Box_Monitoring/20260808_221552_20260809_041552_C_Box_Monitoring_000000000000000000.csv.xz -> c-box-monitoring/2026/08/20260808_221552_20260809_041552_C_Box_Monitoring_000000000000000000.csv.xz
    Aug 10 17:01:20 qcells-emsplus docker-loader[33385]: [16:59:30:469][I][AZ] [UploadQueueManager] Task enqueued (pending=122)
    Aug 10 17:01:20 qcells-emsplus docker-loader[33385]: [16:59:30:471][I][AZ] [upload_file_to_blob] source: cloud_broker, file: /edge/log/toupload/device_log/C_Box_Monitoring/20260808_161552_20260808_221552_C_Box_Monitoring_000000000000000000.csv.xz -> c-box-monitoring/2026/08/20260808_161552_20260808_221552_C_Box_Monitoring_000000000000000000.csv.xz
    Aug 10 17:01:20 qcells-emsplus docker-loader[33385]: [16:59:30:471][I][AZ] [UploadQueueManager] Task enqueued (pending=123)
    Aug 10 17:01:20 qcells-emsplus docker-loader[33385]: [16:59:30:472][E][EL] Invalid sync byte
    Aug 10 17:01:20 qcells-emsplus docker-loader[33385]: [16:59:30:472][W][EL] SPI read attempt 1/5 failed at 0x8003 (result=5)
    Aug 10 17:01:20 qcells-emsplus docker-loader[33385]: [16:59:30:472][I][AZ] [upload_file_to_blob] source: cloud_broker, file: /edge/log/toupload/device_log/C_Box_Monitoring/20260809_221554_20260810_041554_C_Box_Monitoring_000000000000000000.csv.xz -> c-box-monitoring/2026/08/20260809_221554_20260810_041554_C_Box_Monitoring_000000000000000000.csv.xz
    Aug 10 17:01:20 qcells-emsplus docker-loader[33385]: [16:59:30:472][I][AZ] [UploadQueueManager] Task enqueued (pending=124)
    Aug 10 17:01:20 qcells-emsplus docker-loader[33385]: [16:59:30:474][I][AZ] [upload_file_to_blob] source: cloud_broker, file: /edge/log/toupload/device_log/C_Box_Monitoring/20260808_171439_20260808_231439_C_Box_Monitoring_000000000000000000.csv.xz -> c-box-monitoring/2026/08/20260808_171439_20260808_231439_C_Box_Monitoring_000000000000000000.csv.xz
    Aug 10 17:01:20 qcells-emsplus docker-loader[33385]: [16:59:30:474][I][AZ] [UploadQueueManager] Task enqueued (pending=125)
    Aug 10 17:01:20 qcells-emsplus docker-loader[33385]: [16:59:30:475][I][AZ] [upload_file_to_blob] source: cloud_broker, file: /edge/log/toupload/device_log/C_Box_Monitoring/20260807_221551_20260808_041551_C_Box_Monitoring_000000000000000000.csv.xz -> c-box-monitoring/2026/08/20260807_221551_20260808_041551_C_Box_Monitoring_000000000000000000.csv.xz
    Aug 10 17:01:20 qcells-emsplus docker-loader[33385]: [16:59:30:475][I][AZ] [UploadQueueManager] Task enqueued (pending=126)
    Aug 10 17:01:20 qcells-emsplus docker-loader[33385]: [16:59:30:476][I][AZ] [upload_file_to_blob] source: cloud_broker, file: /edge/log/toupload/device_log/C_Box_Monitoring/20260810_142423_20260810_202423_C_Box_Monitoring_000000000000000000.csv.xz -> c-box-monitoring/2026/08/20260810_142423_20260810_202423_C_Box_Monitoring_000000000000000000.csv.xz
    Aug 10 17:01:20 qcells-emsplus docker-loader[33385]: [16:59:30:476][I][AZ] [UploadQueueManager] Task enqueued (pending=127)
    Aug 10 17:01:20 qcells-emsplus docker-loader[33385]: [16:59:30:478][I][AZ] [upload_file_to_blob] source: cloud_broker, file: /edge/log/toupload/device_log/C_Box_Monitoring/20260807_094946_20260807_154946_C_Box_Monitoring_000000000000000000.csv.xz -> c-box-monitoring/2026/08/20260807_094946_20260807_154946_C_Box_Monitoring_000000000000000000.csv.xz
    Aug 10 17:01:20 qcells-emsplus docker-loader[33385]: [16:59:30:478][I][AZ] [UploadQueueManager] Task enqueued (pending=128)
    Aug 10 17:01:20 qcells-emsplus docker-loader[33385]: [16:59:30:479][I][AZ] [upload_file_to_blob] source: cloud_broker, file: /edge/log/toupload/device_log/C_Box_Monitoring/20260807_153551_20260807_213551_C_Box_Monitoring_000000000000000000.csv.xz -> c-box-monitoring/2026/08/20260807_153551_20260807_213551_C_Box_Monitoring_000000000000000000.csv.xz
    Aug 10 17:01:20 qcells-emsplus docker-loader[33385]: [16:59:30:479][I][AZ] [UploadQueueManager] Task enqueued (pending=129)
    Aug 10 17:01:20 qcells-emsplus docker-loader[33385]: [16:59:30:481][I][AZ] [upload_file_to_blob] source: cloud_broker, file: /edge/log/toupload/device_log/C_Box_Monitoring/20260808_041551_20260808_101551_C_Box_Monitoring_000000000000000000.csv.xz -> c-box-monitoring/2026/08/20260808_041551_20260808_101551_C_Box_Monitoring_000000000000000000.csv.xz
    Aug 10 17:01:20 qcells-emsplus docker-loader[33385]: [16:59:30:481][I][AZ] [UploadQueueManager] Task enqueued (pending=130)
    Aug 10 17:01:20 qcells-emsplus docker-loader[33385]: [16:59:30:482][I][AZ] [upload_file_to_blob] source: cloud_broker, file: /edge/log/toupload/device_log/C_Box_Monitoring/20260810_101555_20260810_161555_C_Box_Monitoring_000000000000000000.csv.xz -> c-box-monitoring/2026/08/20260810_101555_20260810_161555_C_Box_Monitoring_000000000000000000.csv.xz
    Aug 10 17:01:20 qcells-emsplus docker-loader[33385]: [16:59:30:482][I][AZ] [UploadQueueManager] Task enqueued (pending=131)
    Aug 10 17:01:20 qcells-emsplus docker-loader[33385]: [16:59:30:484][I][AZ] [upload_file_to_blob] source: cloud_broker, file: /edge/log/toupload/device_log/C_Box_Monitoring/20260809_041553_20260809_101553_C_Box_Monitoring_000000000000000000.csv.xz -> c-box-monitoring/2026/08/20260809_041553_20260809_101553_C_Box_Monitoring_000000000000000000.csv.xz
    Aug 10 17:01:20 qcells-emsplus docker-loader[33385]: [16:59:30:484][I][AZ] [UploadQueueManager] Task enqueued (pending=132)
    Aug 10 17:01:20 qcells-emsplus docker-loader[33385]: [16:59:30:485][I][AZ] [upload_file_to_blob] source: cloud_broker, file: /edge/log/toupload/device_log/C_Box_Monitoring/20260808_170855_20260808_230855_C_Box_Monitoring_000000000000000000.csv.xz -> c-box-monitoring/2026/08/20260808_170855_20260808_230855_C_Box_Monitoring_000000000000000000.csv.xz
    Aug 10 17:01:20 qcells-emsplus docker-loader[33385]: [16:59:30:485][I][AZ] [UploadQueueManager] Task enqueued (pending=133)
    Aug 10 17:01:20 qcells-emsplus docker-loader[33385]: [16:59:30:487][I][AZ] [upload_file_to_blob] source: cloud_broker, file: /edge/log/toupload/device_log/C_Box_Monitoring/20260809_161554_20260809_221554_C_Box_Monitoring_000000000000000000.csv.xz -> c-box-monitoring/2026/08/20260809_161554_20260809_221554_C_Box_Monitoring_000000000000000000.csv.xz
    Aug 10 17:01:20 qcells-emsplus docker-loader[33385]: [16:59:30:487][I][AZ] [UploadQueueManager] Task enqueued (pending=134)
    Aug 10 17:01:20 qcells-emsplus docker-loader[33385]: [16:59:30:491][I][AZ] [upload_file_to_blob] source: cloud_broker, file: /edge/log/toupload/device_log/C_Box_Monitoring/20260807_161551_20260807_221551_C_Box_Monitoring_000000000000000000.csv.xz -> c-box-monitoring/2026/08/20260807_161551_20260807_221551_C_Box_Monitoring_000000000000000000.csv.xz
    Aug 10 17:01:20 qcells-emsplus docker-loader[33385]: [16:59:30:491][I][AZ] [UploadQueueManager] Task enqueued (pending=135)
    Aug 10 17:01:20 qcells-emsplus docker-loader[33385]: [16:59:30:492][I][AZ] [upload_file_to_blob] source: cloud_broker, file: /edge/log/toupload/device_log/C_Box_Monitoring/20260807_152940_20260807_212940_C_Box_Monitoring_000000000000000000.csv.xz -> c-box-monitoring/2026/08/20260807_152940_20260807_212940_C_Box_Monitoring_000000000000000000.csv.xz
    Aug 10 17:01:20 qcells-emsplus docker-loader[33385]: [16:59:30:492][I][AZ] [UploadQueueManager] Task enqueued (pending=136)
    Aug 10 17:01:20 qcells-emsplus docker-loader[33385]: [16:59:30:493][I][AZ] [upload_file_to_blob] source: cloud_broker, file: /edge/log/toupload/device_log/C_Box_Monitoring/20260811_152311_20260811_212311_C_Box_Monitoring_000000000000000000.csv.xz -> c-box-monitoring/2026/08/20260811_152311_20260811_212311_C_Box_Monitoring_000000000000000000.csv.xz
    Aug 10 17:01:20 qcells-emsplus docker-loader[33385]: [16:59:30:493][I][AZ] [UploadQueueManager] Task enqueued (pending=137)
    Aug 10 17:01:20 qcells-emsplus docker-loader[33385]: [16:59:30:494][I][AZ] [upload_file_to_blob] source: cloud_broker, file: /edge/log/toupload/device_log/C_Box_Monitoring/20260808_101552_20260808_161552_C_Box_Monitoring_000000000000000000.csv.xz -> c-box-monitoring/2026/08/20260808_101552_20260808_161552_C_Box_Monitoring_000000000000000000.csv.xz
    Aug 10 17:01:20 qcells-emsplus docker-loader[33385]: [16:59:30:494][I][AZ] [UploadQueueManager] Task enqueued (pending=138)
    Aug 10 17:01:21 qcells-emsplus docker-loader[33385]: [16:59:30:495][I][AZ] [upload_file_to_blob] source: cloud_broker, file: /edge/log/toupload/device_log/C_Box_Monitoring/20260807_161007_20260807_221007_C_Box_Monitoring_000000000000000000.csv.xz -> c-box-monitoring/2026/08/20260807_161007_20260807_221007_C_Box_Monitoring_000000000000000000.csv.xz
    Aug 10 17:01:21 qcells-emsplus docker-loader[33385]: [16:59:30:495][I][AZ] [UploadQueueManager] Task enqueued (pending=139)
    Aug 10 17:01:21 qcells-emsplus docker-loader[33385]: [16:59:30:497][I][AZ] [upload_file_to_blob] source: cloud_broker, file: /edge/log/toupload/device_log/PMU_Fault/20260808_203317_20260808_203618_PMU_Fault_000000000000000000.csv.xz -> pmu-fault/2026/08/20260808_203317_20260808_203618_PMU_Fault_000000000000000000.csv.xz
    Aug 10 17:01:21 qcells-emsplus docker-loader[33385]: [16:59:30:497][I][AZ] [UploadQueueManager] Task enqueued (pending=140)
    Aug 10 17:01:21 qcells-emsplus docker-loader[33385]: [16:59:30:499][I][AZ] [upload_file_to_blob] source: cloud_broker, file: /edge/log/toupload/device_log/PMU_Fault/20260808_002500_20260808_002803_PMU_Fault_000000000000000000.csv.xz -> pmu-fault/2026/08/20260808_002500_20260808_002803_PMU_Fault_000000000000000000.csv.xz
    Aug 10 17:01:21 qcells-emsplus docker-loader[33385]: [16:59:30:499][I][AZ] [UploadQueueManager] Task enqueued (pending=141)
    Aug 10 17:01:21 qcells-emsplus docker-loader[33385]: [16:59:30:500][I][AZ] [upload_file_to_blob] source: cloud_broker, file: /edge/log/toupload/device_log/PMU_Fault/20260808_113359_20260808_113700_PMU_Fault_000000000000000000.csv.xz -> pmu-fault/2026/08/20260808_113359_20260808_113700_PMU_Fault_000000000000000000.csv.xz
    Aug 10 17:01:21 qcells-emsplus docker-loader[33385]: [16:59:30:500][I][AZ] [UploadQueueManager] Task enqueued (pending=142)
    Aug 10 17:01:21 qcells-emsplus docker-loader[33385]: [16:59:30:501][I][AZ] [upload_file_to_blob] source: cloud_broker, file: /edge/log/toupload/device_log/PMU_Fault/20260807_181418_20260807_181719_PMU_Fault_000000000000000000.csv.xz -> pmu-fault/2026/08/20260807_181418_20260807_181719_PMU_Fault_000000000000000000.csv.xz
    Aug 10 17:01:21 qcells-emsplus docker-loader[33385]: [16:59:30:501][I][AZ] [UploadQueueManager] Task enqueued (pending=143)
    Aug 10 17:01:21 qcells-emsplus docker-loader[33385]: [16:59:30:502][I][AZ] [upload_file_to_blob] source: cloud_broker, file: /edge/log/toupload/device_log/PMU_Fault/20260808_134222_20260808_134524_PMU_Fault_000000000000000000.csv.xz -> pmu-fault/2026/08/20260808_134222_20260808_134524_PMU_Fault_000000000000000000.csv.xz
    Aug 10 17:01:21 qcells-emsplus docker-loader[33385]: [16:59:30:502][I][AZ] [UploadQueueManager] Task enqueued (pending=144)
    Aug 10 17:01:21 qcells-emsplus docker-loader[33385]: [16:59:30:504][I][AZ] [upload_file_to_blob] source: cloud_broker, file: /edge/log/toupload/device_log/PMU_Fault/20260808_051103_20260808_051404_PMU_Fault_000000000000000000.csv.xz -> pmu-fault/2026/08/20260808_051103_20260808_051404_PMU_Fault_000000000000000000.csv.xz
    Aug 10 17:01:21 qcells-emsplus docker-loader[33385]: [16:59:30:504][I][AZ] [UploadQueueManager] Task enqueued (pending=145)
    Aug 10 17:01:21 qcells-emsplus docker-loader[33385]: [16:59:30:505][I][AZ] [upload_file_to_blob] source: cloud_broker, file: /edge/log/toupload/device_log/PMU_Fault/20260807_152808_20260807_153017_PMU_Fault_000000000000000000.csv.xz -> pmu-fault/2026/08/20260807_152808_20260807_153017_PMU_Fault_000000000000000000.csv.xz
    Aug 10 17:01:21 qcells-emsplus docker-loader[33385]: [16:59:30:505][I][AZ] [UploadQueueManager] Task enqueued (pending=146)
    Aug 10 17:01:21 qcells-emsplus docker-loader[33385]: [16:59:30:507][I][AZ] [upload_file_to_blob] source: cloud_broker, file: /edge/log/toupload/device_log/PMU_Fault/20260807_150345_20260807_150646_PMU_Fault_000000000000000000.csv.xz -> pmu-fault/2026/08/20260807_150345_20260807_150646_PMU_Fault_000000000000000000.csv.xz
    Aug 10 17:01:21 qcells-emsplus docker-loader[33385]: [16:59:30:507][I][AZ] [UploadQueueManager] Task enqueued (pending=147)
    Aug 10 17:01:21 qcells-emsplus docker-loader[33385]: [16:59:30:508][I][AZ] [upload_file_to_blob] source: cloud_broker, file: /edge/log/toupload/device_log/PMU_Fault/20260808_140716_20260808_141017_PMU_Fault_000000000000000000.csv.xz -> pmu-fault/2026/08/20260808_140716_20260808_141017_PMU_Fault_000000000000000000.csv.xz
    Aug 10 17:01:21 qcells-emsplus docker-loader[33385]: [16:59:30:508][I][AZ] [UploadQueueManager] Task enqueued (pending=148)
    Aug 10 17:01:21 qcells-emsplus docker-loader[33385]: [16:59:30:509][I][AZ] [upload_file_to_blob] source: cloud_broker, file: /edge/log/toupload/device_log/PMU_Fault/20260808_233358_20260808_233659_PMU_Fault_000000000000000000.csv.xz -> pmu-fault/2026/08/20260808_233358_20260808_233659_PMU_Fault_000000000000000000.csv.xz
    Aug 10 17:01:21 qcells-emsplus docker-loader[33385]: [16:59:30:509][I][AZ] [UploadQueueManager] Task enqueued (pending=149)
    Aug 10 17:01:21 qcells-emsplus docker-loader[33385]: [16:59:30:511][I][AZ] [upload_file_to_blob] source: cloud_broker, file: /edge/log/toupload/device_log/PMU_Fault/20260808_142106_20260808_142407_PMU_Fault_000000000000000000.csv.xz -> pmu-fault/2026/08/20260808_142106_20260808_142407_PMU_Fault_000000000000000000.csv.xz
    Aug 10 17:01:21 qcells-emsplus docker-loader[33385]: [16:59:30:511][I][AZ] [UploadQueueManager] Task enqueued (pending=150)
    Aug 10 17:01:21 qcells-emsplus docker-loader[33385]: [16:59:30:512][I][AZ] [upload_file_to_blob] source: cloud_broker, file: /edge/log/toupload/device_log/PMU_Fault/20260808_064728_20260808_065029_PMU_Fault_000000000000000000.csv.xz -> pmu-fault/2026/08/20260808_064728_20260808_065029_PMU_Fault_000000000000000000.csv.xz
    Aug 10 17:01:21 qcells-emsplus docker-loader[33385]: [16:59:30:512][I][AZ] [UploadQueueManager] Task enqueued (pending=151)
    Aug 10 17:01:21 qcells-emsplus docker-loader[33385]: [16:59:30:514][I][AZ] [upload_file_to_blob] source: cloud_broker, file: /edge/log/toupload/device_log/PMU_Fault/20260808_101630_20260808_101932_PMU_Fault_000000000000000000.csv.xz -> pmu-fault/2026/08/20260808_101630_20260808_101932_PMU_Fault_000000000000000000.csv.xz
    Aug 10 17:01:21 qcells-emsplus docker-loader[33385]: [16:59:30:514][I][AZ] [UploadQueueManager] Task enqueued (pending=152)
    Aug 10 17:01:21 qcells-emsplus docker-loader[33385]: [16:59:30:515][I][AZ] [upload_file_to_blob] source: cloud_broker, file: /edge/log/toupload/device_log/PMU_Fault/20260808_083122_20260808_083424_PMU_Fault_000000000000000000.csv.xz -> pmu-fault/2026/08/20260808_083122_20260808_083424_PMU_Fault_000000000000000000.csv.xz
    Aug 10 17:01:21 qcells-emsplus docker-loader[33385]: [16:59:30:515][I][AZ] [UploadQueueManager] Task enqueued (pending=153)
    Aug 10 17:01:21 qcells-emsplus docker-loader[33385]: [16:59:30:516][I][AZ] [upload_file_to_blob] source: cloud_broker, file: /edge/log/toupload/device_log/PMU_Fault/20260809_021336_20260809_021636_PMU_Fault_000000000000000000.csv.xz -> pmu-fault/2026/08/20260809_021336_20260809_021636_PMU_Fault_000000000000000000.csv.xz
    Aug 10 17:01:21 qcells-emsplus docker-loader[33385]: [16:59:30:516][I][AZ] [UploadQueueManager] Task enqueued (pending=154)
    Aug 10 17:01:21 qcells-emsplus docker-loader[33385]: [16:59:30:517][I][AZ] [upload_file_to_blob] source: cloud_broker, file: /edge/log/toupload/device_log/PMU_Fault/20260808_093848_20260808_094150_PMU_Fault_000000000000000000.csv.xz -> pmu-fault/2026/08/20260808_093848_20260808_094150_PMU_Fault_000000000000000000.csv.xz
    Aug 10 17:01:21 qcells-emsplus docker-loader[33385]: [16:59:30:517][I][AZ] [UploadQueueManager] Task enqueued (pending=155)
    Aug 10 17:01:21 qcells-emsplus docker-loader[33385]: [16:59:30:519][I][AZ] [upload_file_to_blob] source: cloud_broker, file: /edge/log/toupload/device_log/PMU_Fault/20260807_194241_20260807_194543_PMU_Fault_000000000000000000.csv.xz -> pmu-fault/2026/08/20260807_194241_20260807_194543_PMU_Fault_000000000000000000.csv.xz
    Aug 10 17:01:21 qcells-emsplus docker-loader[33385]: [16:59:30:519][I][AZ] [UploadQueueManager] Task enqueued (pending=156)
    Aug 10 17:01:21 qcells-emsplus docker-loader[33385]: [16:59:30:520][I][AZ] [upload_file_to_blob] source: cloud_broker, file: /edge/log/toupload/device_log/PMU_Fault/20260807_152808_20260808_162908_PMU_Fault_000000000000000000.csv.xz -> pmu-fault/2026/08/20260807_152808_20260808_162908_PMU_Fault_000000000000000000.csv.xz
    Aug 10 17:01:21 qcells-emsplus docker-loader[33385]: [16:59:30:520][I][AZ] [UploadQueueManager] Task enqueued (pending=157)
    Aug 10 17:01:21 qcells-emsplus docker-loader[33385]: [16:59:30:521][I][AZ] [upload_file_to_blob] source: cloud_broker, file: /edge/log/toupload/device_log/PMU_Fault/20260807_153420_20260808_163521_PMU_Fault_000000000000000000.csv.xz -> pmu-fault/2026/08/20260807_153420_20260808_163521_PMU_Fault_000000000000000000.csv.xz
    Aug 10 17:01:21 qcells-emsplus docker-loader[33385]: [16:59:30:521][I][AZ] [UploadQueueManager] Task enqueued (pending=158)
    Aug 10 17:01:21 qcells-emsplus docker-loader[33385]: [16:59:30:523][I][AZ] [upload_file_to_blob] source: cloud_broker, file: /edge/log/toupload/device_log/PMU_Fault/20260808_071240_20260808_071541_PMU_Fault_000000000000000000.csv.xz -> pmu-fault/2026/08/20260808_071240_20260808_071541_PMU_Fault_000000000000000000.csv.xz
    Aug 10 17:01:21 qcells-emsplus docker-loader[33385]: [16:59:30:523][I][AZ] [UploadQueueManager] Task enqueued (pending=159)
    Aug 10 17:01:21 qcells-emsplus docker-loader[33385]: [16:59:30:524][I][AZ] [upload_file_to_blob] source: cloud_broker, file: /edge/log/toupload/device_log/PMU_Fault/20260808_202150_20260808_202451_PMU_Fault_000000000000000000.csv.xz -> pmu-fault/2026/08/20260808_202150_20260808_202451_PMU_Fault_000000000000000000.csv.xz
    Aug 10 17:01:21 qcells-emsplus docker-loader[33385]: [16:59:30:524][I][AZ] [UploadQueueManager] Task enqueued (pending=160)
    Aug 10 17:01:21 qcells-emsplus docker-loader[33385]: [16:59:30:525][I][AZ] [upload_file_to_blob] source: cloud_broker, file: /edge/log/toupload/device_log/PMU_Fault/20260807_180033_20260807_180334_PMU_Fault_000000000000000000.csv.xz -> pmu-fault/2026/08/20260807_180033_20260807_180334_PMU_Fault_000000000000000000.csv.xz
    Aug 10 17:01:21 qcells-emsplus docker-loader[33385]: [16:59:30:525][I][AZ] [UploadQueueManager] Task enqueued (pending=161)
    Aug 10 17:01:21 qcells-emsplus docker-loader[33385]: [16:59:30:526][I][AZ] [upload_file_to_blob] source: cloud_broker, file: /edge/log/toupload/device_log/PMU_Fault/20260807_201107_20260807_201408_PMU_Fault_000000000000000000.csv.xz -> pmu-fault/2026/08/20260807_201107_20260807_201408_PMU_Fault_000000000000000000.csv.xz
    Aug 10 17:01:21 qcells-emsplus docker-loader[33385]: [16:59:30:526][I][AZ] [UploadQueueManager] Task enqueued (pending=162)
    Aug 10 17:01:21 qcells-emsplus docker-loader[33385]: [16:59:30:528][I][AZ] [upload_file_to_blob] source: cloud_broker, file: /edge/log/toupload/device_log/PMU_Fault/20260808_094332_20260808_094641_PMU_Fault_000000000000000000.csv.xz -> pmu-fault/2026/08/20260808_094332_20260808_094641_PMU_Fault_000000000000000000.csv.xz
    Aug 10 17:01:21 qcells-emsplus docker-loader[33385]: [16:59:30:528][I][AZ] [UploadQueueManager] Task enqueued (pending=163)
    Aug 10 17:01:21 qcells-emsplus docker-loader[33385]: [16:59:30:529][I][AZ] [upload_file_to_blob] source: cloud_broker, file: /edge/log/toupload/device_log/PMU_Fault/20260808_104519_20260808_104820_PMU_Fault_000000000000000000.csv.xz -> pmu-fault/2026/08/20260808_104519_20260808_104820_PMU_Fault_000000000000000000.csv.xz
    Aug 10 17:01:21 qcells-emsplus docker-loader[33385]: [16:59:30:529][I][AZ] [UploadQueueManager] Task enqueued (pending=164)
    Aug 10 17:01:21 qcells-emsplus docker-loader[33385]: [16:59:30:530][I][AZ] [upload_file_to_blob] source: cloud_broker, file: /edge/log/toupload/device_log/PMU_Fault/20260808_074425_20260808_074726_PMU_Fault_000000000000000000.csv.xz -> pmu-fault/2026/08/20260808_074425_20260808_074726_PMU_Fault_000000000000000000.csv.xz
    Aug 10 17:01:21 qcells-emsplus docker-loader[33385]: [16:59:30:530][I][AZ] [UploadQueueManager] Task enqueued (pending=165)
    Aug 10 17:01:21 qcells-emsplus docker-loader[33385]: [16:59:30:531][I][AZ] [upload_file_to_blob] source: cloud_broker, file: /edge/log/toupload/device_log/PMU_Fault/20260807_222112_20260807_222413_PMU_Fault_000000000000000000.csv.xz -> pmu-fault/2026/08/20260807_222112_20260807_222413_PMU_Fault_000000000000000000.csv.xz
    Aug 10 17:01:21 qcells-emsplus docker-loader[33385]: [16:59:30:531][I][AZ] [UploadQueueManager] Task enqueued (pending=166)
    Aug 10 17:01:21 qcells-emsplus docker-loader[33385]: [16:59:30:533][I][AZ] [upload_file_to_blob] source: cloud_broker, file: /edge/log/toupload/device_log/PMU_Fault/20260807_103939_20260807_104240_PMU_Fault_000000000000000000.csv.xz -> pmu-fault/2026/08/20260807_103939_20260807_104240_PMU_Fault_000000000000000000.csv.xz
    Aug 10 17:01:21 qcells-emsplus docker-loader[33385]: [16:59:30:533][I][AZ] [UploadQueueManager] Task enqueued (pending=167)
    Aug 10 17:01:21 qcells-emsplus docker-loader[33385]: [16:59:30:534][I][AZ] [upload_file_to_blob] source: cloud_broker, file: /edge/log/toupload/device_log/PMU_Fault/20260808_011713_20260808_012014_PMU_Fault_000000000000000000.csv.xz -> pmu-fault/2026/08/20260808_011713_20260808_012014_PMU_Fault_000000000000000000.csv.xz
    Aug 10 17:01:22 qcells-emsplus docker-loader[33385]: [16:59:30:534][I][AZ] [UploadQueueManager] Task enqueued (pending=168)
    Aug 10 17:01:22 qcells-emsplus docker-loader[33385]: [16:59:30:535][I][AZ] [upload_file_to_blob] source: cloud_broker, file: /edge/log/toupload/device_log/PMU_Fault/20260808_052339_20260808_052641_PMU_Fault_000000000000000000.csv.xz -> pmu-fault/2026/08/20260808_052339_20260808_052641_PMU_Fault_000000000000000000.csv.xz
    Aug 10 17:01:22 qcells-emsplus docker-loader[33385]: [16:59:30:535][I][AZ] [UploadQueueManager] Task enqueued (pending=169)
    Aug 10 17:01:22 qcells-emsplus docker-loader[33385]: [16:59:30:536][I][AZ] [upload_file_to_blob] source: cloud_broker, file: /edge/log/toupload/device_log/PMU_Fault/20260807_234200_20260807_234502_PMU_Fault_000000000000000000.csv.xz -> pmu-fault/2026/08/20260807_234200_20260807_234502_PMU_Fault_000000000000000000.csv.xz
    Aug 10 17:01:22 qcells-emsplus docker-loader[33385]: [16:59:30:536][I][AZ] [UploadQueueManager] Task enqueued (pending=170)
    Aug 10 17:01:22 qcells-emsplus docker-loader[33385]: [16:59:30:537][I][AZ] [upload_file_to_blob] source: cloud_broker, file: /edge/log/toupload/device_log/PMU_Fault/20260808_132829_20260808_133131_PMU_Fault_000000000000000000.csv.xz -> pmu-fault/2026/08/20260808_132829_20260808_133131_PMU_Fault_000000000000000000.csv.xz
    Aug 10 17:01:22 qcells-emsplus docker-loader[33385]: [16:59:30:538][I][AZ] [UploadQueueManager] Task enqueued (pending=171)
    Aug 10 17:01:22 qcells-emsplus docker-loader[33385]: [16:59:30:539][I][AZ] [upload_file_to_blob] source: cloud_broker, file: /edge/log/toupload/device_log/PMU_Fault/20260807_133442_20260807_133743_PMU_Fault_000000000000000000.csv.xz -> pmu-fault/2026/08/20260807_133442_20260807_133743_PMU_Fault_000000000000000000.csv.xz
    Aug 10 17:01:22 qcells-emsplus docker-loader[33385]: [16:59:30:539][I][AZ] [UploadQueueManager] Task enqueued (pending=172)
    Aug 10 17:01:22 qcells-emsplus docker-loader[33385]: [16:59:30:540][I][AZ] [upload_file_to_blob] source: cloud_broker, file: /edge/log/toupload/device_log/PMU_Fault/20260809_030406_20260809_030707_PMU_Fault_000000000000000000.csv.xz -> pmu-fault/2026/08/20260809_030406_20260809_030707_PMU_Fault_000000000000000000.csv.xz
    Aug 10 17:01:22 qcells-emsplus docker-loader[33385]: [16:59:30:540][I][AZ] [UploadQueueManager] Task enqueued (pending=173)
    Aug 10 17:01:22 qcells-emsplus docker-loader[33385]: [16:59:30:541][I][AZ] [upload_file_to_blob] source: cloud_broker, file: /edge/log/toupload/device_log/PMU_Fault/20260808_125727_20260808_130029_PMU_Fault_000000000000000000.csv.xz -> pmu-fault/2026/08/20260808_125727_20260808_130029_PMU_Fault_000000000000000000.csv.xz
    Aug 10 17:01:22 qcells-emsplus docker-loader[33385]: [16:59:30:541][I][AZ] [UploadQueueManager] Task enqueued (pending=174)
    Aug 10 17:01:22 qcells-emsplus docker-loader[33385]: [16:59:30:542][I][AZ] [upload_file_to_blob] source: cloud_broker, file: /edge/log/toupload/device_log/PMU_Fault/20260807_190509_20260807_190812_PMU_Fault_000000000000000000.csv.xz -> pmu-fault/2026/08/20260807_190509_20260807_190812_PMU_Fault_000000000000000000.csv.xz
    Aug 10 17:01:22 qcells-emsplus docker-loader[33385]: [16:59:30:542][I][AZ] [UploadQueueManager] Task enqueued (pending=175)
    Aug 10 17:01:22 qcells-emsplus docker-loader[33385]: [16:59:30:544][I][AZ] [upload_file_to_blob] source: cloud_broker, file: /edge/log/toupload/device_log/PMU_Fault/20260808_083644_20260808_083947_PMU_Fault_000000000000000000.csv.xz -> pmu-fault/2026/08/20260808_083644_20260808_083947_PMU_Fault_000000000000000000.csv.xz
    Aug 10 17:01:22 qcells-emsplus docker-loader[33385]: [16:59:30:544][I][AZ] [UploadQueueManager] Task enqueued (pending=176)
    Aug 10 17:01:22 qcells-emsplus docker-loader[33385]: [16:59:30:545][I][AZ] [upload_file_to_blob] source: cloud_broker, file: /edge/log/toupload/device_log/PMU_Fault/20260807_213506_20260807_213807_PMU_Fault_000000000000000000.csv.xz -> pmu-fault/2026/08/20260807_213506_20260807_213807_PMU_Fault_000000000000000000.csv.xz
    Aug 10 17:01:22 qcells-emsplus docker-loader[33385]: [16:59:30:545][I][AZ] [UploadQueueManager] Task enqueued (pending=177)
    Aug 10 17:01:22 qcells-emsplus docker-loader[33385]: [16:59:30:546][I][AZ] [upload_file_to_blob] source: cloud_broker, file: /edge/log/toupload/device_log/PMU_Fault/20260808_195604_20260808_195905_PMU_Fault_000000000000000000.csv.xz -> pmu-fault/2026/08/20260808_195604_20260808_195905_PMU_Fault_000000000000000000.csv.xz
    Aug 10 17:01:22 qcells-emsplus docker-loader[33385]: [16:59:30:547][I][AZ] [UploadQueueManager] Task enqueued (pending=178)
    Aug 10 17:01:22 qcells-emsplus docker-loader[33385]: [16:59:30:548][I][AZ] [upload_file_to_blob] source: cloud_broker, file: /edge/log/toupload/device_log/PMU_Fault/20260809_005517_20260809_005818_PMU_Fault_000000000000000000.csv.xz -> pmu-fault/2026/08/20260809_005517_20260809_005818_PMU_Fault_000000000000000000.csv.xz
    Aug 10 17:01:22 qcells-emsplus docker-loader[33385]: [16:59:30:548][I][AZ] [UploadQueueManager] Task enqueued (pending=179)
    Aug 10 17:01:22 qcells-emsplus docker-loader[33385]: [16:59:30:549][I][AZ] [upload_file_to_blob] source: cloud_broker, file: /edge/log/toupload/device_log/PMU_Fault/20260807_142345_20260807_142646_PMU_Fault_000000000000000000.csv.xz -> pmu-fault/2026/08/20260807_142345_20260807_142646_PMU_Fault_000000000000000000.csv.xz
    Aug 10 17:01:22 qcells-emsplus docker-loader[33385]: [16:59:30:549][I][AZ] [UploadQueueManager] Task enqueued (pending=180)
    Aug 10 17:01:22 qcells-emsplus docker-loader[33385]: [16:59:30:551][I][AZ] [upload_file_to_blob] source: cloud_broker, file: /edge/log/toupload/device_log/PMU_Fault/20260808_081420_20260808_081721_PMU_Fault_000000000000000000.csv.xz -> pmu-fault/2026/08/20260808_081420_20260808_081721_PMU_Fault_000000000000000000.csv.xz
    Aug 10 17:01:22 qcells-emsplus docker-loader[33385]: [16:59:30:551][I][AZ] [UploadQueueManager] Task enqueued (pending=181)
    Aug 10 17:01:22 qcells-emsplus docker-loader[33385]: [16:59:30:552][I][AZ] [upload_file_to_blob] source: cloud_broker, file: /edge/log/toupload/device_log/PMU_Fault/20260808_104949_20260808_105251_PMU_Fault_000000000000000000.csv.xz -> pmu-fault/2026/08/20260808_104949_20260808_105251_PMU_Fault_000000000000000000.csv.xz
    Aug 10 17:01:22 qcells-emsplus docker-loader[33385]: [16:59:30:552][I][AZ] [UploadQueueManager] Task enqueued (pending=182)
    Aug 10 17:01:22 qcells-emsplus docker-loader[33385]: [16:59:30:553][I][AZ] [upload_file_to_blob] source: cloud_broker, file: /edge/log/toupload/device_log/PMU_Fault/20260808_094713_20260808_095015_PMU_Fault_000000000000000000.csv.xz -> pmu-fault/2026/08/20260808_094713_20260808_095015_PMU_Fault_000000000000000000.csv.xz
    Aug 10 17:01:22 qcells-emsplus docker-loader[33385]: [16:59:30:553][I][AZ] [UploadQueueManager] Task enqueued (pending=183)
    Aug 10 17:01:22 qcells-emsplus docker-loader[33385]: [16:59:30:555][I][AZ] [upload_file_to_blob] source: cloud_broker, file: /edge/log/toupload/device_log/PMU_Fault/20260808_033159_20260808_033502_PMU_Fault_000000000000000000.csv.xz -> pmu-fault/2026/08/20260808_033159_20260808_033502_PMU_Fault_000000000000000000.csv.xz
    Aug 10 17:01:22 qcells-emsplus docker-loader[33385]: [16:59:30:555][I][AZ] [UploadQueueManager] Task enqueued (pending=184)
    Aug 10 17:01:22 qcells-emsplus docker-loader[33385]: [16:59:30:556][I][AZ] [upload_file_to_blob] source: cloud_broker, file: /edge/log/toupload/device_log/PMU_Fault/20260807_143342_20260807_143643_PMU_Fault_000000000000000000.csv.xz -> pmu-fault/2026/08/20260807_143342_20260807_143643_PMU_Fault_000000000000000000.csv.xz
    Aug 10 17:01:22 qcells-emsplus docker-loader[33385]: [16:59:30:556][I][AZ] [UploadQueueManager] Task enqueued (pending=185)
    Aug 10 17:01:22 qcells-emsplus docker-loader[33385]: [16:59:30:557][I][AZ] [upload_file_to_blob] source: cloud_broker, file: /edge/log/toupload/device_log/PMU_Fault/20260808_135658_20260808_135959_PMU_Fault_000000000000000000.csv.xz -> pmu-fault/2026/08/20260808_135658_20260808_135959_PMU_Fault_000000000000000000.csv.xz
    Aug 10 17:01:22 qcells-emsplus docker-loader[33385]: [16:59:30:558][I][AZ] [UploadQueueManager] Task enqueued (pending=186)
    Aug 10 17:01:22 qcells-emsplus docker-loader[33385]: [16:59:30:559][I][AZ] [upload_file_to_blob] source: cloud_broker, file: /edge/log/toupload/device_log/PMU_Fault/20260808_190500_20260808_190802_PMU_Fault_000000000000000000.csv.xz -> pmu-fault/2026/08/20260808_190500_20260808_190802_PMU_Fault_000000000000000000.csv.xz
    Aug 10 17:01:22 qcells-emsplus docker-loader[33385]: [16:59:30:559][I][AZ] [UploadQueueManager] Task enqueued (pending=187)
    Aug 10 17:01:22 qcells-emsplus docker-loader[33385]: [16:59:30:560][I][AZ] [upload_file_to_blob] source: cloud_broker, file: /edge/log/toupload/device_log/PMU_Fault/20260807_141700_20260807_142002_PMU_Fault_000000000000000000.csv.xz -> pmu-fault/2026/08/20260807_141700_20260807_142002_PMU_Fault_000000000000000000.csv.xz
    Aug 10 17:01:22 qcells-emsplus docker-loader[33385]: [16:59:30:560][I][AZ] [UploadQueueManager] Task enqueued (pending=188)
    Aug 10 17:01:22 qcells-emsplus docker-loader[33385]: [16:59:30:560][I][AZ] [upload_file_to_blob] source: cloud_broker, file: /edge/log/toupload/device_log/PMU_Fault/20260807_102531_20260807_102832_PMU_Fault_000000000000000000.csv.xz -> pmu-fault/2026/08/20260807_102531_20260807_102832_PMU_Fault_000000000000000000.csv.xz
    Aug 10 17:01:22 qcells-emsplus docker-loader[33385]: [16:59:30:560][I][AZ] [UploadQueueManager] Task enqueued (pending=189)
    Aug 10 17:01:22 qcells-emsplus docker-loader[33385]: [16:59:30:562][I][AZ] [upload_file_to_blob] source: cloud_broker, file: /edge/log/toupload/device_log/PMU_Fault/20260807_120444_20260807_120745_PMU_Fault_000000000000000000.csv.xz -> pmu-fault/2026/08/20260807_120444_20260807_120745_PMU_Fault_000000000000000000.csv.xz
    Aug 10 17:01:22 qcells-emsplus docker-loader[33385]: [16:59:30:562][I][AZ] [UploadQueueManager] Task enqueued (pending=190)
    Aug 10 17:01:22 qcells-emsplus docker-loader[33385]: [16:59:30:563][I][AZ] [upload_file_to_blob] source: cloud_broker, file: /edge/log/toupload/device_log/PMU_Fault/20260809_022946_20260809_023248_PMU_Fault_000000000000000000.csv.xz -> pmu-fault/2026/08/20260809_022946_20260809_023248_PMU_Fault_000000000000000000.csv.xz
    Aug 10 17:01:22 qcells-emsplus docker-loader[33385]: [16:59:30:563][I][AZ] [UploadQueueManager] Task enqueued (pending=191)
    Aug 10 17:01:22 qcells-emsplus docker-loader[33385]: [16:59:30:564][I][AZ] [upload_file_to_blob] source: cloud_broker, file: /edge/log/toupload/device_log/PMU_Fault/20260808_003108_20260808_003412_PMU_Fault_000000000000000000.csv.xz -> pmu-fault/2026/08/20260808_003108_20260808_003412_PMU_Fault_000000000000000000.csv.xz
    Aug 10 17:01:22 qcells-emsplus docker-loader[33385]: [16:59:30:564][I][AZ] [UploadQueueManager] Task enqueued (pending=192)
    Aug 10 17:01:22 qcells-emsplus docker-loader[33385]: [16:59:30:565][I][AZ] [upload_file_to_blob] source: cloud_broker, file: /edge/log/toupload/device_log/PMU_Fault/20260807_143022_20260807_143323_PMU_Fault_000000000000000000.csv.xz -> pmu-fault/2026/08/20260807_143022_20260807_143323_PMU_Fault_000000000000000000.csv.xz
    Aug 10 17:01:22 qcells-emsplus docker-loader[33385]: [16:59:30:565][I][AZ] [UploadQueueManager] Task enqueued (pending=193)
    Aug 10 17:01:22 qcells-emsplus docker-loader[33385]: [16:59:30:566][I][AZ] [upload_file_to_blob] source: cloud_broker, file: /edge/log/toupload/device_log/PMU_Fault/20260807_235306_20260807_235608_PMU_Fault_000000000000000000.csv.xz -> pmu-fault/2026/08/20260807_235306_20260807_235608_PMU_Fault_000000000000000000.csv.xz
    Aug 10 17:01:22 qcells-emsplus docker-loader[33385]: [16:59:30:566][I][AZ] [UploadQueueManager] Task enqueued (pending=194)
    Aug 10 17:01:22 qcells-emsplus docker-loader[33385]: [16:59:30:567][I][AZ] [upload_file_to_blob] source: cloud_broker, file: /edge/log/toupload/device_log/PMU_Fault/20260809_015108_20260809_015410_PMU_Fault_000000000000000000.csv.xz -> pmu-fault/2026/08/20260809_015108_20260809_015410_PMU_Fault_000000000000000000.csv.xz
    Aug 10 17:01:22 qcells-emsplus docker-loader[33385]: [16:59:30:567][I][AZ] [UploadQueueManager] Task enqueued (pending=195)
    Aug 10 17:01:22 qcells-emsplus docker-loader[33385]: [16:59:30:568][I][AZ] [upload_file_to_blob] source: cloud_broker, file: /edge/log/toupload/device_log/PMU_Fault/20260807_202038_20260807_202341_PMU_Fault_000000000000000000.csv.xz -> pmu-fault/2026/08/20260807_202038_20260807_202341_PMU_Fault_000000000000000000.csv.xz
    Aug 10 17:01:22 qcells-emsplus docker-loader[33385]: [16:59:30:568][I][AZ] [UploadQueueManager] Task enqueued (pending=196)
    Aug 10 17:01:22 qcells-emsplus docker-loader[33385]: [16:59:30:569][I][AZ] [upload_file_to_blob] source: cloud_broker, file: /edge/log/toupload/device_log/PMU_Fault/20260807_132152_20260807_132453_PMU_Fault_000000000000000000.csv.xz -> pmu-fault/2026/08/20260807_132152_20260807_132453_PMU_Fault_000000000000000000.csv.xz
    Aug 10 17:01:22 qcells-emsplus docker-loader[33385]: [16:59:30:569][I][AZ] [UploadQueueManager] Task enqueued (pending=197)
    Aug 10 17:01:22 qcells-emsplus docker-loader[33385]: [16:59:30:570][I][AZ] [upload_file_to_blob] source: cloud_broker, file: /edge/log/toupload/device_log/PMU_Fault/20260807_130805_20260807_131107_PMU_Fault_000000000000000000.csv.xz -> pmu-fault/2026/08/20260807_130805_20260807_131107_PMU_Fault_000000000000000000.csv.xz
    Aug 10 17:01:23 qcells-emsplus docker-loader[33385]: [16:59:30:570][I][AZ] [UploadQueueManager] Task enqueued (pending=198)
    Aug 10 17:01:23 qcells-emsplus docker-loader[33385]: [16:59:30:571][I][AZ] [upload_file_to_blob] source: cloud_broker, file: /edge/log/toupload/device_log/PMU_Fault/20260807_094947_20260807_095047_PMU_Fault_000000000000000000.csv.xz -> pmu-fault/2026/08/20260807_094947_20260807_095047_PMU_Fault_000000000000000000.csv.xz
    Aug 10 17:01:23 qcells-emsplus docker-loader[33385]: [16:59:30:571][I][AZ] [UploadQueueManager] Task enqueued (pending=199)
    Aug 10 17:01:23 qcells-emsplus docker-loader[33385]: [16:59:30:572][I][AZ] [upload_file_to_blob] source: cloud_broker, file: /edge/log/toupload/device_log/PMU_Fault/20260807_104121_20260807_104422_PMU_Fault_000000000000000000.csv.xz -> pmu-fault/2026/08/20260807_104121_20260807_104422_PMU_Fault_000000000000000000.csv.xz
    Aug 10 17:01:23 qcells-emsplus docker-loader[33385]: [16:59:30:573][I][AZ] [UploadQueueManager] Task enqueued (pending=200)
    Aug 10 17:01:23 qcells-emsplus docker-loader[33385]: [16:59:30:573][I][AZ] [upload_file_to_blob] source: cloud_broker, file: /edge/log/toupload/device_log/PMU_Fault/20260808_111824_20260808_112126_PMU_Fault_000000000000000000.csv.xz -> pmu-fault/2026/08/20260808_111824_20260808_112126_PMU_Fault_000000000000000000.csv.xz
    Aug 10 17:01:23 qcells-emsplus docker-loader[33385]: [16:59:30:573][I][AZ] [UploadQueueManager] Task enqueued (pending=201)
    Aug 10 17:01:23 qcells-emsplus docker-loader[33385]: [16:59:30:575][I][AZ] [upload_file_to_blob] source: cloud_broker, file: /edge/log/toupload/device_log/PMU_Fault/20260807_095209_20260807_095511_PMU_Fault_000000000000000000.csv.xz -> pmu-fault/2026/08/20260807_095209_20260807_095511_PMU_Fault_000000000000000000.csv.xz
    Aug 10 17:01:23 qcells-emsplus docker-loader[33385]: [16:59:30:575][I][AZ] [UploadQueueManager] Task enqueued (pending=202)
    Aug 10 17:01:23 qcells-emsplus docker-loader[33385]: [16:59:30:576][I][AZ] [upload_file_to_blob] source: cloud_broker, file: /edge/log/toupload/device_log/PMU_Fault/20260808_200732_20260808_201033_PMU_Fault_000000000000000000.csv.xz -> pmu-fault/2026/08/20260808_200732_20260808_201033_PMU_Fault_000000000000000000.csv.xz
    Aug 10 17:01:23 qcells-emsplus docker-loader[33385]: [16:59:30:576][I][AZ] [UploadQueueManager] Task enqueued (pending=203)
    Aug 10 17:01:23 qcells-emsplus docker-loader[33385]: [16:59:30:577][I][AZ] [upload_file_to_blob] source: cloud_broker, file: /edge/log/toupload/device_log/PMU_Fault/20260807_174533_20260807_174834_PMU_Fault_000000000000000000.csv.xz -> pmu-fault/2026/08/20260807_174533_20260807_174834_PMU_Fault_000000000000000000.csv.xz
    Aug 10 17:01:23 qcells-emsplus docker-loader[33385]: [16:59:30:577][I][AZ] [UploadQueueManager] Task enqueued (pending=204)
    Aug 10 17:01:23 qcells-emsplus docker-loader[33385]: [16:59:30:578][I][AZ] [upload_file_to_blob] source: cloud_broker, file: /edge/log/toupload/device_log/PMU_Fault/20260807_160523_20260807_160624_PMU_Fault_000000000000000000.csv.xz -> pmu-fault/2026/08/20260807_160523_20260807_160624_PMU_Fault_000000000000000000.csv.xz
    Aug 10 17:01:23 qcells-emsplus docker-loader[33385]: [16:59:30:578][I][AZ] [UploadQueueManager] Task enqueued (pending=205)
    Aug 10 17:01:23 qcells-emsplus docker-loader[33385]: [16:59:30:579][I][AZ] [upload_file_to_blob] source: cloud_broker, file: /edge/log/toupload/device_log/PMU_Fault/20260808_193108_20260808_193409_PMU_Fault_000000000000000000.csv.xz -> pmu-fault/2026/08/20260808_193108_20260808_193409_PMU_Fault_000000000000000000.csv.xz
    Aug 10 17:01:23 qcells-emsplus docker-loader[33385]: [16:59:30:579][I][AZ] [UploadQueueManager] Task enqueued (pending=206)
    Aug 10 17:01:23 qcells-emsplus docker-loader[33385]: [16:59:30:580][I][AZ] [upload_file_to_blob] source: cloud_broker, file: /edge/log/toupload/device_log/PMU_Fault/20260808_150324_20260808_150626_PMU_Fault_000000000000000000.csv.xz -> pmu-fault/2026/08/20260808_150324_20260808_150626_PMU_Fault_000000000000000000.csv.xz
    Aug 10 17:01:23 qcells-emsplus docker-loader[33385]: [16:59:30:580][I][AZ] [UploadQueueManager] Task enqueued (pending=207)
    Aug 10 17:01:23 qcells-emsplus docker-loader[33385]: [16:59:30:581][I][AZ] [upload_file_to_blob] source: cloud_broker, file: /edge/log/toupload/device_log/PMU_Fault/20260808_084510_20260808_084811_PMU_Fault_000000000000000000.csv.xz -> pmu-fault/2026/08/20260808_084510_20260808_084811_PMU_Fault_000000000000000000.csv.xz
    Aug 10 17:01:23 qcells-emsplus docker-loader[33385]: [16:59:30:581][I][AZ] [UploadQueueManager] Task enqueued (pending=208)
    Aug 10 17:01:23 qcells-emsplus docker-loader[33385]: [16:59:30:584][I][AZ] [upload_file_to_blob] source: cloud_broker, file: /edge/log/toupload/device_log/PMU_Fault/20260807_175327_20260807_175628_PMU_Fault_000000000000000000.csv.xz -> pmu-fault/2026/08/20260807_175327_20260807_175628_PMU_Fault_000000000000000000.csv.xz
    Aug 10 17:01:23 qcells-emsplus docker-loader[33385]: [16:59:30:584][I][AZ] [UploadQueueManager] Task enqueued (pending=209)
    Aug 10 17:01:23 qcells-emsplus docker-loader[33385]: [16:59:30:585][I][AZ] [upload_file_to_blob] source: cloud_broker, file: /edge/log/toupload/device_log/PMU_Fault/20260808_225607_20260808_225909_PMU_Fault_000000000000000000.csv.xz -> pmu-fault/2026/08/20260808_225607_20260808_225909_PMU_Fault_000000000000000000.csv.xz
    Aug 10 17:01:23 qcells-emsplus docker-loader[33385]: [16:59:30:585][I][AZ] [UploadQueueManager] Task enqueued (pending=210)
    Aug 10 17:01:23 qcells-emsplus docker-loader[33385]: [16:59:30:586][I][AZ] [upload_file_to_blob] source: cloud_broker, file: /edge/log/toupload/device_log/PMU_Fault/20260808_163718_20260808_164020_PMU_Fault_000000000000000000.csv.xz -> pmu-fault/2026/08/20260808_163718_20260808_164020_PMU_Fault_000000000000000000.csv.xz
    Aug 10 17:01:23 qcells-emsplus docker-loader[33385]: [16:59:30:586][I][AZ] [UploadQueueManager] Task enqueued (pending=211)
    Aug 10 17:01:23 qcells-emsplus docker-loader[33385]: [16:59:30:587][I][AZ] [upload_file_to_blob] source: cloud_broker, file: /edge/log/toupload/device_log/PMU_Fault/20260808_213906_20260808_214210_PMU_Fault_000000000000000000.csv.xz -> pmu-fault/2026/08/20260808_213906_20260808_214210_PMU_Fault_000000000000000000.csv.xz
    Aug 10 17:01:23 qcells-emsplus docker-loader[33385]: [16:59:30:587][I][AZ] [UploadQueueManager] Task enqueued (pending=212)
    Aug 10 17:01:23 qcells-emsplus docker-loader[33385]: [16:59:30:588][I][AZ] [upload_file_to_blob] source: cloud_broker, file: /edge/log/toupload/device_log/PMU_Fault/20260808_154840_20260808_155141_PMU_Fault_000000000000000000.csv.xz -> pmu-fault/2026/08/20260808_154840_20260808_155141_PMU_Fault_000000000000000000.csv.xz
    Aug 10 17:01:23 qcells-emsplus docker-loader[33385]: [16:59:30:588][I][AZ] [UploadQueueManager] Task enqueued (pending=213)
    Aug 10 17:01:23 qcells-emsplus docker-loader[33385]: [16:59:30:589][I][AZ] [upload_file_to_blob] source: cloud_broker, file: /edge/log/toupload/device_log/PMU_Fault/20260807_163342_20260807_163644_PMU_Fault_000000000000000000.csv.xz -> pmu-fault/2026/08/20260807_163342_20260807_163644_PMU_Fault_000000000000000000.csv.xz
    Aug 10 17:01:23 qcells-emsplus docker-loader[33385]: [16:59:30:589][I][AZ] [UploadQueueManager] Task enqueued (pending=214)
    Aug 10 17:01:23 qcells-emsplus docker-loader[33385]: [16:59:30:591][I][AZ] [upload_file_to_blob] source: cloud_broker, file: /edge/log/toupload/device_log/PMU_Fault/20260807_155121_20260807_155220_PMU_Fault_000000000000000000.csv.xz -> pmu-fault/2026/08/20260807_155121_20260807_155220_PMU_Fault_000000000000000000.csv.xz
    Aug 10 17:01:23 qcells-emsplus docker-loader[33385]: [16:59:30:591][I][AZ] [UploadQueueManager] Task enqueued (pending=215)
    Aug 10 17:01:23 qcells-emsplus docker-loader[33385]: [16:59:30:591][I][AZ] [upload_file_to_blob] source: cloud_broker, file: /edge/log/toupload/device_log/PMU_Fault/20260808_230713_20260808_231013_PMU_Fault_000000000000000000.csv.xz -> pmu-fault/2026/08/20260808_230713_20260808_231013_PMU_Fault_000000000000000000.csv.xz
    Aug 10 17:01:23 qcells-emsplus docker-loader[33385]: [16:59:30:591][I][AZ] [UploadQueueManager] Task enqueued (pending=216)
    Aug 10 17:01:23 qcells-emsplus docker-loader[33385]: [16:59:30:593][I][AZ] [upload_file_to_blob] source: cloud_broker, file: /edge/log/toupload/device_log/PMU_Fault/20260807_211742_20260807_212043_PMU_Fault_000000000000000000.csv.xz -> pmu-fault/2026/08/20260807_211742_20260807_212043_PMU_Fault_000000000000000000.csv.xz
    Aug 10 17:01:23 qcells-emsplus docker-loader[33385]: [16:59:30:593][I][AZ] [UploadQueueManager] Task enqueued (pending=217)
    Aug 10 17:01:23 qcells-emsplus docker-loader[33385]: [16:59:30:594][I][AZ] [upload_file_to_blob] source: cloud_broker, file: /edge/log/toupload/device_log/PMU_Fault/20260809_021822_20260809_022124_PMU_Fault_000000000000000000.csv.xz -> pmu-fault/2026/08/20260809_021822_20260809_022124_PMU_Fault_000000000000000000.csv.xz
    Aug 10 17:01:23 qcells-emsplus docker-loader[33385]: [16:59:30:594][I][AZ] [UploadQueueManager] Task enqueued (pending=218)
    Aug 10 17:01:23 qcells-emsplus docker-loader[33385]: [16:59:30:595][I][AZ] [upload_file_to_blob] source: cloud_broker, file: /edge/log/toupload/device_log/PMU_Fault/20260808_184722_20260808_185023_PMU_Fault_000000000000000000.csv.xz -> pmu-fault/2026/08/20260808_184722_20260808_185023_PMU_Fault_000000000000000000.csv.xz
    Aug 10 17:01:23 qcells-emsplus docker-loader[33385]: [16:59:30:595][I][AZ] [UploadQueueManager] Task enqueued (pending=219)
    Aug 10 17:01:23 qcells-emsplus docker-loader[33385]: [16:59:30:596][I][AZ] [upload_file_to_blob] source: cloud_broker, file: /edge/log/toupload/device_log/PMU_Fault/20260808_155214_20260808_155515_PMU_Fault_000000000000000000.csv.xz -> pmu-fault/2026/08/20260808_155214_20260808_155515_PMU_Fault_000000000000000000.csv.xz
    Aug 10 17:01:23 qcells-emsplus docker-loader[33385]: [16:59:30:596][I][AZ] [UploadQueueManager] Task enqueued (pending=220)
    Aug 10 17:01:23 qcells-emsplus docker-loader[33385]: [16:59:30:598][I][AZ] [upload_file_to_blob] source: cloud_broker, file: /edge/log/toupload/device_log/PMU_Fault/20260808_193926_20260808_194227_PMU_Fault_000000000000000000.csv.xz -> pmu-fault/2026/08/20260808_193926_20260808_194227_PMU_Fault_000000000000000000.csv.xz
    Aug 10 17:01:23 qcells-emsplus docker-loader[33385]: [16:59:30:598][I][AZ] [UploadQueueManager] Task enqueued (pending=221)
    Aug 10 17:01:23 qcells-emsplus docker-loader[33385]: [16:59:30:599][I][AZ] [upload_file_to_blob] source: cloud_broker, file: /edge/log/toupload/device_log/PMU_Fault/20260807_154536_20260807_154643_PMU_Fault_000000000000000000.csv.xz -> pmu-fault/2026/08/20260807_154536_20260807_154643_PMU_Fault_000000000000000000.csv.xz
    Aug 10 17:01:24 qcells-emsplus docker-loader[33385]: [16:59:30:599][I][AZ] [UploadQueueManager] Task enqueued (pending=222)
    Aug 10 17:01:24 qcells-emsplus docker-loader[33385]: [16:59:30:600][I][AZ] [upload_file_to_blob] source: cloud_broker, file: /edge/log/toupload/device_log/PMU_Fault/20260808_120702_20260808_121003_PMU_Fault_000000000000000000.csv.xz -> pmu-fault/2026/08/20260808_120702_20260808_121003_PMU_Fault_000000000000000000.csv.xz
    Aug 10 17:01:24 qcells-emsplus docker-loader[33385]: [16:59:30:600][I][AZ] [UploadQueueManager] Task enqueued (pending=223)
    Aug 10 17:01:24 qcells-emsplus docker-loader[33385]: [16:59:30:601][I][AZ] [upload_file_to_blob] source: cloud_broker, file: /edge/log/toupload/device_log/PMU_Fault/20260807_215754_20260807_220103_PMU_Fault_000000000000000000.csv.xz -> pmu-fault/2026/08/20260807_215754_20260807_220103_PMU_Fault_000000000000000000.csv.xz
    Aug 10 17:01:24 qcells-emsplus docker-loader[33385]: [16:59:30:601][I][AZ] [UploadQueueManager] Task enqueued (pending=224)
    Aug 10 17:01:24 qcells-emsplus docker-loader[33385]: [16:59:30:602][I][AZ] [upload_file_to_blob] source: cloud_broker, file: /edge/log/toupload/device_log/PMU_Fault/20260809_000547_20260809_000849_PMU_Fault_000000000000000000.csv.xz -> pmu-fault/2026/08/20260809_000547_20260809_000849_PMU_Fault_000000000000000000.csv.xz
    Aug 10 17:01:24 qcells-emsplus docker-loader[33385]: [16:59:30:602][I][AZ] [UploadQueueManager] Task enqueued (pending=225)
    Aug 10 17:01:24 qcells-emsplus docker-loader[33385]: [16:59:30:604][I][AZ] [upload_file_to_blob] source: cloud_broker, file: /edge/log/toupload/device_log/PMU_Fault/20260808_214519_20260808_214820_PMU_Fault_000000000000000000.csv.xz -> pmu-fault/2026/08/20260808_214519_20260808_214820_PMU_Fault_000000000000000000.csv.xz
    Aug 10 17:01:24 qcells-emsplus docker-loader[33385]: [16:59:30:604][I][AZ] [UploadQueueManager] Task enqueued (pending=226)
    Aug 10 17:01:24 qcells-emsplus docker-loader[33385]: [16:59:30:605][I][AZ] [upload_file_to_blob] source: cloud_broker, file: /edge/log/toupload/device_log/PMU_Fault/20260807_103236_20260807_103537_PMU_Fault_000000000000000000.csv.xz -> pmu-fault/2026/08/20260807_103236_20260807_103537_PMU_Fault_000000000000000000.csv.xz
    Aug 10 17:01:24 qcells-emsplus docker-loader[33385]: [16:59:30:605][I][AZ] [UploadQueueManager] Task enqueued (pending=227)
    Aug 10 17:01:24 qcells-emsplus docker-loader[33385]: [16:59:30:607][I][AZ] [upload_file_to_blob] source: cloud_broker, file: /edge/log/toupload/device_log/PMU_Fault/20260808_215101_20260808_215402_PMU_Fault_000000000000000000.csv.xz -> pmu-fault/2026/08/20260808_215101_20260808_215402_PMU_Fault_000000000000000000.csv.xz
    Aug 10 17:01:24 qcells-emsplus docker-loader[33385]: [16:59:30:607][I][AZ] [UploadQueueManager] Task enqueued (pending=228)
    Aug 10 17:01:24 qcells-emsplus docker-loader[33385]: [16:59:30:608][I][AZ] [upload_file_to_blob] source: cloud_broker, file: /edge/log/toupload/device_log/PMU_Fault/20260808_192746_20260808_193046_PMU_Fault_000000000000000000.csv.xz -> pmu-fault/2026/08/20260808_192746_20260808_193046_PMU_Fault_000000000000000000.csv.xz
    Aug 10 17:01:24 qcells-emsplus docker-loader[33385]: [16:59:30:608][I][AZ] [UploadQueueManager] Task enqueued (pending=229)
    Aug 10 17:01:24 qcells-emsplus docker-loader[33385]: [16:59:30:609][I][AZ] [upload_file_to_blob] source: cloud_broker, file: /edge/log/toupload/device_log/PMU_Fault/20260808_000343_20260808_000644_PMU_Fault_000000000000000000.csv.xz -> pmu-fault/2026/08/20260808_000343_20260808_000644_PMU_Fault_000000000000000000.csv.xz
    Aug 10 17:01:24 qcells-emsplus docker-loader[33385]: [16:59:30:610][I][AZ] [UploadQueueManager] Task enqueued (pending=230)
    Aug 10 17:01:24 qcells-emsplus docker-loader[33385]: [16:59:30:611][I][AZ] [upload_file_to_blob] source: cloud_broker, file: /edge/log/toupload/device_log/PMU_Fault/20260808_033557_20260808_033859_PMU_Fault_000000000000000000.csv.xz -> pmu-fault/2026/08/20260808_033557_20260808_033859_PMU_Fault_000000000000000000.csv.xz
    Aug 10 17:01:24 qcells-emsplus docker-loader[33385]: [16:59:30:611][I][AZ] [UploadQueueManager] Task enqueued (pending=231)
    Aug 10 17:01:24 qcells-emsplus docker-loader[33385]: [16:59:30:612][I][AZ] [upload_file_to_blob] source: cloud_broker, file: /edge/log/toupload/device_log/PMU_Fault/20260808_030922_20260808_031232_PMU_Fault_000000000000000000.csv.xz -> pmu-fault/2026/08/20260808_030922_20260808_031232_PMU_Fault_000000000000000000.csv.xz
    Aug 10 17:01:24 qcells-emsplus docker-loader[33385]: [16:59:30:612][I][AZ] [UploadQueueManager] Task enqueued (pending=232)
    Aug 10 17:01:24 qcells-emsplus docker-loader[33385]: [16:59:30:613][I][AZ] [upload_file_to_blob] source: cloud_broker, file: /edge/log/toupload/device_log/PMU_Fault/20260808_105424_20260808_105726_PMU_Fault_000000000000000000.csv.xz -> pmu-fault/2026/08/20260808_105424_20260808_105726_PMU_Fault_000000000000000000.csv.xz
    Aug 10 17:01:24 qcells-emsplus docker-loader[33385]: [16:59:30:613][I][AZ] [UploadQueueManager] Task enqueued (pending=233)
    Aug 10 17:01:24 qcells-emsplus docker-loader[33385]: [16:59:30:614][I][AZ] [upload_file_to_blob] source: cloud_broker, file: /edge/log/toupload/device_log/PMU_Fault/20260807_230727_20260807_231028_PMU_Fault_000000000000000000.csv.xz -> pmu-fault/2026/08/20260807_230727_20260807_231028_PMU_Fault_000000000000000000.csv.xz
    Aug 10 17:01:24 qcells-emsplus docker-loader[33385]: [16:59:30:614][I][AZ] [UploadQueueManager] Task enqueued (pending=234)
    Aug 10 17:01:24 qcells-emsplus docker-loader[33385]: [16:59:30:615][I][AZ] [upload_file_to_blob] source: cloud_broker, file: /edge/log/toupload/device_log/PMU_Fault/20260807_160832_20260808_171001_PMU_Fault_000000000000000000.csv.xz -> pmu-fault/2026/08/20260807_160832_20260808_171001_PMU_Fault_000000000000000000.csv.xz
    Aug 10 17:01:24 qcells-emsplus docker-loader[33385]: [16:59:30:615][I][AZ] [UploadQueueManager] Task enqueued (pending=235)
    Aug 10 17:01:24 qcells-emsplus docker-loader[33385]: [16:59:30:616][I][AZ] [upload_file_to_blob] source: cloud_broker, file: /edge/log/toupload/device_log/PMU_Fault/20260808_042525_20260808_042835_PMU_Fault_000000000000000000.csv.xz -> pmu-fault/2026/08/20260808_042525_20260808_042835_PMU_Fault_000000000000000000.csv.xz
    Aug 10 17:01:24 qcells-emsplus docker-loader[33385]: [16:59:30:616][I][AZ] [UploadQueueManager] Task enqueued (pending=236)
    Aug 10 17:01:24 qcells-emsplus docker-loader[33385]: [16:59:30:618][I][AZ] [upload_file_to_blob] source: cloud_broker, file: /edge/log/toupload/device_log/PMU_Fault/20260809_022439_20260809_022742_PMU_Fault_000000000000000000.csv.xz -> pmu-fault/2026/08/20260809_022439_20260809_022742_PMU_Fault_000000000000000000.csv.xz
    Aug 10 17:01:24 qcells-emsplus docker-loader[33385]: [16:59:30:618][I][AZ] [UploadQueueManager] Task enqueued (pending=237)
    Aug 10 17:01:24 qcells-emsplus docker-loader[33385]: [16:59:30:619][I][AZ] [upload_file_to_blob] source: cloud_broker, file: /edge/log/toupload/device_log/PMU_Fault/20260808_083351_20260808_083653_PMU_Fault_000000000000000000.csv.xz -> pmu-fault/2026/08/20260808_083351_20260808_083653_PMU_Fault_000000000000000000.csv.xz
    Aug 10 17:01:24 qcells-emsplus docker-loader[33385]: [16:59:30:619][I][AZ] [UploadQueueManager] Task enqueued (pending=238)
    Aug 10 17:01:24 qcells-emsplus docker-loader[33385]: [16:59:30:620][I][AZ] [upload_file_to_blob] source: cloud_broker, file: /edge/log/toupload/device_log/PMU_Fault/20260807_153651_20260807_153751_PMU_Fault_000000000000000000.csv.xz -> pmu-fault/2026/08/20260807_153651_20260807_153751_PMU_Fault_000000000000000000.csv.xz
    Aug 10 17:01:24 qcells-emsplus docker-loader[33385]: [16:59:30:620][I][AZ] [UploadQueueManager] Task enqueued (pending=239)
    Aug 10 17:01:24 qcells-emsplus docker-loader[33385]: [16:59:30:621][I][AZ] [upload_file_to_blob] source: cloud_broker, file: /edge/log/toupload/device_log/PMU_Fault/20260808_233723_20260808_234024_PMU_Fault_000000000000000000.csv.xz -> pmu-fault/2026/08/20260808_233723_20260808_234024_PMU_Fault_000000000000000000.csv.xz
    Aug 10 17:01:24 qcells-emsplus docker-loader[33385]: [16:59:30:621][I][AZ] [UploadQueueManager] Task enqueued (pending=240)
    Aug 10 17:01:24 qcells-emsplus docker-loader[33385]: [16:59:30:622][I][AZ] [upload_file_to_blob] source: cloud_broker, file: /edge/log/toupload/device_log/PMU_Fault/20260808_095346_20260808_095647_PMU_Fault_000000000000000000.csv.xz -> pmu-fault/2026/08/20260808_095346_20260808_095647_PMU_Fault_000000000000000000.csv.xz
    Aug 10 17:01:24 qcells-emsplus docker-loader[33385]: [16:59:30:622][I][AZ] [UploadQueueManager] Task enqueued (pending=241)
    Aug 10 17:01:24 qcells-emsplus docker-loader[33385]: [16:59:30:624][I][AZ] [upload_file_to_blob] source: cloud_broker, file: /edge/log/toupload/device_log/PMU_Fault/20260807_205318_20260807_205619_PMU_Fault_000000000000000000.csv.xz -> pmu-fault/2026/08/20260807_205318_20260807_205619_PMU_Fault_000000000000000000.csv.xz
    Aug 10 17:01:24 qcells-emsplus docker-loader[33385]: [16:59:30:624][I][AZ] [UploadQueueManager] Task enqueued (pending=242)
    Aug 10 17:01:24 qcells-emsplus docker-loader[33385]: [16:59:30:625][I][AZ] [upload_file_to_blob] source: cloud_broker, file: /edge/log/toupload/device_log/PMU_Fault/20260809_035002_20260809_035304_PMU_Fault_000000000000000000.csv.xz -> pmu-fault/2026/08/20260809_035002_20260809_035304_PMU_Fault_000000000000000000.csv.xz
    Aug 10 17:01:24 qcells-emsplus docker-loader[33385]: [16:59:30:625][I][AZ] [UploadQueueManager] Task enqueued (pending=243)
    Aug 10 17:01:24 qcells-emsplus docker-loader[33385]: [16:59:30:626][I][AZ] [upload_file_to_blob] source: cloud_broker, file: /edge/log/toupload/device_log/PMU_Fault/20260808_124810_20260808_125111_PMU_Fault_000000000000000000.csv.xz -> pmu-fault/2026/08/20260808_124810_20260808_125111_PMU_Fault_000000000000000000.csv.xz
    Aug 10 17:01:24 qcells-emsplus docker-loader[33385]: [16:59:30:626][I][AZ] [UploadQueueManager] Task enqueued (pending=244)
    Aug 10 17:01:24 qcells-emsplus docker-loader[33385]: [16:59:30:627][I][AZ] [upload_file_to_blob] source: cloud_broker, file: /edge/log/toupload/device_log/PMU_Fault/20260807_152258_20260807_152559_PMU_Fault_000000000000000000.csv.xz -> pmu-fault/2026/08/20260807_152258_20260807_152559_PMU_Fault_000000000000000000.csv.xz
    Aug 10 17:01:24 qcells-emsplus docker-loader[33385]: [16:59:30:627][I][AZ] [UploadQueueManager] Task enqueued (pending=245)
    Aug 10 17:01:24 qcells-emsplus docker-loader[33385]: [16:59:30:630][I][DM] [PCS SN] stale serial="342621100006A20001" != expected="000000000000000000" retry 1/5
    Aug 10 17:01:24 qcells-emsplus docker-loader[33385]: [16:59:30:631][I][AZ] [upload_file_to_blob] source: cloud_broker, file: /edge/log/toupload/device_log/PMU_Fault/20260809_020023_20260809_020324_PMU_Fault_000000000000000000.csv.xz -> pmu-fault/2026/08/20260809_020023_20260809_020324_PMU_Fault_000000000000000000.csv.xz
    Aug 10 17:01:24 qcells-emsplus docker-loader[33385]: [16:59:30:631][I][AZ] [UploadQueueManager] Task enqueued (pending=246)
    Aug 10 17:01:24 qcells-emsplus docker-loader[33385]: [16:59:30:632][I][AZ] [upload_file_to_blob] source: cloud_broker, file: /edge/log/toupload/device_log/PMU_Fault/20260808_081901_20260808_082204_PMU_Fault_000000000000000000.csv.xz -> pmu-fault/2026/08/20260808_081901_20260808_082204_PMU_Fault_000000000000000000.csv.xz
    Aug 10 17:01:24 qcells-emsplus docker-loader[33385]: [16:59:30:632][I][AZ] [UploadQueueManager] Task enqueued (pending=247)
    Aug 10 17:01:24 qcells-emsplus docker-loader[33385]: [16:59:30:632][I][AZ] [upload_file_to_blob] source: cloud_broker, file: /edge/log/toupload/device_log/PMU_Fault/20260808_233110_20260808_233411_PMU_Fault_000000000000000000.csv.xz -> pmu-fault/2026/08/20260808_233110_20260808_233411_PMU_Fault_000000000000000000.csv.xz
    Aug 10 17:01:24 qcells-emsplus docker-loader[33385]: [16:59:30:632][I][AZ] [UploadQueueManager] Task enqueued (pending=248)
    Aug 10 17:01:24 qcells-emsplus docker-loader[33385]: [16:59:30:633][I][AZ] [upload_file_to_blob] source: cloud_broker, file: /edge/log/toupload/device_log/PMU_Fault/20260807_131226_20260807_131528_PMU_Fault_000000000000000000.csv.xz -> pmu-fault/2026/08/20260807_131226_20260807_131528_PMU_Fault_000000000000000000.csv.xz
    Aug 10 17:01:24 qcells-emsplus docker-loader[33385]: [16:59:30:633][I][AZ] [UploadQueueManager] Task enqueued (pending=249)
    Aug 10 17:01:24 qcells-emsplus docker-loader[33385]: [16:59:30:634][I][AZ] [upload_file_to_blob] source: cloud_broker, file: /edge/log/toupload/device_log/PMU_Fault/20260808_163136_20260808_163439_PMU_Fault_000000000000000000.csv.xz -> pmu-fault/2026/08/20260808_163136_20260808_163439_PMU_Fault_000000000000000000.csv.xz
    Aug 10 17:01:24 qcells-emsplus docker-loader[33385]: [16:59:30:635][I][AZ] [UploadQueueManager] Task enqueued (pending=250)
    Aug 10 17:01:24 qcells-emsplus docker-loader[33385]: [16:59:30:636][I][AZ] [upload_file_to_blob] source: cloud_broker, file: /edge/log/toupload/device_log/PMU_Fault/20260808_014412_20260808_014713_PMU_Fault_000000000000000000.csv.xz -> pmu-fault/2026/08/20260808_014412_20260808_014713_PMU_Fault_000000000000000000.csv.xz
    Aug 10 17:01:24 qcells-emsplus docker-loader[33385]: [16:59:30:636][I][AZ] [UploadQueueManager] Task enqueued (pending=251)
    Aug 10 17:01:25 qcells-emsplus docker-loader[33385]: [16:59:30:637][I][AZ] [upload_file_to_blob] source: cloud_broker, file: /edge/log/toupload/device_log/PMU_Fault/20260809_023935_20260809_024236_PMU_Fault_000000000000000000.csv.xz -> pmu-fault/2026/08/20260809_023935_20260809_024236_PMU_Fault_000000000000000000.csv.xz
    Aug 10 17:01:25 qcells-emsplus docker-loader[33385]: [16:59:30:637][I][AZ] [UploadQueueManager] Task enqueued (pending=252)
    Aug 10 17:01:25 qcells-emsplus docker-loader[33385]: [16:59:30:638][I][AZ] [upload_file_to_blob] source: cloud_broker, file: /edge/log/toupload/device_log/PMU_Fault/20260809_030004_20260809_030305_PMU_Fault_000000000000000000.csv.xz -> pmu-fault/2026/08/20260809_030004_20260809_030305_PMU_Fault_000000000000000000.csv.xz
    Aug 10 17:01:25 qcells-emsplus docker-loader[33385]: [16:59:30:638][I][AZ] [UploadQueueManager] Task enqueued (pending=253)
    Aug 10 17:01:25 qcells-emsplus docker-loader[33385]: [16:59:30:639][I][AZ] [upload_file_to_blob] source: cloud_broker, file: /edge/log/toupload/device_log/PMU_Fault/20260807_161801_20260807_161901_PMU_Fault_000000000000000000.csv.xz -> pmu-fault/2026/08/20260807_161801_20260807_161901_PMU_Fault_000000000000000000.csv.xz
    Aug 10 17:01:25 qcells-emsplus docker-loader[33385]: [16:59:30:639][I][AZ] [UploadQueueManager] Task enqueued (pending=254)
    Aug 10 17:01:25 qcells-emsplus docker-loader[33385]: [16:59:30:640][I][AZ] [upload_file_to_blob] source: cloud_broker, file: /edge/log/toupload/device_log/PMU_Fault/20260807_182557_20260807_182859_PMU_Fault_000000000000000000.csv.xz -> pmu-fault/2026/08/20260807_182557_20260807_182859_PMU_Fault_000000000000000000.csv.xz
    Aug 10 17:01:25 qcells-emsplus docker-loader[33385]: [16:59:30:640][I][AZ] [UploadQueueManager] Task enqueued (pending=255)
    Aug 10 17:01:25 qcells-emsplus docker-loader[33385]: [16:59:30:641][I][AZ] [upload_file_to_blob] source: cloud_broker, file: /edge/log/toupload/device_log/PMU_Fault/20260808_141257_20260808_141559_PMU_Fault_000000000000000000.csv.xz -> pmu-fault/2026/08/20260808_141257_20260808_141559_PMU_Fault_000000000000000000.csv.xz
    Aug 10 17:01:25 qcells-emsplus docker-loader[33385]: [16:59:30:642][I][AZ] [UploadQueueManager] Task enqueued (pending=256)
    Aug 10 17:01:25 qcells-emsplus docker-loader[33385]: [16:59:30:643][I][AZ] [upload_file_to_blob] source: cloud_broker, file: /edge/log/toupload/device_log/PMU_Fault/20260808_221901_20260808_222202_PMU_Fault_000000000000000000.csv.xz -> pmu-fault/2026/08/20260808_221901_20260808_222202_PMU_Fault_000000000000000000.csv.xz
    Aug 10 17:01:25 qcells-emsplus docker-loader[33385]: [16:59:30:643][I][AZ] [UploadQueueManager] Task enqueued (pending=257)
    Aug 10 17:01:25 qcells-emsplus docker-loader[33385]: [16:59:30:644][I][AZ] [upload_file_to_blob] source: cloud_broker, file: /edge/log/toupload/device_log/PMU_Fault/20260807_181153_20260807_181455_PMU_Fault_000000000000000000.csv.xz -> pmu-fault/2026/08/20260807_181153_20260807_181455_PMU_Fault_000000000000000000.csv.xz
    Aug 10 17:01:25 qcells-emsplus docker-loader[33385]: [16:59:30:644][I][AZ] [UploadQueueManager] Task enqueued (pending=258)
    Aug 10 17:01:25 qcells-emsplus docker-loader[33385]: [16:59:30:645][I][AZ] [upload_file_to_blob] source: cloud_broker, file: /edge/log/toupload/device_log/PMU_Fault/20260808_075943_20260808_080245_PMU_Fault_000000000000000000.csv.xz -> pmu-fault/2026/08/20260808_075943_20260808_080245_PMU_Fault_000000000000000000.csv.xz
    Aug 10 17:01:25 qcells-emsplus docker-loader[33385]: [16:59:30:645][I][AZ] [UploadQueueManager] Task enqueued (pending=259)
    Aug 10 17:01:25 qcells-emsplus docker-loader[33385]: [16:59:30:647][I][AZ] [upload_file_to_blob] source: cloud_broker, file: /edge/log/toupload/device_log/PMU_Fault/20260807_160832_20260808_170932_PMU_Fault_000000000000000000.csv.xz -> pmu-fault/2026/08/20260807_160832_20260808_170932_PMU_Fault_000000000000000000.csv.xz
    Aug 10 17:01:25 qcells-emsplus docker-loader[33385]: [16:59:30:647][I][AZ] [UploadQueueManager] Task enqueued (pending=260)
    Aug 10 17:01:25 qcells-emsplus docker-loader[33385]: [16:59:30:648][I][AZ] [upload_file_to_blob] source: cloud_broker, file: /edge/log/toupload/device_log/PMU_Fault/20260808_011841_20260808_012142_PMU_Fault_000000000000000000.csv.xz -> pmu-fault/2026/08/20260808_011841_20260808_012142_PMU_Fault_000000000000000000.csv.xz
    Aug 10 17:01:25 qcells-emsplus docker-loader[33385]: [16:59:30:648][I][AZ] [UploadQueueManager] Task enqueued (pending=261)
    Aug 10 17:01:25 qcells-emsplus docker-loader[33385]: [16:59:30:649][I][AZ] [upload_file_to_blob] source: cloud_broker, file: /edge/log/toupload/device_log/PMU_Fault/20260807_124829_20260807_125131_PMU_Fault_000000000000000000.csv.xz -> pmu-fault/2026/08/20260807_124829_20260807_125131_PMU_Fault_000000000000000000.csv.xz
    Aug 10 17:01:25 qcells-emsplus docker-loader[33385]: [16:59:30:649][I][AZ] [UploadQueueManager] Task enqueued (pending=262)
    Aug 10 17:01:25 qcells-emsplus docker-loader[33385]: [16:59:30:650][I][AZ] [upload_file_to_blob] source: cloud_broker, file: /edge/log/toupload/device_log/PMU_Fault/20260807_173917_20260807_174220_PMU_Fault_000000000000000000.csv.xz -> pmu-fault/2026/08/20260807_173917_20260807_174220_PMU_Fault_000000000000000000.csv.xz
    Aug 10 17:01:25 qcells-emsplus docker-loader[33385]: [16:59:30:650][I][AZ] [UploadQueueManager] Task enqueued (pending=263)
    Aug 10 17:01:25 qcells-emsplus docker-loader[33385]: [16:59:30:651][I][AZ] [upload_file_to_blob] source: cloud_broker, file: /edge/log/toupload/device_log/PMU_Fault/20260808_203750_20260808_204051_PMU_Fault_000000000000000000.csv.xz -> pmu-fault/2026/08/20260808_203750_20260808_204051_PMU_Fault_000000000000000000.csv.xz
    Aug 10 17:01:25 qcells-emsplus docker-loader[33385]: [16:59:30:651][I][AZ] [UploadQueueManager] Task enqueued (pending=264)
    Aug 10 17:01:25 qcells-emsplus docker-loader[33385]: [16:59:30:652][I][AZ] [upload_file_to_blob] source: cloud_broker, file: /edge/log/toupload/device_log/PMU_Fault/20260808_010139_20260808_010440_PMU_Fault_000000000000000000.csv.xz -> pmu-fault/2026/08/20260808_010139_20260808_010440_PMU_Fault_000000000000000000.csv.xz
    Aug 10 17:01:25 qcells-emsplus docker-loader[33385]: [16:59:30:653][I][AZ] [UploadQueueManager] Task enqueued (pending=265)
    Aug 10 17:01:25 qcells-emsplus docker-loader[33385]: [16:59:30:663][I][AZ] [upload_file_to_blob] source: cloud_broker, file: /edge/log/toupload/device_log/PMU_Fault/20260807_115310_20260807_115613_PMU_Fault_000000000000000000.csv.xz -> pmu-fault/2026/08/20260807_115310_20260807_115613_PMU_Fault_000000000000000000.csv.xz
    Aug 10 17:01:25 qcells-emsplus docker-loader[33385]: [16:59:30:663][I][AZ] [UploadQueueManager] Task enqueued (pending=266)
    Aug 10 17:01:25 qcells-emsplus docker-loader[33385]: [16:59:30:664][I][AZ] [upload_file_to_blob] source: cloud_broker, file: /edge/log/toupload/device_log/PMU_Fault/20260807_210503_20260807_210805_PMU_Fault_000000000000000000.csv.xz -> pmu-fault/2026/08/20260807_210503_20260807_210805_PMU_Fault_000000000000000000.csv.xz
    Aug 10 17:01:25 qcells-emsplus docker-loader[33385]: [16:59:30:664][I][AZ] [UploadQueueManager] Task enqueued (pending=267)
    Aug 10 17:01:25 qcells-emsplus docker-loader[33385]: [16:59:30:667][I][AZ] [upload_file_to_blob] source: cloud_broker, file: /edge/log/toupload/device_log/PMU_Fault/20260808_175058_20260808_175400_PMU_Fault_000000000000000000.csv.xz -> pmu-fault/2026/08/20260808_175058_20260808_175400_PMU_Fault_000000000000000000.csv.xz
    Aug 10 17:01:25 qcells-emsplus docker-loader[33385]: [16:59:30:667][I][AZ] [UploadQueueManager] Task enqueued (pending=268)
    Aug 10 17:01:25 qcells-emsplus docker-loader[33385]: [16:59:30:669][I][AZ] [upload_file_to_blob] source: cloud_broker, file: /edge/log/toupload/device_log/PMU_Fault/20260808_040900_20260808_041203_PMU_Fault_000000000000000000.csv.xz -> pmu-fault/2026/08/20260808_040900_20260808_041203_PMU_Fault_000000000000000000.csv.xz
    Aug 10 17:01:25 qcells-emsplus docker-loader[33385]: [16:59:30:669][I][AZ] [UploadQueueManager] Task enqueued (pending=269)
    Aug 10 17:01:25 qcells-emsplus docker-loader[33385]: [16:59:30:671][I][AZ] [upload_file_to_blob] source: cloud_broker, file: /edge/log/toupload/device_log/PMU_Fault/20260809_011156_20260809_011457_PMU_Fault_000000000000000000.csv.xz -> pmu-fault/2026/08/20260809_011156_20260809_011457_PMU_Fault_000000000000000000.csv.xz
    Aug 10 17:01:25 qcells-emsplus docker-loader[33385]: [16:59:30:671][I][AZ] [UploadQueueManager] Task enqueued (pending=270)
    Aug 10 17:01:25 qcells-emsplus docker-loader[33385]: [16:59:30:672][I][AZ] [upload_file_to_blob] source: cloud_broker, file: /edge/log/toupload/device_log/PMU_Fault/20260807_122206_20260807_122507_PMU_Fault_000000000000000000.csv.xz -> pmu-fault/2026/08/20260807_122206_20260807_122507_PMU_Fault_000000000000000000.csv.xz
    Aug 10 17:01:25 qcells-emsplus docker-loader[33385]: [16:59:30:673][I][AZ] [UploadQueueManager] Task enqueued (pending=271)
    Aug 10 17:01:25 qcells-emsplus docker-loader[33385]: [16:59:30:674][I][AZ] [upload_file_to_blob] source: cloud_broker, file: /edge/log/toupload/device_log/PMU_Fault/20260808_234459_20260808_234808_PMU_Fault_000000000000000000.csv.xz -> pmu-fault/2026/08/20260808_234459_20260808_234808_PMU_Fault_000000000000000000.csv.xz
    Aug 10 17:01:25 qcells-emsplus docker-loader[33385]: [16:59:30:674][I][AZ] [UploadQueueManager] Task enqueued (pending=272)
    Aug 10 17:01:25 qcells-emsplus docker-loader[33385]: [16:59:30:676][I][AZ] [upload_file_to_blob] source: cloud_broker, file: /edge/log/toupload/device_log/PMU_Fault/20260807_190234_20260807_190535_PMU_Fault_000000000000000000.csv.xz -> pmu-fault/2026/08/20260807_190234_20260807_190535_PMU_Fault_000000000000000000.csv.xz
    Aug 10 17:01:25 qcells-emsplus docker-loader[33385]: [16:59:30:676][I][AZ] [UploadQueueManager] Task enqueued (pending=273)
    Aug 10 17:01:25 qcells-emsplus docker-loader[33385]: [16:59:30:678][I][AZ] [upload_file_to_blob] source: cloud_broker, file: /edge/log/toupload/device_log/PMU_Fault/20260807_144357_20260807_144659_PMU_Fault_000000000000000000.csv.xz -> pmu-fault/2026/08/20260807_144357_20260807_144659_PMU_Fault_000000000000000000.csv.xz
    Aug 10 17:01:25 qcells-emsplus docker-loader[33385]: [16:59:30:678][I][AZ] [UploadQueueManager] Task enqueued (pending=274)
    Aug 10 17:01:25 qcells-emsplus docker-loader[33385]: [16:59:30:680][I][AZ] [upload_file_to_blob] source: cloud_broker, file: /edge/log/toupload/device_log/PMU_Fault/20260807_225805_20260807_230108_PMU_Fault_000000000000000000.csv.xz -> pmu-fault/2026/08/20260807_225805_20260807_230108_PMU_Fault_000000000000000000.csv.xz
    Aug 10 17:01:25 qcells-emsplus docker-loader[33385]: [16:59:30:680][I][AZ] [UploadQueueManager] Task enqueued (pending=275)
    Aug 10 17:01:25 qcells-emsplus docker-loader[33385]: [16:59:30:682][I][AZ] [upload_file_to_blob] source: cloud_broker, file: /edge/log/toupload/device_log/PMU_Fault/20260808_105213_20260808_105515_PMU_Fault_000000000000000000.csv.xz -> pmu-fault/2026/08/20260808_105213_20260808_105515_PMU_Fault_000000000000000000.csv.xz
    Aug 10 17:01:25 qcells-emsplus docker-loader[33385]: [16:59:30:682][I][AZ] [UploadQueueManager] Task enqueued (pending=276)
    Aug 10 17:01:25 qcells-emsplus docker-loader[33385]: [16:59:30:684][I][AZ] [upload_file_to_blob] source: cloud_broker, file: /edge/log/toupload/device_log/PMU_Fault/20260807_220703_20260807_221004_PMU_Fault_000000000000000000.csv.xz -> pmu-fault/2026/08/20260807_220703_20260807_221004_PMU_Fault_000000000000000000.csv.xz
    Aug 10 17:01:25 qcells-emsplus docker-loader[33385]: [16:59:30:684][I][AZ] [UploadQueueManager] Task enqueued (pending=277)
    Aug 10 17:01:25 qcells-emsplus docker-loader[33385]: [16:59:30:688][I][AZ] [upload_file_to_blob] source: cloud_broker, file: /edge/log/toupload/device_log/PMU_Fault/20260808_020400_20260808_020701_PMU_Fault_000000000000000000.csv.xz -> pmu-fault/2026/08/20260808_020400_20260808_020701_PMU_Fault_000000000000000000.csv.xz
    Aug 10 17:01:25 qcells-emsplus docker-loader[33385]: [16:59:30:688][I][AZ] [UploadQueueManager] Task enqueued (pending=278)
    Aug 10 17:01:25 qcells-emsplus docker-loader[33385]: [16:59:30:690][I][AZ] [upload_file_to_blob] source: cloud_broker, file: /edge/log/toupload/device_log/PMU_Fault/20260808_124616_20260808_124918_PMU_Fault_000000000000000000.csv.xz -> pmu-fault/2026/08/20260808_124616_20260808_124918_PMU_Fault_000000000000000000.csv.xz
    Aug 10 17:01:25 qcells-emsplus docker-loader[33385]: [16:59:30:690][I][AZ] [UploadQueueManager] Task enqueued (pending=279)
    Aug 10 17:01:25 qcells-emsplus docker-loader[33385]: [16:59:30:691][I][AZ] [upload_file_to_blob] source: cloud_broker, file: /edge/log/toupload/device_log/PMU_Fault/20260807_161436_20260808_171537_PMU_Fault_000000000000000000.csv.xz -> pmu-fault/2026/08/20260807_161436_20260808_171537_PMU_Fault_000000000000000000.csv.xz
    Aug 10 17:01:25 qcells-emsplus docker-loader[33385]: [16:59:30:691][I][AZ] [UploadQueueManager] Task enqueued (pending=280)
    Aug 10 17:01:25 qcells-emsplus docker-loader[33385]: [16:59:30:692][I][AZ] [upload_file_to_blob] source: cloud_broker, file: /edge/log/toupload/device_log/PMU_Fault/20260807_224956_20260807_225258_PMU_Fault_000000000000000000.csv.xz -> pmu-fault/2026/08/20260807_224956_20260807_225258_PMU_Fault_000000000000000000.csv.xz
    Aug 10 17:01:25 qcells-emsplus docker-loader[33385]: [16:59:30:692][I][AZ] [UploadQueueManager] Task enqueued (pending=281)
    Aug 10 17:01:26 qcells-emsplus docker-loader[33385]: [16:59:30:693][I][AZ] [upload_file_to_blob] source: cloud_broker, file: /edge/log/toupload/device_log/PMU_Fault/20260807_225558_20260807_225859_PMU_Fault_000000000000000000.csv.xz -> pmu-fault/2026/08/20260807_225558_20260807_225859_PMU_Fault_000000000000000000.csv.xz
    Aug 10 17:01:26 qcells-emsplus docker-loader[33385]: [16:59:30:693][I][AZ] [UploadQueueManager] Task enqueued (pending=282)
    Aug 10 17:01:26 qcells-emsplus docker-loader[33385]: [16:59:30:695][I][AZ] [upload_file_to_blob] source: cloud_broker, file: /edge/log/toupload/device_log/PMU_Fault/20260808_112254_20260808_112556_PMU_Fault_000000000000000000.csv.xz -> pmu-fault/2026/08/20260808_112254_20260808_112556_PMU_Fault_000000000000000000.csv.xz
    Aug 10 17:01:26 qcells-emsplus docker-loader[33385]: [16:59:30:695][I][AZ] [UploadQueueManager] Task enqueued (pending=283)
    Aug 10 17:01:26 qcells-emsplus docker-loader[33385]: [16:59:30:697][I][AZ] [upload_file_to_blob] source: cloud_broker, file: /edge/log/toupload/device_log/PMU_Fault/20260808_205732_20260808_210033_PMU_Fault_000000000000000000.csv.xz -> pmu-fault/2026/08/20260808_205732_20260808_210033_PMU_Fault_000000000000000000.csv.xz
    Aug 10 17:01:26 qcells-emsplus docker-loader[33385]: [16:59:30:697][I][AZ] [UploadQueueManager] Task enqueued (pending=284)
    Aug 10 17:01:26 qcells-emsplus docker-loader[33385]: [16:59:30:699][I][AZ] [upload_file_to_blob] source: cloud_broker, file: /edge/log/toupload/device_log/PMU_Fault/20260808_095028_20260808_095329_PMU_Fault_000000000000000000.csv.xz -> pmu-fault/2026/08/20260808_095028_20260808_095329_PMU_Fault_000000000000000000.csv.xz
    Aug 10 17:01:26 qcells-emsplus docker-loader[33385]: [16:59:30:699][I][AZ] [UploadQueueManager] Task enqueued (pending=285)
    Aug 10 17:01:26 qcells-emsplus docker-loader[33385]: [16:59:30:700][I][AZ] [upload_file_to_blob] source: cloud_broker, file: /edge/log/toupload/device_log/PMU_Fault/20260808_174515_20260808_174817_PMU_Fault_000000000000000000.csv.xz -> pmu-fault/2026/08/20260808_174515_20260808_174817_PMU_Fault_000000000000000000.csv.xz
    Aug 10 17:01:26 qcells-emsplus docker-loader[33385]: [16:59:30:700][I][AZ] [UploadQueueManager] Task enqueued (pending=286)
    Aug 10 17:01:26 qcells-emsplus docker-loader[33385]: [16:59:30:701][I][AZ] [upload_file_to_blob] source: cloud_broker, file: /edge/log/toupload/device_log/PMU_Fault/20260808_062705_20260808_063006_PMU_Fault_000000000000000000.csv.xz -> pmu-fault/2026/08/20260808_062705_20260808_063006_PMU_Fault_000000000000000000.csv.xz
    Aug 10 17:01:26 qcells-emsplus docker-loader[33385]: [16:59:30:701][I][AZ] [UploadQueueManager] Task enqueued (pending=287)
    Aug 10 17:01:26 qcells-emsplus docker-loader[33385]: [16:59:30:703][I][AZ] [upload_file_to_blob] source: cloud_broker, file: /edge/log/toupload/device_log/PMU_Fault/20260808_234136_20260808_234438_PMU_Fault_000000000000000000.csv.xz -> pmu-fault/2026/08/20260808_234136_20260808_234438_PMU_Fault_000000000000000000.csv.xz
    Aug 10 17:01:26 qcells-emsplus docker-loader[33385]: [16:59:30:703][I][AZ] [UploadQueueManager] Task enqueued (pending=288)
    Aug 10 17:01:26 qcells-emsplus docker-loader[33385]: [16:59:30:704][I][AZ] [upload_file_to_blob] source: cloud_broker, file: /edge/log/toupload/device_log/PMU_Fault/20260807_174349_20260807_174650_PMU_Fault_000000000000000000.csv.xz -> pmu-fault/2026/08/20260807_174349_20260807_174650_PMU_Fault_000000000000000000.csv.xz
    Aug 10 17:01:26 qcells-emsplus docker-loader[33385]: [16:59:30:704][I][AZ] [UploadQueueManager] Task enqueued (pending=289)
    Aug 10 17:01:26 qcells-emsplus docker-loader[33385]: [16:59:30:705][I][AZ] [upload_file_to_blob] source: cloud_broker, file: /edge/log/toupload/device_log/MI_Device_Info/20260807_094946_20260808_094946_MI_Device_Info_000000000000000000.csv.xz -> mi-device-info/2026/08/20260807_094946_20260808_094946_MI_Device_Info_000000000000000000.csv.xz
    Aug 10 17:01:26 qcells-emsplus docker-loader[33385]: [16:59:30:706][I][AZ] [UploadQueueManager] Task enqueued (pending=290)
    Aug 10 17:01:26 qcells-emsplus docker-loader[33385]: [16:59:30:707][I][AZ] [upload_file_to_blob] source: cloud_broker, file: /edge/log/toupload/device_log/MI_Device_Info/20260807_152940_20260808_152940_MI_Device_Info_000000000000000000.csv.xz -> mi-device-info/2026/08/20260807_152940_20260808_152940_MI_Device_Info_000000000000000000.csv.xz
    Aug 10 17:01:26 qcells-emsplus docker-loader[33385]: [16:59:30:707][I][AZ] [UploadQueueManager] Task enqueued (pending=291)
    Aug 10 17:01:26 qcells-emsplus docker-loader[33385]: [16:59:30:708][I][AZ] [upload_file_to_blob] source: cloud_broker, file: /edge/log/toupload/device_log/MI_Device_Info/20260811_152852_20260812_152852_MI_Device_Info_000000000000000000.csv.xz -> mi-device-info/2026/08/20260811_152852_20260812_152852_MI_Device_Info_000000000000000000.csv.xz
    Aug 10 17:01:26 qcells-emsplus docker-loader[33385]: [16:59:30:708][I][AZ] [UploadQueueManager] Task enqueued (pending=292)
    Aug 10 17:01:26 qcells-emsplus docker-loader[33385]: [16:59:30:709][I][DM] MPU_Info changed: SN=342621100006A20001, EMS+SN=P321261A0001, SPI_MAP=0, FW=0x0
    Aug 10 17:01:26 qcells-emsplus docker-loader[33385]: [16:59:30:711][I][AZ] [upload_file_to_blob] source: cloud_broker, file: /edge/log/toupload/device_log/MI_Device_Info/20260808_163439_20260809_163439_MI_Device_Info_000000000000000000.csv.xz -> mi-device-info/2026/08/20260808_163439_20260809_163439_MI_Device_Info_000000000000000000.csv.xz
    Aug 10 17:01:26 qcells-emsplus docker-loader[33385]: [16:59:30:711][I][AZ] [UploadQueueManager] Task enqueued (pending=293)
    Aug 10 17:01:26 qcells-emsplus docker-loader[33385]: [16:59:30:712][I][AZ] [upload_file_to_blob] source: cloud_broker, file: /edge/log/toupload/device_log/MI_Device_Info/20260808_162828_20260809_162828_MI_Device_Info_000000000000000000.csv.xz -> mi-device-info/2026/08/20260808_162828_20260809_162828_MI_Device_Info_000000000000000000.csv.xz
    Aug 10 17:01:26 qcells-emsplus docker-loader[33385]: [16:59:30:712][I][AZ] [UploadQueueManager] Task enqueued (pending=294)
    Aug 10 17:01:26 qcells-emsplus docker-loader[33385]: [16:59:30:713][I][AZ] [upload_file_to_blob] source: cloud_broker, file: /edge/log/toupload/device_log/MI_Device_Info/20260809_161552_20260810_161552_MI_Device_Info_000000000000000000.csv.xz -> mi-device-info/2026/08/20260809_161552_20260810_161552_MI_Device_Info_000000000000000000.csv.xz
    Aug 10 17:01:26 qcells-emsplus docker-loader[33385]: [16:59:30:713][I][AZ] [UploadQueueManager] Task enqueued (pending=295)
    Aug 10 17:01:26 qcells-emsplus docker-loader[33385]: [16:59:30:714][I][AZ] [upload_file_to_blob] source: cloud_broker, file: /edge/log/toupload/device_log/MI_Device_Info/20260808_161551_20260809_161551_MI_Device_Info_000000000000000000.csv.xz -> mi-device-info/2026/08/20260808_161551_20260809_161551_MI_Device_Info_000000000000000000.csv.xz
    Aug 10 17:01:26 qcells-emsplus docker-loader[33385]: [16:59:30:715][I][AZ] [UploadQueueManager] Task enqueued (pending=296)
    Aug 10 17:01:26 qcells-emsplus docker-loader[33385]: [16:59:30:716][I][AZ] [upload_file_to_blob] source: cloud_broker, file: /edge/log/toupload/device_log/MI_Device_Info/20260807_161007_20260808_161007_MI_Device_Info_000000000000000000.csv.xz -> mi-device-info/2026/08/20260807_161007_20260808_161007_MI_Device_Info_000000000000000000.csv.xz
    Aug 10 17:01:26 qcells-emsplus docker-loader[33385]: [16:59:30:716][I][AZ] [UploadQueueManager] Task enqueued (pending=297)
    Aug 10 17:01:26 qcells-emsplus docker-loader[33385]: [16:59:30:717][I][AZ] [upload_file_to_blob] source: cloud_broker, file: /edge/log/toupload/device_log/MI_Device_Info/20260810_142423_20260811_142423_MI_Device_Info_000000000000000000.csv.xz -> mi-device-info/2026/08/20260810_142423_20260811_142423_MI_Device_Info_000000000000000000.csv.xz
    Aug 10 17:01:26 qcells-emsplus docker-loader[33385]: [16:59:30:717][I][AZ] [UploadQueueManager] Task enqueued (pending=298)
    Aug 10 17:01:26 qcells-emsplus docker-loader[33385]: [16:59:30:718][I][AZ] [upload_file_to_blob] source: cloud_broker, file: /edge/log/toupload/device_log/MI_Device_Info/20260807_161551_20260808_161551_MI_Device_Info_000000000000000000.csv.xz -> mi-device-info/2026/08/20260807_161551_20260808_161551_MI_Device_Info_000000000000000000.csv.xz
    Aug 10 17:01:26 qcells-emsplus docker-loader[33385]: [16:59:30:718][I][AZ] [UploadQueueManager] Task enqueued (pending=299)
    Aug 10 17:01:26 qcells-emsplus docker-loader[33385]: [16:59:30:720][I][AZ] [upload_file_to_blob] source: cloud_broker, file: /edge/log/toupload/device_log/MI_Device_Info/20260808_171439_20260809_171439_MI_Device_Info_000000000000000000.csv.xz -> mi-device-info/2026/08/20260808_171439_20260809_171439_MI_Device_Info_000000000000000000.csv.xz
    Aug 10 17:01:26 qcells-emsplus docker-loader[33385]: [16:59:30:720][I][AZ] [UploadQueueManager] Task enqueued (pending=300)
    Aug 10 17:01:26 qcells-emsplus docker-loader[33385]: [16:59:30:723][I][AZ] [upload_file_to_blob] source: cloud_broker, file: /edge/log/toupload/device_log/MI_Device_Info/20260811_152311_20260812_152311_MI_Device_Info_000000000000000000.csv.xz -> mi-device-info/2026/08/20260811_152311_20260812_152311_MI_Device_Info_000000000000000000.csv.xz
    Aug 10 17:01:26 qcells-emsplus docker-loader[33385]: [16:59:30:723][I][AZ] [UploadQueueManager] Task enqueued (pending=301)
    Aug 10 17:01:26 qcells-emsplus docker-loader[33385]: [16:59:30:724][I][AZ] [upload_file_to_blob] source: cloud_broker, file: /edge/log/toupload/device_log/MI_Device_Info/20260807_153551_20260808_153551_MI_Device_Info_000000000000000000.csv.xz -> mi-device-info/2026/08/20260807_153551_20260808_153551_MI_Device_Info_000000000000000000.csv.xz
    Aug 10 17:01:26 qcells-emsplus docker-loader[33385]: [16:59:30:724][I][AZ] [UploadQueueManager] Task enqueued (pending=302)
    Aug 10 17:01:26 qcells-emsplus docker-loader[33385]: [16:59:30:726][I][AZ] [upload_file_to_blob] source: cloud_broker, file: /edge/log/toupload/device_log/MI_Device_Info/20260808_170855_20260809_170855_MI_Device_Info_000000000000000000.csv.xz -> mi-device-info/2026/08/20260808_170855_20260809_170855_MI_Device_Info_000000000000000000.csv.xz
    Aug 10 17:01:26 qcells-emsplus docker-loader[33385]: [16:59:30:726][I][AZ] [UploadQueueManager] Task enqueued (pending=303)
    Aug 10 17:01:26 qcells-emsplus docker-loader[33385]: [16:59:30:727][I][AZ] [upload_file_to_blob] source: cloud_broker, file: /edge/log/toupload/device_log/PCS_CAN_Monitoring_P02/20260808_161551_20260809_161551_PCS_CAN_Monitoring_P02_000000000000000000.csv.xz -> pcs-can-monitoring-p02/2026/08/20260808_161551_20260809_161551_PCS_CAN_Monitoring_P02_000000000000000000.csv.xz
    Aug 10 17:01:26 qcells-emsplus docker-loader[33385]: [16:59:30:727][I][AZ] [UploadQueueManager] Task enqueued (pending=304)
    Aug 10 17:01:26 qcells-emsplus docker-loader[33385]: [16:59:30:728][I][AZ] [upload_file_to_blob] source: cloud_broker, file: /edge/log/toupload/device_log/PCS_CAN_Monitoring_P02/20260809_161552_20260810_161552_PCS_CAN_Monitoring_P02_000000000000000000.csv.xz -> pcs-can-monitoring-p02/2026/08/20260809_161552_20260810_161552_PCS_CAN_Monitoring_P02_000000000000000000.csv.xz
    Aug 10 17:01:26 qcells-emsplus docker-loader[33385]: [16:59:30:728][I][AZ] [UploadQueueManager] Task enqueued (pending=305)
    Aug 10 17:01:26 qcells-emsplus docker-loader[33385]: [16:59:30:729][I][AZ] [upload_file_to_blob] source: cloud_broker, file: /edge/log/toupload/device_log/PCS_CAN_Monitoring_P02/20260807_152940_20260808_152940_PCS_CAN_Monitoring_P02_000000000000000000.csv.xz -> pcs-can-monitoring-p02/2026/08/20260807_152940_20260808_152940_PCS_CAN_Monitoring_P02_000000000000000000.csv.xz
    Aug 10 17:01:26 qcells-emsplus docker-loader[33385]: [16:59:30:729][I][AZ] [UploadQueueManager] Task enqueued (pending=306)
    Aug 10 17:01:26 qcells-emsplus docker-loader[33385]: [16:59:30:730][I][AZ] [upload_file_to_blob] source: cloud_broker, file: /edge/log/toupload/device_log/PCS_CAN_Monitoring_P02/20260808_163439_20260809_163439_PCS_CAN_Monitoring_P02_000000000000000000.csv.xz -> pcs-can-monitoring-p02/2026/08/20260808_163439_20260809_163439_PCS_CAN_Monitoring_P02_000000000000000000.csv.xz
    Aug 10 17:01:26 qcells-emsplus docker-loader[33385]: [16:59:30:730][I][AZ] [UploadQueueManager] Task enqueued (pending=307)
    Aug 10 17:01:27 qcells-emsplus docker-loader[33385]: [16:59:30:731][I][AZ] [upload_file_to_blob] source: cloud_broker, file: /edge/log/toupload/device_log/PCS_CAN_Monitoring_P02/20260811_152311_20260812_152311_PCS_CAN_Monitoring_P02_000000000000000000.csv.xz -> pcs-can-monitoring-p02/2026/08/20260811_152311_20260812_152311_PCS_CAN_Monitoring_P02_000000000000000000.csv.xz
    Aug 10 17:01:27 qcells-emsplus docker-loader[33385]: [16:59:30:731][I][AZ] [UploadQueueManager] Task enqueued (pending=308)
    Aug 10 17:01:27 qcells-emsplus docker-loader[33385]: [16:59:30:733][I][AZ] [upload_file_to_blob] source: cloud_broker, file: /edge/log/toupload/device_log/PCS_CAN_Monitoring_P02/20260808_170855_20260809_170855_PCS_CAN_Monitoring_P02_000000000000000000.csv.xz -> pcs-can-monitoring-p02/2026/08/20260808_170855_20260809_170855_PCS_CAN_Monitoring_P02_000000000000000000.csv.xz
    Aug 10 17:01:27 qcells-emsplus docker-loader[33385]: [16:59:30:733][I][AZ] [UploadQueueManager] Task enqueued (pending=309)
    Aug 10 17:01:27 qcells-emsplus docker-loader[33385]: [16:59:30:734][I][DM] [PCS SN] stale serial="342621100006A20001" != expected="000000000000000000" retry 2/5
    Aug 10 17:01:27 qcells-emsplus docker-loader[33385]: [16:59:30:735][I][AZ] [upload_file_to_blob] source: cloud_broker, file: /edge/log/toupload/device_log/PCS_CAN_Monitoring_P02/20260807_161007_20260808_161007_PCS_CAN_Monitoring_P02_000000000000000000.csv.xz -> pcs-can-monitoring-p02/2026/08/20260807_161007_20260808_161007_PCS_CAN_Monitoring_P02_000000000000000000.csv.xz
    Aug 10 17:01:27 qcells-emsplus docker-loader[33385]: [16:59:30:735][I][AZ] [UploadQueueManager] Task enqueued (pending=310)
    Aug 10 17:01:27 qcells-emsplus docker-loader[33385]: [16:59:30:737][I][AZ] [upload_file_to_blob] source: cloud_broker, file: /edge/log/toupload/device_log/PCS_CAN_Monitoring_P02/20260807_094946_20260808_094946_PCS_CAN_Monitoring_P02_000000000000000000.csv.xz -> pcs-can-monitoring-p02/2026/08/20260807_094946_20260808_094946_PCS_CAN_Monitoring_P02_000000000000000000.csv.xz
    Aug 10 17:01:27 qcells-emsplus docker-loader[33385]: [16:59:30:737][I][AZ] [UploadQueueManager] Task enqueued (pending=311)
    Aug 10 17:01:27 qcells-emsplus docker-loader[33385]: [16:59:30:738][I][AZ] [upload_file_to_blob] source: cloud_broker, file: /edge/log/toupload/device_log/PCS_CAN_Monitoring_P02/20260810_142423_20260811_142423_PCS_CAN_Monitoring_P02_000000000000000000.csv.xz -> pcs-can-monitoring-p02/2026/08/20260810_142423_20260811_142423_PCS_CAN_Monitoring_P02_000000000000000000.csv.xz
    Aug 10 17:01:27 qcells-emsplus docker-loader[33385]: [16:59:30:738][I][AZ] [UploadQueueManager] Task enqueued (pending=312)
    Aug 10 17:01:27 qcells-emsplus docker-loader[33385]: [16:59:30:740][I][AZ] [upload_file_to_blob] source: cloud_broker, file: /edge/log/toupload/device_log/PCS_CAN_Monitoring_P02/20260808_171439_20260809_171439_PCS_CAN_Monitoring_P02_000000000000000000.csv.xz -> pcs-can-monitoring-p02/2026/08/20260808_171439_20260809_171439_PCS_CAN_Monitoring_P02_000000000000000000.csv.xz
    Aug 10 17:01:27 qcells-emsplus docker-loader[33385]: [16:59:30:740][I][AZ] [UploadQueueManager] Task enqueued (pending=313)
    Aug 10 17:01:27 qcells-emsplus docker-loader[33385]: [16:59:30:741][I][AZ] [upload_file_to_blob] source: cloud_broker, file: /edge/log/toupload/device_log/PCS_CAN_Monitoring_P02/20260807_153551_20260808_153551_PCS_CAN_Monitoring_P02_000000000000000000.csv.xz -> pcs-can-monitoring-p02/2026/08/20260807_153551_20260808_153551_PCS_CAN_Monitoring_P02_000000000000000000.csv.xz
    Aug 10 17:01:27 qcells-emsplus docker-loader[33385]: [16:59:30:741][I][AZ] [UploadQueueManager] Task enqueued (pending=314)
    Aug 10 17:01:27 qcells-emsplus docker-loader[33385]: [16:59:30:742][I][AZ] [upload_file_to_blob] source: cloud_broker, file: /edge/log/toupload/device_log/PCS_CAN_Monitoring_P02/20260808_162828_20260809_162828_PCS_CAN_Monitoring_P02_000000000000000000.csv.xz -> pcs-can-monitoring-p02/2026/08/20260808_162828_20260809_162828_PCS_CAN_Monitoring_P02_000000000000000000.csv.xz
    Aug 10 17:01:27 qcells-emsplus docker-loader[33385]: [16:59:30:742][I][AZ] [UploadQueueManager] Task enqueued (pending=315)
    Aug 10 17:01:27 qcells-emsplus docker-loader[33385]: [16:59:30:744][I][AZ] [upload_file_to_blob] source: cloud_broker, file: /edge/log/toupload/device_log/PCS_CAN_Monitoring_P02/20260807_161551_20260808_161551_PCS_CAN_Monitoring_P02_000000000000000000.csv.xz -> pcs-can-monitoring-p02/2026/08/20260807_161551_20260808_161551_PCS_CAN_Monitoring_P02_000000000000000000.csv.xz
    Aug 10 17:01:27 qcells-emsplus docker-loader[33385]: [16:59:30:744][I][AZ] [UploadQueueManager] Task enqueued (pending=316)
    Aug 10 17:01:27 qcells-emsplus docker-loader[33385]: [16:59:30:745][I][AZ] [upload_file_to_blob] source: cloud_broker, file: /edge/log/toupload/device_log/PCS_CAN_Monitoring_P02/20260811_152852_20260812_152852_PCS_CAN_Monitoring_P02_000000000000000000.csv.xz -> pcs-can-monitoring-p02/2026/08/20260811_152852_20260812_152852_PCS_CAN_Monitoring_P02_000000000000000000.csv.xz
    Aug 10 17:01:27 qcells-emsplus docker-loader[33385]: [16:59:30:745][I][AZ] [UploadQueueManager] Task enqueued (pending=317)
    Aug 10 17:01:27 qcells-emsplus docker-loader[33385]: [16:59:30:747][I][AZ] [upload_file_to_blob] source: cloud_broker, file: /edge/log/toupload/system/systemlog_20260810144503_20260810144731.log.xz -> ems-system/2026/08/systemlog_20260810144503_20260810144731.log.xz
    Aug 10 17:01:27 qcells-emsplus docker-loader[33385]: [16:59:30:747][I][AZ] [UploadQueueManager] Task enqueued (pending=318)
    Aug 10 17:01:27 qcells-emsplus docker-loader[33385]: [16:59:30:749][I][AZ] [upload_file_to_blob] source: cloud_broker, file: /edge/log/toupload/system/nmon/qcells-emsplus_260809_1557.nmon -> ems-system/nmon/2026/08/qcells-emsplus_260809_1557.nmon
    Aug 10 17:01:27 qcells-emsplus docker-loader[33385]: [16:59:30:749][I][AZ] [UploadQueueManager] Task enqueued (pending=319)
    Aug 10 17:01:27 qcells-emsplus docker-loader[33385]: [16:59:30:750][I][AZ] [upload_file_to_blob] source: cloud_broker, file: /edge/log/toupload/system/systemlog_20260810144418_20260810144503.log.xz -> ems-system/2026/08/systemlog_20260810144418_20260810144503.log.xz
    Aug 10 17:01:27 qcells-emsplus docker-loader[33385]: [16:59:30:750][I][AZ] [UploadQueueManager] Task enqueued (pending=320)
    Aug 10 17:01:27 qcells-emsplus docker-loader[33385]: [16:59:30:751][I][AZ] [upload_file_to_blob] source: cloud_broker, file: /edge/log/toupload/system/systemlog_20260810144823_20260810162338.log.xz -> ems-system/2026/08/systemlog_20260810144823_20260810162338.log.xz
    Aug 10 17:01:27 qcells-emsplus docker-loader[33385]: [16:59:30:751][I][AZ] [UploadQueueManager] Task enqueued (pending=321)
    Aug 10 17:01:27 qcells-emsplus docker-loader[33385]: [16:59:30:753][I][AZ] [upload_file_to_blob] source: cloud_broker, file: /edge/log/toupload/system/systemlog_20260810162339_20260810163254.log.xz -> ems-system/2026/08/systemlog_20260810162339_20260810163254.log.xz
    Aug 10 17:01:27 qcells-emsplus docker-loader[33385]: [16:59:30:753][I][AZ] [UploadQueueManager] Task enqueued (pending=322)
    Aug 10 17:01:27 qcells-emsplus docker-loader[33385]: [16:59:30:757][I][DM] [PCS SN] stale serial="342621100006A20001" != expected="000000000000000000" retry 3/5
    Aug 10 17:01:27 qcells-emsplus docker-loader[33385]: [16:59:30:781][I][DM] [PCS SN] stale serial="342621100006A20001" != expected="000000000000000000" retry 4/5
    Aug 10 17:01:27 qcells-emsplus docker-loader[33385]: [16:59:30:804][I][DM] [PCS SN] stale serial="342621100006A20001" != expected="000000000000000000" retry 5/5
    Aug 10 17:01:27 qcells-emsplus docker-loader[33385]: [16:59:30:836][W][DM] [PCS SN] stale max retries (5) exceeded, accepting "342621100006A20001" (expected "000000000000000000")
    Aug 10 17:01:27 qcells-emsplus docker-loader[33385]: [16:59:30:839][I][DM] [PCS SN] saved pcs1_sn=342621100006A20001
    Aug 10 17:01:27 qcells-emsplus docker-loader[33385]: [16:59:31:016][I][DM] MCU_Info and MPU_Info received, moving to PHASE2
    Aug 10 17:01:27 qcells-emsplus docker-loader[33385]: [16:59:31:017][I][DM] send_mpu_startup_status: I
    Aug 10 17:01:27 qcells-emsplus docker-loader[33385]: [16:59:31:070][I][DI] [handle_response_select_all_records]
    Aug 10 17:01:27 qcells-emsplus docker-loader[33385]: [16:59:31:074][I][DI] [handle_response_select_all_records]
    Aug 10 17:01:27 qcells-emsplus docker-loader[33385]: [16:59:31:075][I][DI] [handle_response_system_settings]
    Aug 10 17:01:27 qcells-emsplus docker-loader[33385]: [16:59:31:075][I][DI] [apply_log_level_setting]
    Aug 10 17:01:27 qcells-emsplus docker-loader[33385]: [16:59:31:125][I][CB] [RegistermapDataMgr] Register map updated: version=1, schemaVersion=1.0.0, protocolVersion(can/spi/installDoc/jf2)=0.99/1.02/1.67/2.8.4.8, 3 maps: qcells_mcu(4 groups), qcells_ess_g4(2 groups), qcells_mpu(4 groups)
    Aug 10 17:01:27 qcells-emsplus docker-loader[33385]: [16:59:31:156][I][CB] SiteJsonData cache built: 3 maps, 1402 registers, 8179 metrics
    Aug 10 17:01:27 qcells-emsplus docker-loader[33385]: [16:59:31:170][I][DI] Configuration updated via update_configuration
    Aug 10 17:01:27 qcells-emsplus docker-loader[33385]: [16:59:31:176][I][DI] DB initialization completed: all system_settings, persistent_states, and device_info are loaded
    Aug 10 17:01:27 qcells-emsplus docker-loader[33385]: [16:59:31:176][I][DI] [handle_response_select_all_records]
    Aug 10 17:01:27 qcells-emsplus docker-loader[33385]: [16:59:31:176][I][DI] [handle_response_device_info]
    Aug 10 17:01:27 qcells-emsplus docker-loader[33385]: [16:59:31:177][I][DI] Loaded fault history: 32 snapshots
    Aug 10 17:01:27 qcells-emsplus docker-loader[33385]: [16:59:31:179][I][DI] [update_serial_cache]
    Aug 10 17:01:27 qcells-emsplus docker-loader[33385]: [16:59:31:179][I][DI] MI serial cache updated: mi_serials=0
    Aug 10 17:01:27 qcells-emsplus docker-loader[33385]: [16:59:31:179][I][ER] handle_noti_ready source: diag_monitor
    Aug 10 17:01:27 qcells-emsplus docker-loader[33385]: [16:59:31:179][I][ER] Checking and executing dependencies for all applications
    Aug 10 17:01:27 qcells-emsplus docker-loader[33385]: [16:59:31:180][I][AZ] Request handlers registered from diag_monitor: set_ems_fault
    Aug 10 17:01:27 qcells-emsplus docker-loader[33385]: [16:59:31:181][I][SL] Request handlers registered from diag_monitor: set_ems_fault
    Aug 10 17:01:27 qcells-emsplus docker-loader[33385]: [16:59:31:181][I][EL] Request handlers registered from diag_monitor: set_ems_fault
    Aug 10 17:01:27 qcells-emsplus docker-loader[33385]: [16:59:31:181][I][ET] Request handlers registered from diag_monitor: set_ems_fault
    Aug 10 17:01:27 qcells-emsplus docker-loader[33385]: [16:59:31:181][W][ET] Unknown service for notification: request_handler_offer
    Aug 10 17:01:27 qcells-emsplus docker-loader[33385]: [16:59:31:181][I][ED] Request handlers registered from diag_monitor: set_ems_fault
    Aug 10 17:01:27 qcells-emsplus docker-loader[33385]: [16:59:31:181][W][ED] Unknown service for notification: request_handler_offer
    Aug 10 17:01:27 qcells-emsplus docker-loader[33385]: [16:59:31:182][I][DI] Request handlers registered from diag_monitor: set_ems_fault
    Aug 10 17:01:27 qcells-emsplus docker-loader[33385]: [16:59:31:182][I][DM] Request handlers registered from diag_monitor: set_ems_fault
    Aug 10 17:01:27 qcells-emsplus docker-loader[33385]: [16:59:31:182][W][DI] Unknown service for notification: request_handler_offer
    Aug 10 17:01:27 qcells-emsplus docker-loader[33385]: [16:59:31:182][I][DI] DiagMonitor started
    Aug 10 17:01:28 qcells-emsplus docker-loader[33385]: [16:59:31:182][I][CB] Request handlers registered from diag_monitor: set_ems_fault
    Aug 10 17:01:28 qcells-emsplus docker-loader[33385]: [16:59:31:183][I][ER] Request handlers registered from diag_monitor: set_ems_fault
    Aug 10 17:01:28 qcells-emsplus docker-loader[33385]: [16:59:31:187][I][DI] [handle_response_configuration]
    Aug 10 17:01:28 qcells-emsplus docker-loader[33385]: [16:59:31:187][I][DI] [fault_history_thread]
    Aug 10 17:01:28 qcells-emsplus docker-loader[33385]: [16:59:31:200][I][ED] [EnergyDataStore] Set JA12 enabled: false
    Aug 10 17:01:28 qcells-emsplus docker-loader[33385]: [16:59:31:222][I][ED] [handle_response_system_settings] Log level: 1
    Aug 10 17:01:28 qcells-emsplus docker-loader[33385]: [16:59:31:223][I][ED] [EnergyDataStore] Set battery number: 0
    Aug 10 17:01:28 qcells-emsplus docker-loader[33385]: [16:59:31:223][I][ED] [handle_response_system_settings] simulation_mode loaded: disabled
    Aug 10 17:01:28 qcells-emsplus docker-loader[33385]: [16:59:31:223][I][ED] [EnergyDataStore] Set JA12 compliance capacity: 5000 Wh
    Aug 10 17:01:28 qcells-emsplus docker-loader[33385]: [16:59:31:225][I][ED] [EnergyControl] set_energy_control_mode() control_mode: 1, enable: 0
    Aug 10 17:01:28 qcells-emsplus docker-loader[33385]: [16:59:31:226][I][ED] [EnergyControl] set_ems_energy_policy() energy policy: 0 notification sent
    Aug 10 17:01:28 qcells-emsplus docker-loader[33385]: [16:59:31:228][I][SL] [handle_response_system_settings] Log level: 1
    Aug 10 17:01:28 qcells-emsplus docker-loader[33385]: [16:59:31:230][I][ED] [EnergyControl] EnergyControl_Status updated to 0 (mode: 6)
    Aug 10 17:01:28 qcells-emsplus docker-loader[33385]: [16:59:31:231][I][ED] [EnergyDataStore] Set ESS operating mode: 0
    Aug 10 17:01:28 qcells-emsplus docker-loader[33385]: [16:59:31:231][I][ED] set_energy_policy in EnergyDataStore: 0 (
    Aug 10 17:01:28 qcells-emsplus docker-loader[33385]: )
    Aug 10 17:01:28 qcells-emsplus docker-loader[33385]: [16:59:31:232][I][ED] MCU control limit values applied from system_setting
    Aug 10 17:01:28 qcells-emsplus docker-loader[33385]: [16:59:31:233][I][ED] Energy Policy changed, refreshing energy control mode
    Aug 10 17:01:28 qcells-emsplus docker-loader[33385]: [16:59:31:260][I][SM] Request handlers registered from diag_monitor: set_ems_fault
    Aug 10 17:01:28 qcells-emsplus docker-loader[33385]: [16:59:31:335][I][WI] [runStepWithRetry] checkAllAppsReadyStatus: Attempt 3/30
    Aug 10 17:01:28 qcells-emsplus docker-loader[33385]: [16:59:31:336][I][WI] [PlatformService:getAllAppsReadyStatus] Getting all apps ready status
    Aug 10 17:01:28 qcells-emsplus docker-loader[33385]: [16:59:31:341][I][ER] handle_req_all_apps_ready_status
    Aug 10 17:01:28 qcells-emsplus docker-loader[33385]: [16:59:31:347][I][WI] [PlatformService:getAllAppsReadyStatus] All apps are ready status: {"is_ready":false}
    Aug 10 17:01:28 qcells-emsplus docker-loader[33385]: [16:59:31:348][W][WI] [runStepWithRetry] checkAllAppsReadyStatus: Attempt 3 failed: All apps are not yet ready
    Aug 10 17:01:28 qcells-emsplus docker-loader[33385]: [16:59:31:348][I][WI] [runStepWithRetry] checkAllAppsReadyStatus: Retrying in 1s...
    Aug 10 17:01:28 qcells-emsplus docker-loader[33385]: [16:59:31:516][I][DM] All Install Group Values:
    Aug 10 17:01:28 qcells-emsplus docker-loader[33385]:   [Group 1] INSTALL_DATA_GROUP1 (CRC=0xdef3)
    Aug 10 17:01:28 qcells-emsplus docker-loader[33385]:     Advanced_HUB_Installed = 0
    Aug 10 17:01:28 qcells-emsplus docker-loader[33385]:     Battery_Backup_SOC = 0
    Aug 10 17:01:28 qcells-emsplus docker-loader[33385]:     Battery_Hysteresis_High = 90
    Aug 10 17:01:28 qcells-emsplus docker-loader[33385]:     Battery_Hysteresis_Low = 10
    Aug 10 17:01:28 qcells-emsplus docker-loader[33385]:     Derating_Flag = 1
    Aug 10 17:01:28 qcells-emsplus docker-loader[33385]:     Derating_Start_Temp = 75.0
    Aug 10 17:01:28 qcells-emsplus docker-loader[33385]:     Derating_Value = 5.0
    Aug 10 17:01:28 qcells-emsplus docker-loader[33385]:     ESS1_Battery_number = 0
    Aug 10 17:01:28 qcells-emsplus docker-loader[33385]:     ESS2_Battery_number = 0
    Aug 10 17:01:28 qcells-emsplus docker-loader[33385]:     Grid_Target_Frequency = 60
    Aug 10 17:01:28 qcells-emsplus docker-loader[33385]:     Inverter_Max_output_Power = 100
    Aug 10 17:01:28 qcells-emsplus docker-loader[33385]:     PV_Type = 0
    Aug 10 17:01:28 qcells-emsplus docker-loader[33385]:     System_Commissioning_Status = 0
    Aug 10 17:01:28 qcells-emsplus docker-loader[33385]:   [Group 2] INSTALL_DATA_GROUP2 (CRC=0xaba6)
    Aug 10 17:01:28 qcells-emsplus docker-loader[33385]:     BBOC_Reconnection_Time = 300
    Aug 10 17:01:28 qcells-emsplus docker-loader[33385]:     Busbar_Protection_Flag = 0
    Aug 10 17:01:28 qcells-emsplus docker-loader[33385]:     CT_Polarity = 0
    Aug 10 17:01:28 qcells-emsplus docker-loader[33385]:     Config_3rd_Party_ESS = 0
    Aug 10 17:01:28 qcells-emsplus docker-loader[33385]:     DER_CB_Rating = 1000
    Aug 10 17:01:28 qcells-emsplus docker-loader[33385]:     ESS_Install_Num = 0
    Aug 10 17:01:28 qcells-emsplus docker-loader[33385]:     Ext_CT_Installed_Point = 0
    Aug 10 17:01:28 qcells-emsplus docker-loader[33385]:     Ext_Dry_Contact = 0
    Aug 10 17:01:28 qcells-emsplus docker-loader[33385]:     Ext_PV_Installed_Flag = 0
    Aug 10 17:01:28 qcells-emsplus docker-loader[33385]:     Ext_Relay_Box1_Installed = 0
    Aug 10 17:01:28 qcells-emsplus docker-loader[33385]:     Ext_Relay_Box2_Installed = 0
    Aug 10 17:01:28 qcells-emsplus docker-loader[33385]:     Ext_Relay_Box3_Installed = 0
    Aug 10 17:01:28 qcells-emsplus docker-loader[33385]:     Ext_SRB_CH1_Installed = 0
    Aug 10 17:01:28 qcells-emsplus docker-loader[33385]:     Ext_SRB_CH2_Installed = 0
    Aug 10 17:01:28 qcells-emsplus docker-loader[33385]:     GEN_Maintenance_Mode_Duration = 20
    Aug 10 17:01:28 qcells-emsplus docker-loader[33385]:     GEN_Maintenance_Mode_Flag = 0
    Aug 10 17:01:28 qcells-emsplus docker-loader[33385]:     GEN_Mode_Release_SOC = 85
    Aug 10 17:01:28 qcells-emsplus docker-loader[33385]:     GEN_Mode_Start_SOC = 5
    Aug 10 17:01:28 qcells-emsplus docker-loader[33385]:     GEN_Nameplate_Power = 0
    Aug 10 17:01:28 qcells-emsplus docker-loader[33385]:     Generator_User_Auto_Start_Enable = 0
    Aug 10 17:01:28 qcells-emsplus docker-loader[33385]:     Generator_User_Manual_On_Command = 0
    Aug 10 17:01:28 qcells-emsplus docker-loader[33385]:     HUB_Installed_Flag = 0
    Aug 10 17:01:28 qcells-emsplus docker-loader[33385]:     MI_Nameplate_Power = 0
    Aug 10 17:01:28 qcells-emsplus docker-loader[33385]:     MSC_Installed_Point = 0
    Aug 10 17:01:28 qcells-emsplus docker-loader[33385]:     MSP_Busbar_Rating = 1000
    Aug 10 17:01:28 qcells-emsplus docker-loader[33385]:     MSP_Installed_Flag = 0
    Aug 10 17:01:28 qcells-emsplus docker-loader[33385]:     Mixed_Tariff = 0
    Aug 10 17:01:28 qcells-emsplus docker-loader[33385]:     PG_E_Mode_Disable = 0
    Aug 10 17:01:28 qcells-emsplus docker-loader[33385]:     Power_Ctrl_Limit_Min = 20
    Aug 10 17:01:28 qcells-emsplus docker-loader[33385]:     Power_Ctrl_Time = 3000
    Aug 10 17:01:28 qcells-emsplus docker-loader[33385]:     Sub_Panel_Busbar_Rating = 1000
    Aug 10 17:01:28 qcells-emsplus docker-loader[33385]:     Sub_Panel_Installed_Flag = 0
    Aug 10 17:01:28 qcells-emsplus docker-loader[33385]:   [Group 3] INSTALL_DATA_GROUP3 (CRC=0x0)
    Aug 10 17:01:28 qcells-emsplus docker-loader[33385]:     Backup_Load_Relay_Installed = 0
    Aug 10 17:01:28 qcells-emsplus docker-loader[33385]:     DER1_Device_Select = 0
    Aug 10 17:01:28 qcells-emsplus docker-loader[33385]:     DER2_Device_Select = 0
    Aug 10 17:01:28 qcells-emsplus docker-loader[33385]:     DER3_Device_Select = 0
    Aug 10 17:01:28 qcells-emsplus docker-loader[33385]:     DER4_Device_Select = 0
    Aug 10 17:01:28 qcells-emsplus docker-loader[33385]:   [Group 4] INSTALL_DATA_GROUP4_E (CRC=0x136b)
    Aug 10 17:01:28 qcells-emsplus docker-loader[33385]:     Active_Power_Over_Excited_Setting_ess = 100.0
    Aug 10 17:01:28 qcells-emsplus docker-loader[33385]:     Active_Power_Setting_ess = 100.0
    Aug 10 17:01:28 qcells-emsplus docker-loader[33385]:     Active_Power_Under_Excited_Setting_ess = 100.0
    Aug 10 17:01:28 qcells-emsplus docker-loader[33385]:     Charge_Rate_Setting_ess = 100.0
    Aug 10 17:01:28 qcells-emsplus docker-loader[33385]:     Charge_Rate_VA_Setting_ess = 100.0
    Aug 10 17:01:28 qcells-emsplus docker-loader[33385]:     Discharge_Rate_Setting_ess = 100.0
    Aug 10 17:01:28 qcells-emsplus docker-loader[33385]:     Export_P_min_ess = 5.0
    Aug 10 17:01:28 qcells-emsplus docker-loader[33385]:     Grid_Target_Voltage_ess = 240
    Aug 10 17:01:28 qcells-emsplus docker-loader[33385]:     Import_P_min_ess = -100.0
    Aug 10 17:01:28 qcells-emsplus docker-loader[33385]:     Max_Apparent_Power_Limit_ess = 100.0
    Aug 10 17:01:28 qcells-emsplus docker-loader[33385]:     PFMin_Over_Excited_ess = 0.8
    Aug 10 17:01:28 qcells-emsplus docker-loader[33385]:     PFMin_Under_Excited_ess = -0.8
    Aug 10 17:01:28 qcells-emsplus docker-loader[33385]:     SetAMax_ess = 0.0
    Aug 10 17:01:28 qcells-emsplus docker-loader[33385]:     SetVMax_ess = 0.0
    Aug 10 17:01:28 qcells-emsplus docker-loader[33385]:     SetVmin_ess = 0.0
    Aug 10 17:01:28 qcells-emsplus docker-loader[33385]:     SetVrt_ess = 0.0
    Aug 10 17:01:28 qcells-emsplus docker-loader[33385]:     Tau_Coefficient_ess = 2.3
    Aug 10 17:01:28 qcells-emsplus docker-loader[33385]:     VarMax_Over_Excited_ess = 60.0
    Aug 10 17:01:28 qcells-emsplus docker-loader[33385]:     VarMax_Under_Excited_ess = -60.0
    Aug 10 17:01:28 qcells-emsplus docker-loader[33385]:     rtgVarMax_ess = 0.0
    Aug 10 17:01:28 qcells-emsplus docker-loader[33385]:   [Group 5] INSTALL_DATA_GROUP4_M (CRC=0x92d1)
    Aug 10 17:01:28 qcells-emsplus docker-loader[33385]:     Active_Power_Over_Excited_Setting_mi = 85.0
    Aug 10 17:01:28 qcells-emsplus docker-loader[33385]:     Active_Power_Setting_mi = 100.0
    Aug 10 17:01:28 qcells-emsplus docker-loader[33385]:     Active_Power_Under_Excited_Setting_mi = 85.0
    Aug 10 17:01:28 qcells-emsplus docker-loader[33385]:     Charge_Rate_Setting_mi = 0.0
    Aug 10 17:01:28 qcells-emsplus docker-loader[33385]:     Charge_Rate_VA_Setting_mi = 0.0
    Aug 10 17:01:28 qcells-emsplus docker-loader[33385]:     Discharge_Rate_Setting_mi = 0.0
    Aug 10 17:01:28 qcells-emsplus docker-loader[33385]:     Export_P_min_mi = 0.0
    Aug 10 17:01:28 qcells-emsplus docker-loader[33385]:     Grid_Target_Voltage_mi = 240
    Aug 10 17:01:28 qcells-emsplus docker-loader[33385]:     Import_P_min_mi = 0.0
    Aug 10 17:01:28 qcells-emsplus docker-loader[33385]:     Max_Apparent_Power_Limit_mi = 100.0
    Aug 10 17:01:28 qcells-emsplus docker-loader[33385]:     PFMin_Over_Excited_mi = 0.85
    Aug 10 17:01:28 qcells-emsplus docker-loader[33385]:     PFMin_Under_Excited_mi = -0.85
    Aug 10 17:01:28 qcells-emsplus docker-loader[33385]:     SetAMax_mi = 100.0
    Aug 10 17:01:28 qcells-emsplus docker-loader[33385]:     SetVMax_mi = 120.0
    Aug 10 17:01:28 qcells-emsplus docker-loader[33385]:     SetVmin_mi = 0.0
    Aug 10 17:01:28 qcells-emsplus docker-loader[33385]:     SetVrt_mi = 100.0
    Aug 10 17:01:28 qcells-emsplus docker-loader[33385]:     Tau_Coefficient_mi = 0.0
    Aug 10 17:01:28 qcells-emsplus docker-loader[33385]:     VarMax_Over_Excited_mi = 0.0
    Aug 10 17:01:28 qcells-emsplus docker-loader[33385]:     VarMax_Under_Excited_mi = 0.0
    Aug 10 17:01:28 qcells-emsplus docker-loader[33385]:     rtgVarMax_mi = 100.0
    Aug 10 17:01:28 qcells-emsplus docker-loader[33385]:   [Group 6] INSTALL_DATA_GROUP5_E (CRC=0xf0da)
    Aug 10 17:01:28 qcells-emsplus docker-loader[33385]:     HVRT_Flag_ess = 1
    Aug 10 17:01:28 qcells-emsplus docker-loader[33385]:     Over_Voltage_Detection_Level1_ess = 110.0
    Aug 10 17:01:28 qcells-emsplus docker-loader[33385]:     Over_Voltage_Detection_Level2_ess = 120.0
    Aug 10 17:01:28 qcells-emsplus docker-loader[33385]:     Over_Voltage_Detection_Level3_ess = 120.0
    Aug 10 17:01:28 qcells-emsplus docker-loader[33385]:     Over_Voltage_Detection_Level4_ess = 120.0
    Aug 10 17:01:28 qcells-emsplus docker-loader[33385]:     Over_Voltage_Detection_Level5_ess = 120.0
    Aug 10 17:01:28 qcells-emsplus docker-loader[33385]:     Over_Voltage_Detection_Time1_ess = 13000
    Aug 10 17:01:28 qcells-emsplus docker-loader[33385]:     Over_Voltage_Detection_Time2_ess = 160
    Aug 10 17:01:28 qcells-emsplus docker-loader[33385]:     Over_Voltage_Detection_Time3_ess = 13000
    Aug 10 17:01:28 qcells-emsplus docker-loader[33385]:     Over_Voltage_Detection_Time4_ess = 13000
    Aug 10 17:01:28 qcells-emsplus docker-loader[33385]:     Over_Voltage_Detection_Time5_ess = 13000
    Aug 10 17:01:28 qcells-emsplus docker-loader[33385]:   [Group 7] INSTALL_DATA_GROUP5_M (CRC=0xf0da)
    Aug 10 17:01:28 qcells-emsplus docker-loader[33385]:     HVRT_Flag_mi = 1
    Aug 10 17:01:28 qcells-emsplus docker-loader[33385]:     Over_Voltage_Detection_Level1_mi = 110.0
    Aug 10 17:01:28 qcells-emsplus docker-loader[33385]:     Over_Voltage_Detection_Level2_mi = 120.0
    Aug 10 17:01:28 qcells-emsplus docker-loader[33385]:     Over_Voltage_Detection_Level3_mi = 120.0
    Aug 10 17:01:28 qcells-emsplus docker-loader[33385]:     Over_Voltage_Detection_Level4_mi = 120.0
    Aug 10 17:01:28 qcells-emsplus docker-loader[33385]:     Over_Voltage_Detection_Level5_mi = 120.0
    Aug 10 17:01:28 qcells-emsplus docker-loader[33385]:     Over_Voltage_Detection_Time1_mi = 13000
    Aug 10 17:01:28 qcells-emsplus docker-loader[33385]:     Over_Voltage_Detection_Time2_mi = 160
    Aug 10 17:01:28 qcells-emsplus docker-loader[33385]:     Over_Voltage_Detection_Time3_mi = 13000
    Aug 10 17:01:28 qcells-emsplus docker-loader[33385]:     Over_Voltage_Detection_Time4_mi = 13000
    Aug 10 17:01:28 qcells-emsplus docker-loader[33385]:     Over_Voltage_Detection_Time5_mi = 13000
    Aug 10 17:01:28 qcells-emsplus docker-loader[33385]:   [Grou...[truncated]
    Aug 10 17:01:28 qcells-emsplus docker-loader[33385]: [16:59:31:516][I][DM] Computed install group CRCs: {"Group10_CRC":12250,"Group11_CRC":12250,"Group12_CRC":21694,"Group13_CRC":21694,"Group14_CRC":26981,"Group15_CRC":13455,"Group16_CRC":15102,"Group17_CRC":25995,"Group18_CRC":8331,"Group19_CRC":15636,"Group1_CRC":57075,"Group20_CRC":39372,"Group21_CRC":58509,"Group22_CRC":1627,"Group23_CRC":16854,"Group24_CRC":16390,"Group25_CRC":29981,"Group26_CRC":19619,"Group27_CRC":28743,"Group2_CRC":43942,"Group3_CRC":0,"Group4_CRC":4971,"Group5_CRC":37585,"Group6_CRC":61658,"Group7_CRC":61658,"Group8_CRC":53082,"Group9_CRC":13547}
    Aug 10 17:01:28 qcells-emsplus docker-loader[33385]: [16:59:31:518][I][ED] mcu setup sequence: {"state":2}
    Aug 10 17:01:28 qcells-emsplus docker-loader[33385]: [16:59:31:519][I][DM] MCU state: 1 -> 2
    Aug 10 17:01:28 qcells-emsplus docker-loader[33385]: [16:59:31:930][I][SL] DB initialization completed: all system_settings, persistent_states, and device_info are loaded
    Aug 10 17:01:28 qcells-emsplus docker-loader[33385]: [16:59:31:931][I][ER] handle_noti_ready source: system_log
    Aug 10 17:01:28 qcells-emsplus docker-loader[33385]: [16:59:31:931][I][ER] Checking and executing dependencies for all applications
    Aug 10 17:01:28 qcells-emsplus docker-loader[33385]: [16:59:31:939][I][SL] [system_log_timer_loop] loop started.
    Aug 10 17:01:28 qcells-emsplus docker-loader[33385]: [16:59:31:939][I][SL] [task_cleanup_logs] started.
    Aug 10 17:01:28 qcells-emsplus docker-loader[33385]: [16:59:31:941][I][SL] [task_capture_boot_log] Start
    Aug 10 17:01:28 qcells-emsplus docker-loader[33385]: [16:59:31:980][I][DI] [RegistermapDataMgr] Register map updated: version=1, schemaVersion=1.0.0, protocolVersion(can/spi/installDoc/jf2)=0.99/1.02/1.67/2.8.4.8, 3 maps: qcells_mcu(4 groups), qcells_ess_g4(2 groups), qcells_mpu(4 groups)
    Aug 10 17:01:28 qcells-emsplus docker-loader[33385]: [16:59:32:006][I][DI] SiteJsonData cache built: 3 maps, 1402 registers, 8179 metrics
    Aug 10 17:01:28 qcells-emsplus docker-loader[33385]: [16:59:32:017][I][DM] process_phase2_response received 'I'
    Aug 10 17:01:28 qcells-emsplus docker-loader[33385]: [16:59:32:017][I][DM] process_phase2_response is_install_groups_sent
    Aug 10 17:01:28 qcells-emsplus docker-loader[33385]: [16:59:32:017][I][DM] Install SeqStatus: 0x5 (HUB:1 ESS:0 MI:1)
    Aug 10 17:01:28 qcells-emsplus docker-loader[33385]: [16:59:32:017][I][DM] All install sequences done, moving to PHASE3
    Aug 10 17:01:28 qcells-emsplus docker-loader[33385]: [16:59:32:017][I][DM] send_mpu_startup_status: O
    Aug 10 17:01:28 qcells-emsplus docker-loader[33385]: [16:59:32:019][I][ED] mcu setup sequence: {"state":3}
    Aug 10 17:01:28 qcells-emsplus docker-loader[33385]: [16:59:32:021][I][DM] MCU state: 2 -> 3
    Aug 10 17:01:28 qcells-emsplus docker-loader[33385]: [16:59:32:032][I][SL] [request_command_sync] cmd: journalctl --list-boots | head -n 1 | awk '{print $4, $5}' | sed 's/[-:]//g' | tr -d ' ', tid: system_log_5
    Aug 10 17:01:28 qcells-emsplus docker-loader[33385]: [16:59:32:042][I][ED] Configuration updated via update_configuration
    Aug 10 17:01:29 qcells-emsplus docker-loader[33385]: [16:59:32:046][I][SM] Host command requested by system_log
    Aug 10 17:01:29 qcells-emsplus docker-loader[33385]: [16:59:32:049][I][SM] Executing host command: journalctl --list-boots | head -n 1 | awk '{print $4, $5}' | sed 's/[-:]//g' | tr -d ' ' (timeout: 180s)
    Aug 10 17:01:29 qcells-emsplus docker-loader[33385]: [16:59:32:065][I][DI] [handle_response_register_map]
    Aug 10 17:01:29 qcells-emsplus docker-loader[33385]: [16:59:32:068][I][DM] [16:59:32:088][I][MCU] (1129802190 ms) EMSP_CurrentState : 0->4, PLC_Operation_Status : 32768->40960
    Aug 10 17:01:29 qcells-emsplus docker-loader[33385]: [16:59:32:076][I][SM] [IPC pub res] tid=system_log_5 {"error_code":"NONE","payload":{"cmd":"journalctl --list-boots | head -n 1 | awk '{print $4, $5}' | sed 's/[-:]//g' | tr -d ' '","exit_code":0,"message":"20260810165900\n","status":"success"}}
    Aug 10 17:01:29 qcells-emsplus docker-loader[33385]: [16:59:32:078][I][SL] [request_command_sync] cmd: journalctl -o cat > /edge/log/system/systemlog_20260810165900_20260810165932.log, tid: system_log_6
    Aug 10 17:01:29 qcells-emsplus docker-loader[33385]: [16:59:32:079][I][SM] Host command requested by system_log
    Aug 10 17:01:29 qcells-emsplus docker-loader[33385]: [16:59:32:079][I][SM] Executing host command: journalctl -o cat > /edge/log/system/systemlog_20260810165900_20260810165932.log (timeout: 180s)
    Aug 10 17:01:29 qcells-emsplus docker-loader[33385]: [16:59:32:171][I][DI] telemetry subscription published paths=473
    Aug 10 17:01:29 qcells-emsplus docker-loader[33385]: [16:59:32:174][W][ET] Unknown service for notification: telemetry_subscribe
    Aug 10 17:01:29 qcells-emsplus docker-loader[33385]: [16:59:32:181][W][ED] Unknown service for notification: telemetry_subscribe
    Aug 10 17:01:29 qcells-emsplus docker-loader[33385]: [16:59:32:180][I][DM] telemetry subscription publisher started source=diag_monitor
    Aug 10 17:01:29 qcells-emsplus docker-loader[33385]: [16:59:32:183][I][SM] [IPC pub res] tid=system_log_6 {"error_code":"NONE","payload":{"cmd":"journalctl -o cat > /edge/log/system/systemlog_20260810165900_20260810165932.log","exit_code":0,"message":"","status":"success"}}
    Aug 10 17:01:29 qcells-emsplus docker-loader[33385]: [16:59:32:185][I][SL] [request_command_sync] cmd: journalctl --rotate && journalctl --vacuum-files=1, tid: system_log_7
    Aug 10 17:01:29 qcells-emsplus docker-loader[33385]: [16:59:32:186][I][SM] Host command requested by system_log
    Aug 10 17:01:29 qcells-emsplus docker-loader[33385]: [16:59:32:187][I][SM] Executing host command: journalctl --rotate && journalctl --vacuum-files=1 (timeout: 180s)
    Aug 10 17:01:29 qcells-emsplus docker-loader[33385]: [16:59:32:194][W][DI] Unknown service for notification: telemetry_subscribe
    Aug 10 17:01:29 qcells-emsplus docker-loader[33385]: [16:59:32:350][I][WI] [runStepWithRetry] checkAllAppsReadyStatus: Attempt 4/30
    Aug 10 17:01:29 qcells-emsplus docker-loader[33385]: [16:59:32:351][I][WI] [PlatformService:getAllAppsReadyStatus] Getting all apps ready status
    Aug 10 17:01:29 qcells-emsplus docker-loader[33385]: [16:59:32:354][I][ER] handle_req_all_apps_ready_status
    Aug 10 17:01:29 qcells-emsplus docker-loader[33385]: [16:59:32:360][I][WI] [PlatformService:getAllAppsReadyStatus] All apps are ready status: {"is_ready":false}
    Aug 10 17:01:29 qcells-emsplus docker-loader[33385]: [16:59:32:361][W][WI] [runStepWithRetry] checkAllAppsReadyStatus: Attempt 4 failed: All apps are not yet ready
    Aug 10 17:01:29 qcells-emsplus docker-loader[33385]: [16:59:32:362][I][WI] [runStepWithRetry] checkAllAppsReadyStatus: Retrying in 1s...
    Aug 10 17:01:29 qcells-emsplus docker-loader[33385]: [16:59:32:779][I][DB] Request handlers registered from diag_monitor: set_ems_fault
    Aug 10 17:01:29 qcells-emsplus docker-loader[33385]: [16:59:32:782][I][ED] DB initialization completed: all system_settings, persistent_states, and device_info are loaded
    Aug 10 17:01:29 qcells-emsplus docker-loader[33385]: [16:59:32:783][I][ER] handle_noti_ready source: energy_dispatcher
    Aug 10 17:01:29 qcells-emsplus docker-loader[33385]: [16:59:32:783][I][ER] Checking and executing dependencies for all applications
    Aug 10 17:01:29 qcells-emsplus docker-loader[33385]: [16:59:32:783][I][ER] start_child_app started : sep2_controller
    Aug 10 17:01:29 qcells-emsplus docker-loader[33385]: [16:59:32:785][I][ER] Spawn App: sep2_controller
    Aug 10 17:01:29 qcells-emsplus docker-loader[33385]: [16:59:32:785][I][ER] app_fork - pid: 207
    Aug 10 17:01:29 qcells-emsplus docker-loader[33385]: [16:59:32:785][I][ED] Control data notification thread started
    Aug 10 17:01:29 qcells-emsplus docker-loader[33385]: [16:59:32:786][I][ED] [JA12] Check thread started
    Aug 10 17:01:29 qcells-emsplus docker-loader[33385]: [16:59:32:786][I][ED] [EnergyParser] Loading schedules from DB on startup
    Aug 10 17:01:29 qcells-emsplus docker-loader[33385]: [16:59:32:786][I][ED] [EnergyParser] SELECT request payload: {"db":"edge_storage.db","keys":["energy_tou_schedules","energy_vpp_schedules","energy_storm_cover_schedules"],"table":"system_setting"}
    Aug 10 17:01:29 qcells-emsplus docker-loader[33385]: [16:59:32:787][I][ED] [EnergyParser] Successfully requested schedules from DB
    Aug 10 17:01:29 qcells-emsplus docker-loader[33385]: [16:59:32:787][I][ED] [EnergyScheduler] Scheduler thread started
    Aug 10 17:01:29 qcells-emsplus docker-loader[33385]: [16:59:32:787][I][ED] [EnergyScheduler] Scheduler worker thread started
    Aug 10 17:01:29 qcells-emsplus docker-loader[33385]: [16:59:32:787][I][ED] Startup completed - DB schedule recovery in progress
    Aug 10 17:01:29 qcells-emsplus docker-loader[33385]: [16:59:32:792][I][ED] [JA12] ja12_check_worker thread start
    Aug 10 17:01:29 qcells-emsplus docker-loader[33385]: [16:59:32:802][I][ED] control_data_notification_worker thread start
    Aug 10 17:01:29 qcells-emsplus docker-loader[33385]: [16:59:32:834][I][SC] SEP2Controller initialized with client ID: sep2_controller
    Aug 10 17:01:29 qcells-emsplus docker-loader[33385]: ========================================
    Aug 10 17:01:29 qcells-emsplus docker-loader[33385]: [16:59:32:834][I][SC] DataMapper device setting suffix set to: ess
    Aug 10 17:01:29 qcells-emsplus docker-loader[33385]: [16:59:32:834][I][SC] Initializing IPC handlers[16:59:32:834][I][SC] DataMapper device setting suffix set to: ess
    Aug 10 17:01:29 qcells-emsplus docker-loader[33385]: [16:59:32:834][I][SC] Configuration loaded from: /edge/sp/secrets/sep2/config.json
    Aug 10 17:01:29 qcells-emsplus docker-loader[33385]: SEP2 Controller - Direct Connection Mode
    Aug 10 17:01:29 qcells-emsplus docker-loader[33385]: ========================================
    Aug 10 17:01:29 qcells-emsplus docker-loader[33385]: Server: 192.168.7.28:8443
    Aug 10 17:01:29 qcells-emsplus docker-loader[33385]: Cert: /edge/sp/secrets/sep2/PKI/device_cert/root.pem
    Aug 10 17:01:29 qcells-emsplus docker-loader[33385]: Device Capability URI: /dcap
    Aug 10 17:01:29 qcells-emsplus docker-loader[33385]: Debug Level: 1
    Aug 10 17:01:29 qcells-emsplus docker-loader[33385]: Config: /edge/sp/secrets/sep2/config.json
    Aug 10 17:01:29 qcells-emsplus docker-loader[33385]: ========================================
    Aug 10 17:01:29 qcells-emsplus docker-loader[33385]: [16:59:32:835][I][SC] App is ready
    Aug 10 17:01:29 qcells-emsplus docker-loader[33385]: [16:59:32:836][I][SL] [RegistermapDataMgr] Register map updated: version=1, schemaVersion=1.0.0, protocolVersion(can/spi/installDoc/jf2)=0.99/1.02/1.67/2.8.4.8, 3 maps: qcells_mcu(4 groups), qcells_ess_g4(2 groups), qcells_mpu(4 groups)
    Aug 10 17:01:29 qcells-emsplus docker-loader[33385]: [16:59:32:865][I][SL] Configuration updated via update_configuration
    Aug 10 17:01:29 qcells-emsplus docker-loader[33385]: [16:59:32:866][W][SL] Unknown service for response: get_configuration_json
    Aug 10 17:01:29 qcells-emsplus docker-loader[33385]: [16:59:32:869][I][SL] SiteJsonData cache built: 3 maps, 1402 registers, 8179 metrics
    Aug 10 17:01:29 qcells-emsplus docker-loader[33385]: [16:59:32:869][W][SL] Unknown service for response: get_register_map_json
    Aug 10 17:01:29 qcells-emsplus docker-loader[33385]: [16:59:33:019][I][DM] MCU responded 'O', initialization complete
    Aug 10 17:01:29 qcells-emsplus docker-loader[33385]: [16:59:33:020][I][ED] mcu setup sequence: {"state":4}
    Aug 10 17:01:29 qcells-emsplus docker-loader[33385]: [16:59:33:020][I][ED] [EnergyControl] Device reconnected - sending PMU command and control data
    Aug 10 17:01:29 qcells-emsplus docker-loader[33385]: [16:59:33:021][I][DM] MCU state: 3 -> 4
    Aug 10 17:01:29 qcells-emsplus docker-loader[33385]: [16:59:33:021][I][DM] [PCS SN] request_pcs_sn (boot)
    Aug 10 17:01:29 qcells-emsplus docker-loader[33385]: [16:59:33:023][I][DM] write_mcu_log_level: 1
    Aug 10 17:01:29 qcells-emsplus docker-loader[33385]: [16:59:33:024][I][ED] [EnergyControl] Sent PMU_Control_Data_01 to energy_link via register write
    Aug 10 17:01:29 qcells-emsplus docker-loader[33385]: [16:59:33:025][I][ED] [EnergyControl] PMU command and control data sent
    Aug 10 17:01:29 qcells-emsplus docker-loader[33385]: [16:59:33:092][I][DM] [PCS SN] stale serial="342621100006A20001" != expected="000000000000000000" retry 1/5
    Aug 10 17:01:29 qcells-emsplus docker-loader[33385]: [16:59:33:137][I][DM] c_box_version updated: 00000000
    Aug 10 17:01:29 qcells-emsplus docker-loader[33385]: [16:59:33:272][I][DI] [publish_fault_changes]
    Aug 10 17:01:29 qcells-emsplus docker-loader[33385]: [16:59:33:272][I][DI] Fault state changed: 2 changes
    Aug 10 17:01:29 qcells-emsplus docker-loader[33385]: [16:59:33:272][I][DI]   OCCURRED code=A00402W serial=000000000000000000
    Aug 10 17:01:29 qcells-emsplus docker-loader[33385]: [16:59:33:272][I][DI]   OCCURRED code=A00601F serial=000000000000000000
    Aug 10 17:01:29 qcells-emsplus docker-loader[33385]: [16:59:33:272][I][DI] [save_fault_history]
    Aug 10 17:01:29 qcells-emsplus docker-loader[33385]: [16:59:33:303][I][CB] siteId not set, skipping ReportFaultNoti
    Aug 10 17:01:29 qcells-emsplus docker-loader[33385]: [16:59:33:304][W][DI] Unknown service for response: send_d2c_message
    Aug 10 17:01:29 qcells-emsplus docker-loader[33385]: [16:59:33:306][I][CB] siteId not set, skipping ReportFaultNoti
    Aug 10 17:01:29 qcells-emsplus docker-loader[33385]: [16:59:33:308][W][DI] Unknown service for response: send_d2c_message
    Aug 10 17:01:29 qcells-emsplus docker-loader[33385]: [16:59:33:364][I][WI] [runStepWithRetry] checkAllAppsReadyStatus: Attempt 5/30
    Aug 10 17:01:29 qcells-emsplus docker-loader[33385]: [16:59:33:364][I][WI] [PlatformService:getAllAppsReadyStatus] Getting all apps ready status
    Aug 10 17:01:29 qcells-emsplus docker-loader[33385]: [16:59:33:369][I][ER] handle_req_all_apps_ready_status
    Aug 10 17:01:29 qcells-emsplus docker-loader[33385]: [16:59:33:394][I][WI] [PlatformService:getAllAppsReadyStatus] All apps are ready status: {"is_ready":false}
    Aug 10 17:01:29 qcells-emsplus docker-loader[33385]: [16:59:33:395][W][WI] [runStepWithRetry] checkAllAppsReadyStatus: Attempt 5 failed: All apps are not yet ready
    Aug 10 17:01:29 qcells-emsplus docker-loader[33385]: [16:59:33:416][I][WI] [runStepWithRetry] checkAllAppsReadyStatus: Retrying in 1s...
    Aug 10 17:01:29 qcells-emsplus docker-loader[33385]: [16:59:33:459][I][DM] [16:59:33:488][I][MCU] (1129803590 ms) PLC_Operation_Status : 40960->32768
    Aug 10 17:01:29 qcells-emsplus docker-loader[33385]: [16:59:33:509][I][DM] [PCS SN] stale serial="342621100006A20001" != expected="000000000000000000" retry 2/5
    Aug 10 17:01:29 qcells-emsplus docker-loader[33385]: [16:59:33:547][I][DM] [PCS SN] stale serial="342621100006A20001" != expected="000000000000000000" retry 3/5
    Aug 10 17:01:29 qcells-emsplus docker-loader[33385]: [16:59:33:571][I][DM] [PCS SN] stale serial="342621100006A20001" != expected="000000000000000000" retry 4/5
    Aug 10 17:01:29 qcells-emsplus docker-loader[33385]: [16:59:33:595][I][DM] [PCS SN] stale serial="342621100006A20001" != expected="000000000000000000" retry 5/5
    Aug 10 17:01:29 qcells-emsplus docker-loader[33385]: [16:59:33:619][W][DM] [PCS SN] stale max retries (5) exceeded, accepting "342621100006A20001" (expected "000000000000000000")
    Aug 10 17:01:29 qcells-emsplus docker-loader[33385]: [16:59:33:631][I][DI] [handle_noti_device_info_changed]
    Aug 10 17:01:29 qcells-emsplus docker-loader[33385]: [16:59:33:632][I][DI] [update_serial_cache]
    Aug 10 17:01:29 qcells-emsplus docker-loader[33385]: [16:59:33:632][I][DI] MI serial cache updated: mi_serials=0
    Aug 10 17:01:29 qcells-emsplus docker-loader[33385]: [16:59:33:632][W][DI] Unknown service for notification: changed_records
    Aug 10 17:01:29 qcells-emsplus docker-loader[33385]: [16:59:33:634][W][AZ] [REALTIME] Device disconnected, dropping realtime message
    Aug 10 17:01:29 qcells-emsplus docker-loader[33385]: [16:59:33:636][I][CB] [PointInfoManager] SyncPointInfoRequest, points count: 1
    Aug 10 17:01:29 qcells-emsplus docker-loader[33385]: [16:59:33:636][W][ED] Unknown service for notification: changed_records
    Aug 10 17:01:29 qcells-emsplus docker-loader[33385]: [16:59:33:641][I][ED] [RegistermapDataMgr] Register map updated: version=1, schemaVersion=1.0.0, protocolVersion(can/spi/installDoc/jf2)=0.99/1.02/1.67/2.8.4.8, 3 maps: qcells_mcu(4 groups), qcells_ess_g4(2 groups), qcells_mpu(4 groups)
    Aug 10 17:01:29 qcells-emsplus docker-loader[33385]: [16:59:33:641][I][ED] [EnergyControl] Register map ready after 800ms
    Aug 10 17:01:30 qcells-emsplus docker-loader[33385]: [16:59:33:645][I][ED] [EnergyControl] Sent PMU_Control_Data_01 to energy_link via register write
    Aug 10 17:01:30 qcells-emsplus docker-loader[33385]: [16:59:33:645][I][ED] [EnergyControl] Control command changed, publishing to energy_link
    Aug 10 17:01:30 qcells-emsplus docker-loader[33385]: [16:59:33:645][I][ED] [Status] CM[6]EP[0]PCSCom[0]ESSOp[0]PWCP[0]
    Aug 10 17:01:30 qcells-emsplus docker-loader[33385]: [16:59:33:656][I][DI] [handle_noti_device_info_changed]
    Aug 10 17:01:30 qcells-emsplus docker-loader[33385]: [16:59:33:657][W][DI] Unknown service for notification: changed_records
    Aug 10 17:01:30 qcells-emsplus docker-loader[33385]: [16:59:33:657][W][ED] Unknown service for notification: changed_records
    Aug 10 17:01:30 qcells-emsplus docker-loader[33385]: [16:59:33:663][I][ED] Insert records response: {"result":true}
    Aug 10 17:01:30 qcells-emsplus docker-loader[33385]: [16:59:33:668][I][CB] [PointInfoManager] SyncPointInfoRequest, points count: 1
    Aug 10 17:01:30 qcells-emsplus docker-loader[33385]: [16:59:33:669][I][ED] Update records response: {"db":"edge_storage.db","records":[],"result":true,"table":"persistent_state"}
    Aug 10 17:01:30 qcells-emsplus docker-loader[33385]: [16:59:33:672][I][ED] SiteJsonData cache built: 3 maps, 1402 registers, 8179 metrics
    Aug 10 17:01:30 qcells-emsplus docker-loader[33385]: [16:59:33:684][I][DI] [handle_noti_device_info_changed]
    Aug 10 17:01:30 qcells-emsplus docker-loader[33385]: [16:59:33:684][W][DI] Unknown service for notification: changed_records
    Aug 10 17:01:30 qcells-emsplus docker-loader[33385]: [16:59:33:684][W][ED] Unknown service for notification: changed_records
    Aug 10 17:01:30 qcells-emsplus docker-loader[33385]: [16:59:33:688][I][CB] [PointInfoManager] SyncPointInfoRequest, points count: 12
    Aug 10 17:01:30 qcells-emsplus docker-loader[33385]: [16:59:33:701][E][CB] [db_value_to_json] Failed to convert value: Z020143, type: 5, error: stoul
    Aug 10 17:01:30 qcells-emsplus docker-loader[33385]: [16:59:33:703][I][DI] [handle_noti_device_info_changed]
    Aug 10 17:01:30 qcells-emsplus docker-loader[33385]: [16:59:33:703][W][DI] Unknown service for notification: changed_records
    Aug 10 17:01:30 qcells-emsplus docker-loader[33385]: [16:59:33:704][W][ED] Unknown service for notification: changed_records
    Aug 10 17:01:30 qcells-emsplus docker-loader[33385]: [16:59:33:705][I][CB] [PointInfoManager] SyncPointInfoRequest, points count: 7
    Aug 10 17:01:30 qcells-emsplus docker-loader[33385]: [16:59:33:714][I][DI] [handle_noti_device_info_changed]
    Aug 10 17:01:30 qcells-emsplus docker-loader[33385]: [16:59:33:715][W][ED] Unknown service for notification: changed_records
    Aug 10 17:01:30 qcells-emsplus docker-loader[33385]: [16:59:33:714][W][DI] Unknown service for notification: changed_records
    Aug 10 17:01:30 qcells-emsplus docker-loader[33385]: [16:59:33:716][I][CB] [PointInfoManager] SyncPointInfoRequest, points count: 1
    Aug 10 17:01:30 qcells-emsplus docker-loader[33385]: [16:59:33:719][I][ED] Received select_records response:
    Aug 10 17:01:30 qcells-emsplus docker-loader[33385]: [16:59:33:719][I][ED]   DB: edge_storage.db
    Aug 10 17:01:30 qcells-emsplus docker-loader[33385]: [16:59:33:719][I][ED]   Table: system_setting
    Aug 10 17:01:30 qcells-emsplus docker-loader[33385]: [16:59:33:719][I][ED]   Result: 1
    Aug 10 17:01:30 qcells-emsplus docker-loader[33385]: [16:59:33:719][I][ED] Processing schedule data from DB response
    Aug 10 17:01:30 qcells-emsplus docker-loader[33385]: [16:59:33:719][I][ED] [EnergyParser] Processing DB schedule response
    Aug 10 17:01:30 qcells-emsplus docker-loader[33385]: [16:59:33:719][I][ED] [EnergyParser] Found 3 records in DB response
    Aug 10 17:01:30 qcells-emsplus docker-loader[33385]: [16:59:33:719][I][ED] [EnergyParser] Successfully restored 0 total schedules from DB
    Aug 10 17:01:30 qcells-emsplus docker-loader[33385]: [16:59:33:719][I][ED] Successfully restored schedules from DB to data_store
    Aug 10 17:01:30 qcells-emsplus docker-loader[33385]: [16:59:33:719][I][ED] [EnergyScheduler] Schedule change detected - refreshing schedule counts
    Aug 10 17:01:30 qcells-emsplus docker-loader[33385]: [16:59:33:719][I][ED] [EnergyScheduler] Current schedule counts - Total: 0
    Aug 10 17:01:30 qcells-emsplus docker-loader[33385]: [16:59:33:719][I][ED] [EnergyScheduler] Storm Cover: 0, VPP: 0, TOU: 0
    Aug 10 17:01:30 qcells-emsplus docker-loader[33385]: [16:59:33:719][I][ED] [EnergyScheduler] Force checking schedules
    Aug 10 17:01:30 qcells-emsplus docker-loader[33385]: [16:59:33:719][I][ED] Scheduler reloaded with restored schedules
    Aug 10 17:01:30 qcells-emsplus docker-loader[33385]: [16:59:33:733][I][DI] [handle_noti_device_info_changed]
    Aug 10 17:01:30 qcells-emsplus docker-loader[33385]: [16:59:33:733][W][DI] Unknown service for notification: changed_records
    Aug 10 17:01:30 qcells-emsplus docker-loader[33385]: [16:59:33:745][I][DI] [handle_noti_device_info_changed]
    Aug 10 17:01:30 qcells-emsplus docker-loader[33385]: [16:59:33:745][W][DI] Unknown service for notification: changed_records
    Aug 10 17:01:30 qcells-emsplus docker-loader[33385]: [16:59:33:750][I][CB] [PointInfoManager] SyncPointInfoRequest, points count: 1
    Aug 10 17:01:30 qcells-emsplus docker-loader[33385]: [16:59:33:755][I][CB] [PointInfoManager] SyncPointInfoRequest, points count: 1
    Aug 10 17:01:30 qcells-emsplus docker-loader[33385]: [16:59:33:770][I][DI] [handle_noti_device_info_changed]
    Aug 10 17:01:30 qcells-emsplus docker-loader[33385]: [16:59:33:770][W][DI] Unknown service for notification: changed_records
    Aug 10 17:01:30 qcells-emsplus docker-loader[33385]: [16:59:33:772][W][ED] Unknown service for notification: changed_records
    Aug 10 17:01:30 qcells-emsplus docker-loader[33385]: [16:59:33:774][W][ED] Unknown service for notification: changed_records
    Aug 10 17:01:30 qcells-emsplus docker-loader[33385]: [16:59:33:775][W][ED] Unknown service for notification: changed_records
    Aug 10 17:01:30 qcells-emsplus docker-loader[33385]: [16:59:33:776][I][CB] [PointInfoManager] SyncPointInfoRequest, points count: 1
    Aug 10 17:01:30 qcells-emsplus docker-loader[33385]: [16:59:33:778][W][DI] Unknown service for response: update_records
    Aug 10 17:01:30 qcells-emsplus docker-loader[33385]: [16:59:33:794][W][ED] Unknown service for notification: changed_records
    Aug 10 17:01:30 qcells-emsplus docker-loader[33385]: [16:59:33:799][I][DI] [handle_noti_device_info_changed]
    Aug 10 17:01:30 qcells-emsplus docker-loader[33385]: [16:59:33:800][W][DI] Unknown service for notification: changed_records
    Aug 10 17:01:30 qcells-emsplus docker-loader[33385]: [16:59:33:810][I][CB] [PointInfoManager] SyncPointInfoRequest, points count: 1
    Aug 10 17:01:30 qcells-emsplus docker-loader[33385]: [16:59:33:810][I][DI] [handle_noti_device_info_changed]
    Aug 10 17:01:30 qcells-emsplus docker-loader[33385]: [16:59:33:810][W][DI] Unknown service for notification: changed_records
    Aug 10 17:01:30 qcells-emsplus docker-loader[33385]: [16:59:33:812][W][ED] Unknown service for notification: changed_records
    Aug 10 17:01:30 qcells-emsplus docker-loader[33385]: [16:59:33:817][I][CB] [PointInfoManager] SyncPointInfoRequest, points count: 1
    Aug 10 17:01:30 qcells-emsplus docker-loader[33385]: [16:59:33:853][W][ED] Unknown service for notification: changed_records
    Aug 10 17:01:30 qcells-emsplus docker-loader[33385]: [16:59:33:853][I][DI] [handle_noti_device_info_changed]
    Aug 10 17:01:30 qcells-emsplus docker-loader[33385]: [16:59:33:853][W][DI] Unknown service for notification: changed_records
    Aug 10 17:01:30 qcells-emsplus docker-loader[33385]: [16:59:33:857][I][CB] [PointInfoManager] SyncPointInfoRequest, points count: 1
    Aug 10 17:01:30 qcells-emsplus docker-loader[33385]: [16:59:33:903][I][SM] [IPC pub res] tid=system_log_7 {"error_code":"NONE","payload":{"cmd":"journalctl --rotate && journalctl --vacuum-files=1","exit_code":0,"message":"Vacuuming done, freed 0B of archived journals from /var/log/journal.\nDeleted archived journal /var/log/journal/b79c4002bdd64ed6881a9583c18104dc/system@71211bc181ad45028df474fd4599eebc-0000000000522d30-000658acba1d0fb9.journal (3.1M).\nVacuuming done, freed 3.1M of archived journals from /var/log/journal/b79c4002bdd64ed6881a9583c18104dc.\nVacuuming done, freed 0B of archived journals from /run/log/journal.\n","status":"success"}}
    Aug 10 17:01:30 qcells-emsplus docker-loader[33385]: [16:59:33:904][I][SL] [request_command_sync] cmd: xz -f /edge/log/system/systemlog_20260810165900_20260810165932.log, tid: system_log_8
    Aug 10 17:01:30 qcells-emsplus docker-loader[33385]: [16:59:33:905][I][SM] Host command requested by system_log
    Aug 10 17:01:30 qcells-emsplus docker-loader[33385]: [16:59:33:905][I][SM] Executing host command: xz -f /edge/log/system/systemlog_20260810165900_20260810165932.log (timeout: 180s)
    Aug 10 17:01:30 qcells-emsplus docker-loader[33385]: [16:59:33:952][I][SC] Connected to MQTT broker
    Aug 10 17:01:30 qcells-emsplus docker-loader[33385]: [16:59:33:954][I][SC] SEP2Controller starting...
    Aug 10 17:01:30 qcells-emsplus docker-loader[33385]: [16:59:33:954][I][SC] SEP2Controller started - waiting for certification test flags
    Aug 10 17:01:30 qcells-emsplus docker-loader[33385]: [16:59:33:966][I][SC] Request handlers registered from cloud_broker: send_d2c_message, register_message_type, dispatch_direct_method, forward_iothub_message, request_pull_context
    Aug 10 17:01:30 qcells-emsplus docker-loader[33385]: [16:59:33:966][I][SC] Request handlers registered from diag_monitor: set_ems_fault
    Aug 10 17:01:30 qcells-emsplus docker-loader[33385]: [16:59:33:978][I][SC] Processing select_records response
    Aug 10 17:01:30 qcells-emsplus docker-loader[33385]: [16:59:33:981][I][SC] Log level: 1
    Aug 10 17:01:30 qcells-emsplus docker-loader[33385]: [EPRI] Log level set to 1
    Aug 10 17:01:30 qcells-emsplus docker-loader[33385]: [16:59:33:989][I][SC] Processing select_records response
    Aug 10 17:01:30 qcells-emsplus docker-loader[33385]: [16:59:33:994][I][SC] DB initialization completed: all system_settings, persistent_states, and device_info are loaded
    Aug 10 17:01:31 qcells-emsplus docker-loader[33385]: [16:59:33:994][I][SC] Processing select_records response
    Aug 10 17:01:31 qcells-emsplus docker-loader[33385]: [16:59:34:008][I][SC] [SEP2] Applied DB sep2_server_url as URI: /dcap
    Aug 10 17:01:31 qcells-emsplus docker-loader[33385]: [16:59:34:008][I][SC] DataMapper device setting suffix set to: ess
    Aug 10 17:01:31 qcells-emsplus docker-loader[33385]: [16:59:34:008][I][SC] [SEP2] Applied DB sep2_device_setting: ess
    Aug 10 17:01:31 qcells-emsplus docker-loader[33385]: [16:59:34:009][I][SC] HUB Installed Flag is 0, using Q.VOLT A19.2
    Aug 10 17:01:31 qcells-emsplus docker-loader[33385]: [16:59:34:009][I][SC] [SEP2] Updating EPRI device info - serial: 342621100006A20001, sw_ver: (empty), model_name: Qcells Omnia Inverter OPTI G2
    Aug 10 17:01:31 qcells-emsplus docker-loader[33385]: [EPRI] Device info strings updated - model_name: Qcells Omnia Inverter OPTI G2, serial: 342621100006A20001, sw_ver: (not set)
    Aug 10 17:01:31 qcells-emsplus docker-loader[33385]: [EPRI] Cert mode set to NONE (0)
    Aug 10 17:01:31 qcells-emsplus docker-loader[33385]: [16:59:34:011][I][ER] handle_noti_ready source: sep2_controller
    Aug 10 17:01:31 qcells-emsplus docker-loader[33385]: [16:59:34:011][I][ER] Checking and executing dependencies for all applications
    Aug 10 17:01:31 qcells-emsplus docker-loader[33385]: [16:59:34:011][I][ER] start_child_app started : realtime_monitor
    Aug 10 17:01:31 qcells-emsplus docker-loader[33385]: [16:59:34:013][I][ER] Spawn App: realtime_monitor
    Aug 10 17:01:31 qcells-emsplus docker-loader[33385]: [16:59:34:013][I][ER] app_fork - pid: 220
    Aug 10 17:01:31 qcells-emsplus docker-loader[33385]: [16:59:34:013][I][ER] start_child_app started : update_monitor
    Aug 10 17:01:31 qcells-emsplus docker-loader[33385]: [16:59:34:014][W][ET] Unknown service for notification: telemetry_subscribe
    Aug 10 17:01:31 qcells-emsplus docker-loader[33385]: [16:59:34:017][W][DI] Unknown service for notification: telemetry_subscribe
    Aug 10 17:01:31 qcells-emsplus docker-loader[33385]: [16:59:34:018][I][ER] Spawn App: update_monitor
    Aug 10 17:01:31 qcells-emsplus docker-loader[33385]: [16:59:34:018][I][ER] app_fork - pid: 221
    Aug 10 17:01:31 qcells-emsplus docker-loader[33385]: [16:59:34:024][I][DM] telemetry subscription publisher started source=sep2_controller
    Aug 10 17:01:31 qcells-emsplus docker-loader[33385]: [16:59:34:026][W][ED] Unknown service for notification: telemetry_subscribe
    Aug 10 17:01:31 qcells-emsplus docker-loader[33385]: [16:59:34:049][I][RT] App is ready
    Aug 10 17:01:31 qcells-emsplus docker-loader[33385]: [16:59:34:072][I][DM] MI count changed to 0
    Aug 10 17:01:31 qcells-emsplus docker-loader[33385]: [16:59:34:084][I][UM] App is ready
    Aug 10 17:01:31 qcells-emsplus docker-loader[33385]: [16:59:34:099][I][SC] Configuration updated via update_configuration
    Aug 10 17:01:31 qcells-emsplus docker-loader[33385]: [16:59:34:099][W][SC] Unhandled response for service: get_configuration_json
    Aug 10 17:01:31 qcells-emsplus docker-loader[33385]: [16:59:34:184][I][SM] [IPC pub res] tid=system_log_8 {"error_code":"NONE","payload":{"cmd":"xz -f /edge/log/system/systemlog_20260810165900_20260810165932.log","exit_code":0,"message":"","status":"success"}}
    Aug 10 17:01:31 qcells-emsplus docker-loader[33385]: [16:59:34:185][I][SL] [task_capture_boot_log] Done: /edge/log/system/systemlog_20260810165900_20260810165932.log.xz
    Aug 10 17:01:31 qcells-emsplus docker-loader[33385]: [16:59:34:185][I][SL] [task_merge_staged_logs] Start
    Aug 10 17:01:31 qcells-emsplus docker-loader[33385]: [16:59:34:186][I][SL] [task_merge_staged_logs] Merging 2 files: "systemlog_20260810163254_20260810165859.log.xz" ~ "systemlog_20260810165900_20260810165932.log.xz"
    Aug 10 17:01:31 qcells-emsplus docker-loader[33385]: [16:59:34:187][I][SL] [task_merge_staged_logs] Merge done: "/edge/log/system/systemlog_20260810163254_20260810165932.log.xz"
    Aug 10 17:01:31 qcells-emsplus docker-loader[33385]: [16:59:34:252][I][SL] [move] success: "/edge/log/system/systemlog_20260810163254_20260810165932.log.xz" → "/edge/log/toupload/system/systemlog_20260810163254_20260810165932.log.xz"
    Aug 10 17:01:31 qcells-emsplus docker-loader[33385]: [16:59:34:253][I][SL] Created meta file: /edge/log/toupload/system/systemlog_20260810163254_20260810165932.log.xz.meta
    Aug 10 17:01:31 qcells-emsplus docker-loader[33385]: [16:59:34:253][I][SL] [task_upload_nmon] Start nmon upload
    Aug 10 17:01:31 qcells-emsplus docker-loader[33385]: [16:59:34:273][I][SL] [request_command_sync] cmd: cat /etc/machine-id, tid: system_log_9
    Aug 10 17:01:31 qcells-emsplus docker-loader[33385]: [16:59:34:274][I][SM] Host command requested by system_log
    Aug 10 17:01:31 qcells-emsplus docker-loader[33385]: [16:59:34:274][I][SM] Executing host command: cat /etc/machine-id (timeout: 180s)
    Aug 10 17:01:31 qcells-emsplus docker-loader[33385]: [16:59:34:292][I][SM] [IPC pub res] tid=system_log_9 {"error_code":"NONE","payload":{"cmd":"cat /etc/machine-id","exit_code":0,"message":"b79c4002bdd64ed6881a9583c18104dc\n","status":"success"}}
    Aug 10 17:01:31 qcells-emsplus docker-loader[33385]: [16:59:34:293][I][SL] [delete_old_journals] current machine-id: b79c4002bdd64ed6881a9583c18104dc
    Aug 10 17:01:31 qcells-emsplus docker-loader[33385]: [16:59:34:294][I][SL] [delete_old_journals] keeping current machine-id dir: "/edge/log/system/journal/b79c4002bdd64ed6881a9583c18104dc"
    Aug 10 17:01:31 qcells-emsplus docker-loader[33385]: [16:59:34:419][I][WI] [runStepWithRetry] checkAllAppsReadyStatus: Attempt 6/30
    Aug 10 17:01:31 qcells-emsplus docker-loader[33385]: [16:59:34:420][I][WI] [PlatformService:getAllAppsReadyStatus] Getting all apps ready status
    Aug 10 17:01:31 qcells-emsplus docker-loader[33385]: [16:59:34:423][I][ER] handle_req_all_apps_ready_status
    Aug 10 17:01:31 qcells-emsplus docker-loader[33385]: [16:59:34:427][I][WI] [PlatformService:getAllAppsReadyStatus] All apps are ready status: {"is_ready":false}
    Aug 10 17:01:31 qcells-emsplus docker-loader[33385]: [16:59:34:428][W][WI] [runStepWithRetry] checkAllAppsReadyStatus: Attempt 6 failed: All apps are not yet ready
    Aug 10 17:01:31 qcells-emsplus docker-loader[33385]: [16:59:34:428][I][WI] [runStepWithRetry] checkAllAppsReadyStatus: Retrying in 1s...
    Aug 10 17:01:31 qcells-emsplus docker-loader[33385]: [16:59:34:863][I][SC] [RegistermapDataMgr] Register map updated: version=1, schemaVersion=1.0.0, protocolVersion(can/spi/installDoc/jf2)=0.99/1.02/1.67/2.8.4.8, 3 maps: qcells_mcu(4 groups), qcells_ess_g4(2 groups), qcells_mpu(4 groups)
    Aug 10 17:01:31 qcells-emsplus docker-loader[33385]: [16:59:34:888][I][SC] SiteJsonData cache built: 3 maps, 1402 registers, 8179 metrics
    Aug 10 17:01:31 qcells-emsplus docker-loader[33385]: [16:59:34:888][W][SC] Unhandled response for service: get_register_map_json
    Aug 10 17:01:31 qcells-emsplus docker-loader[33385]: [16:59:35:003][I][DM] MI sync: both empty
    Aug 10 17:01:31 qcells-emsplus docker-loader[33385]: [16:59:35:003][I][DM] MI_Control_Status changed: NOP -> Processing (last sent: Nop)
    Aug 10 17:01:31 qcells-emsplus docker-loader[33385]: [16:59:35:074][I][DM] MI_Control_Status changed: Processing -> Finish (last sent: Nop)
    Aug 10 17:01:31 qcells-emsplus docker-loader[33385]: [16:59:35:103][I][DM] send_plc_op_control: MiInfoAllClear sent
    Aug 10 17:01:31 qcells-emsplus docker-loader[33385]: [16:59:35:104][I][DM] MI init done: 1
    Aug 10 17:01:31 qcells-emsplus docker-loader[33385]: [16:59:35:162][I][RT] Connected to MQTT broker
    Aug 10 17:01:31 qcells-emsplus docker-loader[33385]: [16:59:35:164][W][RT] Unknown service for notification: energy_policy_notification
    Aug 10 17:01:31 qcells-emsplus docker-loader[33385]: [16:59:35:164][I][RT] Starting RealtimeMonitor application...
    Aug 10 17:01:31 qcells-emsplus docker-loader[33385]: [16:59:35:165][I][RT] Network info: ethernet
    Aug 10 17:01:31 qcells-emsplus docker-loader[33385]: [16:59:35:165][W][RT] Unknown service for notification: ethernet_status
    Aug 10 17:01:31 qcells-emsplus docker-loader[33385]: [16:59:35:165][W][RT] Unknown service for notification: wifi_status
    Aug 10 17:01:31 qcells-emsplus docker-loader[33385]: [16:59:35:165][W][RT] Unknown service for notification: internet_status
    Aug 10 17:01:31 qcells-emsplus docker-loader[33385]: [16:59:35:165][W][RT] Unknown service for notification: cellular_status
    Aug 10 17:01:31 qcells-emsplus docker-loader[33385]: [16:59:35:165][I][RT] Request handlers registered from cloud_broker: send_d2c_message, register_message_type, dispatch_direct_method, forward_iothub_message, request_pull_context
    Aug 10 17:01:31 qcells-emsplus docker-loader[33385]: [16:59:35:165][W][RT] Unknown service for notification: request_handler_offer
    Aug 10 17:01:31 qcells-emsplus docker-loader[33385]: [16:59:35:165][I][RT] Request handlers registered from diag_monitor: set_ems_fault
    Aug 10 17:01:31 qcells-emsplus docker-loader[33385]: [16:59:35:165][W][RT] Unknown service for notification: request_handler_offer
    Aug 10 17:01:31 qcells-emsplus docker-loader[33385]: [16:59:35:166][W][RT] Unknown service for notification: telemetry_subscribe
    Aug 10 17:01:31 qcells-emsplus docker-loader[33385]: [16:59:35:169][W][RT] Unknown service for notification: telemetry_subscribe
    Aug 10 17:01:31 qcells-emsplus docker-loader[33385]: [16:59:35:185][W][RT] Configuration not loaded yet, skipping telemetry
    Aug 10 17:01:31 qcells-emsplus docker-loader[33385]: [16:59:35:195][I][RT] DB initialization completed: all system_settings, persistent_states, and device_info are loaded
    Aug 10 17:01:31 qcells-emsplus docker-loader[33385]: [16:59:35:195][I][RT] [sys_setting] Log level: 1
    Aug 10 17:01:32 qcells-emsplus docker-loader[33385]: [16:59:35:197][I][ER] handle_noti_ready source: realtime_monitor
    Aug 10 17:01:32 qcells-emsplus docker-loader[33385]: [16:59:35:197][W][RT] Configuration is not ready, waiting 100ms...
    Aug 10 17:01:32 qcells-emsplus docker-loader[33385]: [16:59:35:197][I][ER] Checking and executing dependencies for all applications
    Aug 10 17:01:32 qcells-emsplus docker-loader[33385]: [16:59:35:198][I][UM] Connected to MQTT broker
    Aug 10 17:01:32 qcells-emsplus docker-loader[33385]: [16:59:35:201][W][UM] Unknown service for notification: device_connection
    Aug 10 17:01:32 qcells-emsplus docker-loader[33385]: [16:59:35:201][W][UM] Unknown service for notification: network_info
    Aug 10 17:01:32 qcells-emsplus docker-loader[33385]: [16:59:35:201][W][UM] Unknown service for notification: internet_status
    Aug 10 17:01:32 qcells-emsplus docker-loader[33385]: [16:59:35:201][W][UM] Unknown service for notification: ethernet_status
    Aug 10 17:01:32 qcells-emsplus docker-loader[33385]: [16:59:35:201][W][UM] Unknown service for notification: wifi_status
    Aug 10 17:01:32 qcells-emsplus docker-loader[33385]: [16:59:35:202][W][UM] Unknown service for notification: cellular_status
    Aug 10 17:01:32 qcells-emsplus docker-loader[33385]: [16:59:35:202][I][UM] Request handlers registered from cloud_broker: send_d2c_message, register_message_type, dispatch_direct_method, forward_iothub_message, request_pull_context
    Aug 10 17:01:32 qcells-emsplus docker-loader[33385]: [16:59:35:202][W][UM] Unknown service for notification: request_handler_offer
    Aug 10 17:01:32 qcells-emsplus docker-loader[33385]: [16:59:35:202][I][UM] Request handlers registered from diag_monitor: set_ems_fault
    Aug 10 17:01:32 qcells-emsplus docker-loader[33385]: [16:59:35:202][W][UM] Unknown service for notification: request_handler_offer
    Aug 10 17:01:32 qcells-emsplus docker-loader[33385]: [16:59:35:203][W][UM] Unknown service for notification: telemetry_subscribe
    Aug 10 17:01:32 qcells-emsplus docker-loader[33385]: [16:59:35:205][W][UM] Unknown service for notification: telemetry_subscribe
    Aug 10 17:01:32 qcells-emsplus docker-loader[33385]: [16:59:35:281][I][RT] Configuration updated via update_configuration
    Aug 10 17:01:32 qcells-emsplus docker-loader[33385]: [16:59:35:297][I][RT] Configuration is ready
    Aug 10 17:01:32 qcells-emsplus docker-loader[33385]: [16:59:35:297][I][RT] Refreshed instant metric map: 30 metrics, 5 with calculation
    Aug 10 17:01:32 qcells-emsplus docker-loader[33385]: [16:59:35:297][I][RT] RealtimeMonitor application started successfully
    Aug 10 17:01:32 qcells-emsplus docker-loader[33385]: [16:59:35:429][I][WI] [runStepWithRetry] checkAllAppsReadyStatus: Attempt 7/30
    Aug 10 17:01:32 qcells-emsplus docker-loader[33385]: [16:59:35:430][I][WI] [PlatformService:getAllAppsReadyStatus] Getting all apps ready status
    Aug 10 17:01:32 qcells-emsplus docker-loader[33385]: [16:59:35:433][I][ER] handle_req_all_apps_ready_status
    Aug 10 17:01:32 qcells-emsplus docker-loader[33385]: [16:59:35:437][I][WI] [PlatformService:getAllAppsReadyStatus] All apps are ready status: {"is_ready":false}
    Aug 10 17:01:32 qcells-emsplus docker-loader[33385]: [16:59:35:438][W][WI] [runStepWithRetry] checkAllAppsReadyStatus: Attempt 7 failed: All apps are not yet ready
    Aug 10 17:01:32 qcells-emsplus docker-loader[33385]: [16:59:35:438][I][WI] [runStepWithRetry] checkAllAppsReadyStatus: Retrying in 1s...
    Aug 10 17:01:32 qcells-emsplus docker-loader[33385]: [16:59:36:011][I][UM] DB initialization completed: all system_settings, persistent_states, and device_info are loaded
    Aug 10 17:01:32 qcells-emsplus docker-loader[33385]: [16:59:36:011][I][UM] Scheduling post-restart log_ref refresh in 25 seconds...
    Aug 10 17:01:32 qcells-emsplus docker-loader[33385]: [16:59:36:012][I][UM] Started ADU log monitoring: /tmp/edge/update/deviceupdate-agent.log
    Aug 10 17:01:32 qcells-emsplus docker-loader[33385]: [16:59:36:012][I][UM] Started ADU monitoring
    Aug 10 17:01:32 qcells-emsplus docker-loader[33385]: [16:59:36:012][I][UM] AduAgentMonitor::monitor_loop() started (mtime-based)
    Aug 10 17:01:32 qcells-emsplus docker-loader[33385]: [16:59:36:012][I][UM] monitoringActive_ status: true
    Aug 10 17:01:32 qcells-emsplus docker-loader[33385]: [16:59:36:012][I][UM] Entering while loop...
    Aug 10 17:01:32 qcells-emsplus docker-loader[33385]: [16:59:36:014][I][ER] handle_noti_ready source: update_monitor
    Aug 10 17:01:32 qcells-emsplus docker-loader[33385]: [16:59:36:014][I][ER] Checking and executing dependencies for all applications
    Aug 10 17:01:32 qcells-emsplus docker-loader[33385]: [16:59:36:014][I][ER] start_child_app started : ble_commissioning
    Aug 10 17:01:32 qcells-emsplus docker-loader[33385]: [16:59:36:014][I][SM] Host command requested by update_monitor
    Aug 10 17:01:32 qcells-emsplus docker-loader[33385]: [16:59:36:014][I][SM] Executing host command: systemctl restart swupdate.service (timeout: 15s)
    Aug 10 17:01:32 qcells-emsplus docker-loader[33385]: [16:59:36:015][I][UM] Requested restart of swupdate.service (attempt 1/5)
    Aug 10 17:01:32 qcells-emsplus docker-loader[33385]: [16:59:36:021][I][UM] [handle_response_system_settings] Log level: 1
    Aug 10 17:01:32 qcells-emsplus docker-loader[33385]: [16:59:36:023][I][ER] Spawn App: ble_commissioning
    Aug 10 17:01:32 qcells-emsplus docker-loader[33385]: [16:59:36:023][I][ER] app_fork - pid: 244
    Aug 10 17:01:32 qcells-emsplus docker-loader[33385]: [16:59:36:023][I][ER] start_child_app started : device_log
    Aug 10 17:01:32 qcells-emsplus docker-loader[33385]: [16:59:36:024][I][UM] Start monitoring SWUpdate progress socket
    Aug 10 17:01:32 qcells-emsplus docker-loader[33385]: [16:59:36:025][I][UM] Socket connection established
    Aug 10 17:01:32 qcells-emsplus docker-loader[33385]: [16:59:36:025][I][UM] SWUpdate Progress Information:
    Aug 10 17:01:32 qcells-emsplus docker-loader[33385]: [16:59:36:025][I][UM]   Progress    : 0%
    Aug 10 17:01:32 qcells-emsplus docker-loader[33385]: [16:59:36:025][I][UM]   Step        : 0/0
    Aug 10 17:01:32 qcells-emsplus docker-loader[33385]: [16:59:36:025][I][UM]   Image       :
    Aug 10 17:01:32 qcells-emsplus docker-loader[33385]: [16:59:36:025][I][UM]   Status Code : INVALID
    Aug 10 17:01:32 qcells-emsplus docker-loader[33385]: [16:59:36:025][I][UM] Publishing SWUpdate progress via MQTT:
    Aug 10 17:01:32 qcells-emsplus docker-loader[33385]: [16:59:36:025][I][UM]   Status: 4932417
    Aug 10 17:01:32 qcells-emsplus docker-loader[33385]: [16:59:36:025][I][UM]   Progress: 0%
    Aug 10 17:01:32 qcells-emsplus docker-loader[33385]: [16:59:36:030][W][DI] Unknown service for notification: swupdate_progress
    Aug 10 17:01:32 qcells-emsplus docker-loader[33385]: [16:59:36:033][I][ER] Spawn App: device_log
    Aug 10 17:01:32 qcells-emsplus docker-loader[33385]: [16:59:36:033][I][ER] app_fork - pid: 247
    Aug 10 17:01:32 qcells-emsplus docker-loader[33385]: [16:59:36:034][W][RT] Unknown service for notification: swupdate_progress
    Aug 10 17:01:32 qcells-emsplus docker-loader[33385]: [16:59:36:051][W][ED] Unknown service for notification: swupdate_progress
    Aug 10 17:01:32 qcells-emsplus docker-loader[33385]: [16:59:36:051][W][ET] Unknown service for notification: swupdate_progress
    Aug 10 17:01:32 qcells-emsplus docker-loader[33385]: [16:59:36:060][I][UM] Socket disconnected or read failed: connection closed
    Aug 10 17:01:32 qcells-emsplus docker-loader[33385]: [16:59:36:060][I][UM] Attempting to reconnect socket...
    Aug 10 17:01:32 qcells-emsplus docker-loader[33385]: [16:59:36:062][W][UM] Failed to connect to socket: No such file or directory (retrying)
    Aug 10 17:01:32 qcells-emsplus docker-loader[33385]: [16:59:36:078][I][BC] App is ready
    Aug 10 17:01:32 qcells-emsplus docker-loader[33385]: [16:59:36:076][I][RT] [RegistermapDataMgr] Register map updated: version=1, schemaVersion=1.0.0, protocolVersion(can/spi/installDoc/jf2)=0.99/1.02/1.67/2.8.4.8, 3 maps: qcells_mcu(4 groups), qcells_ess_g4(2 groups), qcells_mpu(4 groups)
    Aug 10 17:01:32 qcells-emsplus docker-loader[33385]: [16:59:36:088][I][DL] App is ready
    Aug 10 17:01:32 qcells-emsplus docker-loader[33385]: [16:59:36:110][I][SM] [IPC pub res] tid=update_monitor_5 {"error_code":"NONE","payload":{"cmd":"systemctl restart swupdate.service","exit_code":0,"message":"","status":"success"}}
    Aug 10 17:01:32 qcells-emsplus docker-loader[33385]: [16:59:36:112][I][UM] [cmd_host] tid=update_monitor_5 error_code=0 status=success[16:59:36:112][I][UM]  cmd=systemctl restart swupdate.service[16:59:36:112][I][UM]
    Aug 10 17:01:32 qcells-emsplus docker-loader[33385]: [16:59:36:112][I][UM] [handle_response_cmd_host] swupdate.service restart succeeded
    Aug 10 17:01:32 qcells-emsplus docker-loader[33385]: [16:59:36:128][I][RT] SiteJsonData cache built: 3 maps, 1402 registers, 8179 metrics
    Aug 10 17:01:32 qcells-emsplus docker-loader[33385]: [16:59:36:145][I][UM] Configuration updated via update_configuration
    Aug 10 17:01:32 qcells-emsplus docker-loader[33385]: [16:59:36:146][I][UM] ADU config unchanged; skipping config rewrite
    Aug 10 17:01:32 qcells-emsplus docker-loader[33385]: [16:59:36:439][I][WI] [runStepWithRetry] checkAllAppsReadyStatus: Attempt 8/30
    Aug 10 17:01:32 qcells-emsplus docker-loader[33385]: [16:59:36:440][I][WI] [PlatformService:getAllAppsReadyStatus] Getting all apps ready status
    Aug 10 17:01:32 qcells-emsplus docker-loader[33385]: [16:59:36:442][I][ER] handle_req_all_apps_ready_status
    Aug 10 17:01:32 qcells-emsplus docker-loader[33385]: [16:59:36:445][I][WI] [PlatformService:getAllAppsReadyStatus] All apps are ready status: {"is_ready":false}
    Aug 10 17:01:32 qcells-emsplus docker-loader[33385]: [16:59:36:446][W][WI] [runStepWithRetry] checkAllAppsReadyStatus: Attempt 8 failed: All apps are not yet ready
    Aug 10 17:01:32 qcells-emsplus docker-loader[33385]: [16:59:36:447][I][WI] [runStepWithRetry] checkAllAppsReadyStatus: Retrying in 1s...
    Aug 10 17:01:32 qcells-emsplus docker-loader[33385]: [16:59:36:929][I][UM] [RegistermapDataMgr] Register map updated: version=1, schemaVersion=1.0.0, protocolVersion(can/spi/installDoc/jf2)=0.99/1.02/1.67/2.8.4.8, 3 maps: qcells_mcu(4 groups), qcells_ess_g4(2 groups), qcells_mpu(4 groups)
    Aug 10 17:01:32 qcells-emsplus docker-loader[33385]: [16:59:36:951][I][UM] SiteJsonData cache built: 3 maps, 1402 registers, 8179 metrics
    Aug 10 17:01:32 qcells-emsplus docker-loader[33385]: [16:59:36:951][W][UM] Unknown service for response: get_register_map_json
    Aug 10 17:01:32 qcells-emsplus docker-loader[33385]: [16:59:37:190][I][BC] Connected to MQTT broker
    Aug 10 17:01:32 qcells-emsplus docker-loader[33385]: [16:59:37:197][I][BC] Request handlers registered from cloud_broker: send_d2c_message, register_message_type, dispatch_direct_method, forward_iothub_message, request_pull_context
    Aug 10 17:01:32 qcells-emsplus docker-loader[33385]: [16:59:37:197][I][BC] Request handlers registered from diag_monitor: set_ems_fault
    Aug 10 17:01:32 qcells-emsplus docker-loader[33385]: [16:59:37:207][I][DL] Connected to MQTT broker
    Aug 10 17:01:32 qcells-emsplus docker-loader[33385]: [16:59:37:212][W][DL] Unknown service for notification: network_info
    Aug 10 17:01:32 qcells-emsplus docker-loader[33385]: [16:59:37:213][I][DL] Internet status changed: Connected
    Aug 10 17:01:32 qcells-emsplus docker-loader[33385]: [16:59:37:213][W][DL] [CloudUploadManager::cloud_connected_action] Not initialized yet; skipping drain.
    Aug 10 17:01:32 qcells-emsplus docker-loader[33385]: [16:59:37:213][W][DL] Unknown service for notification: ethernet_status
    Aug 10 17:01:32 qcells-emsplus docker-loader[33385]: [16:59:37:213][W][DL] Unknown service for notification: wifi_status
    Aug 10 17:01:32 qcells-emsplus docker-loader[33385]: [16:59:37:213][W][DL] Unknown service for notification: cellular_status
    Aug 10 17:01:32 qcells-emsplus docker-loader[33385]: [16:59:37:215][W][BC] [MQTT:BleCommissioningManager::handle_response] SessionHandler not available
    Aug 10 17:01:32 qcells-emsplus docker-loader[33385]: [16:59:37:214][I][DL] Request handlers registered from diag_monitor: set_ems_fault
    Aug 10 17:01:32 qcells-emsplus docker-loader[33385]: [16:59:37:214][W][DL] Unknown service for notification: request_handler_offer
    Aug 10 17:01:32 qcells-emsplus docker-loader[33385]: [16:59:37:215][I][DL] Request handlers registered from cloud_broker: send_d2c_message, register_message_type, dispatch_direct_method, forward_iothub_message, request_pull_context
    Aug 10 17:01:32 qcells-emsplus docker-loader[33385]: [16:59:37:215][W][DL] Unknown service for notification: request_handler_offer
    Aug 10 17:01:32 qcells-emsplus docker-loader[33385]: [16:59:37:219][W][BC] [MQTT:BleCommissioningManager::handle_response] SessionHandler not available
    Aug 10 17:01:32 qcells-emsplus docker-loader[33385]: [16:59:37:231][I][BC] DB initialization completed: all system_settings, persistent_states, and device_info are loaded
    Aug 10 17:01:32 qcells-emsplus docker-loader[33385]: [16:59:37:231][W][BC] [MQTT:BleCommissioningManager::handle_response] SessionHandler not available
    Aug 10 17:01:32 qcells-emsplus docker-loader[33385]: [16:59:37:232][I][BC] Product serial number: 000000000000000000
    Aug 10 17:01:32 qcells-emsplus docker-loader[33385]: [16:59:37:234][W][DL] Unknown service for notification: telemetry_subscribe
    Aug 10 17:01:32 qcells-emsplus docker-loader[33385]: [16:59:37:235][W][DL] Unknown service for notification: telemetry_subscribe
    Aug 10 17:01:32 qcells-emsplus docker-loader[33385]: [16:59:37:242][I][BC] [CONFIG] BLE identity: qcells-ble000000000000000000
    Aug 10 17:01:33 qcells-emsplus docker-loader[33385]: [16:59:37:243][I][BC] [CONFIG] BLE config loaded: name=qcells-ble000000000000000000, handshakeTimeout=10s, transactionTimeout=60s, txPower=8dBm
    Aug 10 17:01:33 qcells-emsplus docker-loader[33385]: [16:59:37:263][I][BC] [BlueZ] Powering adapter on
    Aug 10 17:01:33 qcells-emsplus docker-loader[33385]: [16:59:37:339][I][BC] Configuration updated via update_configuration
    Aug 10 17:01:33 qcells-emsplus docker-loader[33385]: [16:59:37:339][W][BC] [MQTT:BleCommissioningManager::handle_response] SessionHandler not available
    Aug 10 17:01:33 qcells-emsplus docker-loader[33385]: [16:59:37:339][W][BC] [MQTT:BleCommissioningManager::handle_response] unhandled service: get_configuration_json
    Aug 10 17:01:33 qcells-emsplus docker-loader[33385]: [16:59:37:420][I][DL] Configuration updated via update_configuration
    Aug 10 17:01:33 qcells-emsplus docker-loader[33385]: [16:59:37:420][W][DL] Unhandled response service: get_configuration_json
    Aug 10 17:01:33 qcells-emsplus docker-loader[33385]: [16:59:37:444][I][DL] DB initialization completed: all system_settings, persistent_states, and device_info are loaded
    Aug 10 17:01:33 qcells-emsplus docker-loader[33385]: [16:59:37:445][I][DL] [updateMiTotalCountFromDeviceInfo] MI Total Count: 0
    Aug 10 17:01:33 qcells-emsplus docker-loader[33385]: [16:59:37:447][I][ER] handle_noti_ready source: device_log
    Aug 10 17:01:33 qcells-emsplus docker-loader[33385]: [16:59:37:447][I][ER] Checking and executing dependencies for all applications
    Aug 10 17:01:33 qcells-emsplus docker-loader[33385]: [16:59:37:448][I][WI] [runStepWithRetry] checkAllAppsReadyStatus: Attempt 9/30
    Aug 10 17:01:33 qcells-emsplus docker-loader[33385]: [16:59:37:449][I][WI] [PlatformService:getAllAppsReadyStatus] Getting all apps ready status
    Aug 10 17:01:33 qcells-emsplus docker-loader[33385]: [16:59:37:453][I][ER] handle_req_all_apps_ready_status
    Aug 10 17:01:33 qcells-emsplus docker-loader[33385]: [16:59:37:457][I][WI] [PlatformService:getAllAppsReadyStatus] All apps are ready status: {"is_ready":false}
    Aug 10 17:01:33 qcells-emsplus docker-loader[33385]: [16:59:37:458][W][WI] [runStepWithRetry] checkAllAppsReadyStatus: Attempt 9 failed: All apps are not yet ready
    Aug 10 17:01:33 qcells-emsplus docker-loader[33385]: [16:59:37:458][I][WI] [runStepWithRetry] checkAllAppsReadyStatus: Retrying in 1s...
    Aug 10 17:01:33 qcells-emsplus docker-loader[33385]: [16:59:37:505][I][DL] [createFileDirectoryForAllRules] Reusing existing file: "/edge/log/device_log/EMSP_Maintenance/20260810_143003_20260810_203003_EMSP_Maintenance_000000000000000000.csv"
    Aug 10 17:01:33 qcells-emsplus docker-loader[33385]: [16:59:37:505][I][DL] [createFileDirectoryForAllRules] Reusing existing file: "/edge/log/device_log/EMSP_Installation/20260810_143003_20260811_143003_EMSP_Installation_000000000000000000.csv"
    Aug 10 17:01:33 qcells-emsplus docker-loader[33385]: [16:59:37:506][I][DL] [createFileDirectoryForAllRules] Reusing existing file: "/edge/log/device_log/PMU_Monitoring/20260810_143003_20260810_203003_PMU_Monitoring_000000000000000000.csv"
    Aug 10 17:01:33 qcells-emsplus docker-loader[33385]: [16:59:37:506][I][DL] [createFileDirectoryForAllRules] Reusing existing file: "/edge/log/device_log/MI_Monitoring/20260811_152311_20260812_152311_MI_Monitoring_000000000000000000.csv"
    Aug 10 17:01:33 qcells-emsplus docker-loader[33385]: [16:59:37:506][I][DL] [createFileDirectoryForAllRules] Reusing existing file: "/edge/log/device_log/MI_Device_Info/20260810_143003_20260811_143003_MI_Device_Info_000000000000000000.csv"
    Aug 10 17:01:33 qcells-emsplus docker-loader[33385]: [16:59:37:506][I][DL] [createFileDirectoryForAllRules] Reusing existing file: "/edge/log/device_log/PCS_CAN_Monitoring_P01/20260810_143003_20260811_143003_PCS_CAN_Monitoring_P01_000000000000000000.csv"
    Aug 10 17:01:33 qcells-emsplus docker-loader[33385]: [16:59:37:507][I][DL] [createFileDirectoryForAllRules] Reusing existing file: "/edge/log/device_log/PCS_CAN_Monitoring_P02/20260810_143003_20260811_143003_PCS_CAN_Monitoring_P02_000000000000000000.csv"
    Aug 10 17:01:33 qcells-emsplus docker-loader[33385]: [16:59:37:507][I][DL] [createFileDirectoryForAllRules] Reusing existing file: "/edge/log/device_log/Advanced_HUB_Monitoring/20260811_152311_20260811_212311_Advanced_HUB_Monitoring_000000000000000000.csv"
    Aug 10 17:01:33 qcells-emsplus docker-loader[33385]: [16:59:37:507][I][DL] [createFileDirectoryForAllRules] Reusing existing file: "/edge/log/device_log/Meter/20260810_143003_20260810_203003_Meter_000000000000000000.csv"
    Aug 10 17:01:33 qcells-emsplus docker-loader[33385]: [16:59:37:508][I][DL] [createFileDirectoryForAllRules] Reusing existing file: "/edge/log/device_log/BMS_Operation_P01/20260811_152311_20260812_152311_BMS_Operation_P01_000000000000000000.csv"
    Aug 10 17:01:33 qcells-emsplus docker-loader[33385]: [16:59:37:508][I][DL] [createFileDirectoryForAllRules] Reusing existing file: "/edge/log/device_log/BMS_Operation_P02/20260811_152311_20260812_152311_BMS_Operation_P02_000000000000000000.csv"
    Aug 10 17:01:33 qcells-emsplus docker-loader[33385]: [16:59:37:508][I][DL] [createFileDirectoryForAllRules] Reusing existing file: "/edge/log/device_log/BMS_LifeCycle_P01/20260807_094946_20260906_094946_BMS_LifeCycle_P01_000000000000000000.csv"
    Aug 10 17:01:33 qcells-emsplus docker-loader[33385]: [16:59:37:509][I][DL] [createFileDirectoryForAllRules] Reusing existing file: "/edge/log/device_log/BMS_LifeCycle_P02/20260807_094946_20260906_094946_BMS_LifeCycle_P02_000000000000000000.csv"
    Aug 10 17:01:33 qcells-emsplus docker-loader[33385]: [16:59:37:509][I][DL] [createFileDirectoryForAllRules] Reusing existing file: "/edge/log/device_log/BMS_Monitoring_P01/20260811_152311_20260811_212311_BMS_Monitoring_P01_000000000000000000.csv"
    Aug 10 17:01:33 qcells-emsplus docker-loader[33385]: [16:59:37:509][I][DL] [createFileDirectoryForAllRules] Reusing existing file: "/edge/log/device_log/BMS_Monitoring_P02/20260811_152311_20260811_212311_BMS_Monitoring_P02_000000000000000000.csv"
    Aug 10 17:01:33 qcells-emsplus docker-loader[33385]: [16:59:37:510][I][DL] [createFileDirectoryForAllRules] Reusing existing file: "/edge/log/device_log/BPU_CAN_Monitoring_P01/20260811_152311_20260811_212311_BPU_CAN_Monitoring_P01_000000000000000000.csv"
    Aug 10 17:01:33 qcells-emsplus docker-loader[33385]: [16:59:37:510][I][DL] [createFileDirectoryForAllRules] Reusing existing file: "/edge/log/device_log/BPU_CAN_Monitoring_P02/20260811_152311_20260811_212311_BPU_CAN_Monitoring_P02_000000000000000000.csv"
    Aug 10 17:01:33 qcells-emsplus docker-loader[33385]: [16:59:37:510][I][DL] [createFileDirectoryForAllRules] Reusing existing file: "/edge/log/device_log/C_Box_Monitoring/20260810_143003_20260810_203003_C_Box_Monitoring_000000000000000000.csv"
    Aug 10 17:01:33 qcells-emsplus docker-loader[33385]: [16:59:37:523][I][DL] [loadEolPolicy] EOL policy loaded: "/edge/etc/app-config/device_log/rules/eolpolicy.json"
    Aug 10 17:01:33 qcells-emsplus docker-loader[33385]: [16:59:37:526][I][DL] [CloudUploadManager::enumerateExistingFilesInDirectory] Log item: EMSP_Maintenance
    Aug 10 17:01:33 qcells-emsplus docker-loader[33385]: [16:59:37:526][I][DL] [CloudUploadManager::enumerateExistingFilesInDirectory] Log item: EMSP_Installation
    Aug 10 17:01:33 qcells-emsplus docker-loader[33385]: [16:59:37:526][I][DL] [CloudUploadManager::enumerateExistingFilesInDirectory] Log item: PMU_Monitoring
    Aug 10 17:01:33 qcells-emsplus docker-loader[33385]: [16:59:37:526][I][DL] [CloudUploadManager::enumerateExistingFilesInDirectory] Log item: MI_Monitoring
    Aug 10 17:01:33 qcells-emsplus docker-loader[33385]: [16:59:37:526][I][DL] [CloudUploadManager::enumerateExistingFilesInDirectory] Log item: MI_Device_Info
    Aug 10 17:01:33 qcells-emsplus docker-loader[33385]: [16:59:37:526][I][DL] [CloudUploadManager::enumerateExistingFilesInDirectory] Log item: PCS_CAN_Monitoring_P01
    Aug 10 17:01:33 qcells-emsplus docker-loader[33385]: [16:59:37:526][I][DL] [CloudUploadManager::enumerateExistingFilesInDirectory] Log item: PCS_CAN_Monitoring_P02
    Aug 10 17:01:33 qcells-emsplus docker-loader[33385]: [16:59:37:526][I][DL] [CloudUploadManager::enumerateExistingFilesInDirectory] Log item: Advanced_HUB_Monitoring
    Aug 10 17:01:33 qcells-emsplus docker-loader[33385]: [16:59:37:526][I][DL] [CloudUploadManager::enumerateExistingFilesInDirectory] Log item: Advanced_HUB_Fault
    Aug 10 17:01:33 qcells-emsplus docker-loader[33385]: [16:59:37:526][I][DL] [CloudUploadManager::enumerateExistingFilesInDirectory] Log item: PMU_Fault
    Aug 10 17:01:33 qcells-emsplus docker-loader[33385]: [16:59:37:526][I][DL] [CloudUploadManager::enumerateExistingFilesInDirectory] Log item: Meter
    Aug 10 17:01:33 qcells-emsplus docker-loader[33385]: [16:59:37:526][I][DL] [CloudUploadManager::enumerateExistingFilesInDirectory] Log item: PCS_Fault_P01
    Aug 10 17:01:33 qcells-emsplus docker-loader[33385]: [16:59:37:526][I][DL] [CloudUploadManager::enumerateExistingFilesInDirectory] Log item: PCS_Fault_P02
    Aug 10 17:01:33 qcells-emsplus docker-loader[33385]: [16:59:37:526][I][DL] [CloudUploadManager::enumerateExistingFilesInDirectory] Log item: BMS_Operation_P01
    Aug 10 17:01:33 qcells-emsplus docker-loader[33385]: [16:59:37:526][I][DL] [CloudUploadManager::enumerateExistingFilesInDirectory] Log item: BMS_Operation_P02
    Aug 10 17:01:33 qcells-emsplus docker-loader[33385]: [16:59:37:526][I][DL] [CloudUploadManager::enumerateExistingFilesInDirectory] Log item: BMS_Fault_P01
    Aug 10 17:01:33 qcells-emsplus docker-loader[33385]: [16:59:37:526][I][DL] [CloudUploadManager::enumerateExistingFilesInDirectory] Log item: BMS_Fault_P02
    Aug 10 17:01:33 qcells-emsplus docker-loader[33385]: [16:59:37:526][I][DL] [CloudUploadManager::enumerateExistingFilesInDirectory] Log item: BMS_LifeCycle_P01
    Aug 10 17:01:33 qcells-emsplus docker-loader[33385]: [16:59:37:526][I][DL] [CloudUploadManager::enumerateExistingFilesInDirectory] Log item: BMS_LifeCycle_P02
    Aug 10 17:01:33 qcells-emsplus docker-loader[33385]: [16:59:37:526][I][DL] [CloudUploadManager::enumerateExistingFilesInDirectory] Log item: BMS_Monitoring_P01
    Aug 10 17:01:33 qcells-emsplus docker-loader[33385]: [16:59:37:526][I][DL] [CloudUploadManager::enumerateExistingFilesInDirectory] Log item: BMS_Monitoring_P02
    Aug 10 17:01:33 qcells-emsplus docker-loader[33385]: [16:59:37:526][I][DL] [CloudUploadManager::enumerateExistingFilesInDirectory] Log item: BPU_CAN_Monitoring_P01
    Aug 10 17:01:33 qcells-emsplus docker-loader[33385]: [16:59:37:526][I][DL] [CloudUploadManager::enumerateExistingFilesInDirectory] Log item: BPU_CAN_Monitoring_P02
    Aug 10 17:01:33 qcells-emsplus docker-loader[33385]: [16:59:37:526][I][DL] [CloudUploadManager::enumerateExistingFilesInDirectory] Log item: BPU_Fault_P01
    Aug 10 17:01:33 qcells-emsplus docker-loader[33385]: [16:59:37:526][I][DL] [CloudUploadManager::enumerateExistingFilesInDirectory] Log item: BPU_Fault_P02
    Aug 10 17:01:33 qcells-emsplus docker-loader[33385]: [16:59:37:526][I][DL] [CloudUploadManager::enumerateExistingFilesInDirectory] Log item: C_Box_Monitoring
    Aug 10 17:01:33 qcells-emsplus docker-loader[33385]: [16:59:37:526][I][DL] [CloudUploadManager::enumerateExistingFilesInDirectory] Log item: PCS_Fault_Monitoring_Converter
    Aug 10 17:01:33 qcells-emsplus docker-loader[33385]: [16:59:37:526][I][DL] [CloudUploadManager::enumerateExistingFilesInDirectory] Log item: PCS_Fault_Monitoring_Inverter
    Aug 10 17:01:33 qcells-emsplus docker-loader[33385]: [16:59:37:534][I][BC] [BlueZ] Setting Bluetooth Alias: qcells-ble000000000000000000
    Aug 10 17:01:33 qcells-emsplus docker-loader[33385]: [16:59:37:538][I][DL] [CloudUploadManager::enumerateArchiveFilesInDirectory] Total files found in archive: 131
    Aug 10 17:01:33 qcells-emsplus docker-loader[33385]: [16:59:37:540][I][DL] [CloudUploadManager::enumerateRootFilesInDirectory] Total files found in root: 0
    Aug 10 17:01:33 qcells-emsplus docker-loader[33385]: [16:59:37:540][I][DL] Internet already connected at startup; re-applying connected state
    Aug 10 17:01:33 qcells-emsplus docker-loader[33385]: [16:59:37:540][I][DL] [CloudUploadManager::uploadIdleThread] Thread Started
    Aug 10 17:01:33 qcells-emsplus docker-loader[33385]: [16:59:37:540][I][DL] [CloudUploadManager::cloud_connected_action] Internet connected. Moving archive files to toupload.
    Aug 10 17:01:33 qcells-emsplus docker-loader[33385]: [16:59:37:540][I][BC] [BlueZ] Setting TX power: 8 dBm
    Aug 10 17:01:33 qcells-emsplus docker-loader[33385]: [16:59:37:541][I][DL] Waiting for site data...
    Aug 10 17:01:33 qcells-emsplus docker-loader[33385]: [16:59:37:543][I][BC] [HCI] TX power configured successfully
    Aug 10 17:01:33 qcells-emsplus docker-loader[33385]: [16:59:37:561][I][BC] [BlueZ] Periodic cleanup thread started (30s interval)
    Aug 10 17:01:33 qcells-emsplus docker-loader[33385]: [16:59:37:563][I][BC] [GATT] Base path: /com/example/gatt
    Aug 10 17:01:33 qcells-emsplus docker-loader[33385]: [16:59:37:564][I][BC] [GATT] peripheralAttMtu configured: 247 (payload: 244 bytes)
    Aug 10 17:01:33 qcells-emsplus docker-loader[33385]: [16:59:37:564][I][BC] [GATT] Configuration loaded successfully from: /edge/app/files/ble_commissioning/config.json
    Aug 10 17:01:33 qcells-emsplus docker-loader[33385]: [16:59:37:564][I][BC] [GATT] Setting up BLE services and characteristics...
    Aug 10 17:01:33 qcells-emsplus docker-loader[33385]: [16:59:37:564][I][BC] [GATT] Application root object created at: /com/example/gatt
    Aug 10 17:01:33 qcells-emsplus docker-loader[33385]: [16:59:37:564][I][BC] [GATT] Setting up all services from JSON...
    Aug 10 17:01:33 qcells-emsplus docker-loader[33385]: [16:59:37:564][I][BC] [GATT] Found 3 service(s) in configuration
    Aug 10 17:01:33 qcells-emsplus docker-loader[33385]: [16:59:37:564][I][BC] [GATT] Creating service 'ble_service0' at: /com/example/gatt/service0
    Aug 10 17:01:33 qcells-emsplus docker-loader[33385]: [16:59:37:565][I][BC] [GATT] Service 'ble_service0' configured with UUID: 2bfc77a0-96d7-4b23-b51d-8ecd01237f67
    Aug 10 17:01:33 qcells-emsplus docker-loader[33385]: [16:59:37:565][I][BC] [GATT] Creating characteristic 'CHAR_0' for service 'ble_service0' at: /com/example/gatt/service0/char0
    Aug 10 17:01:33 qcells-emsplus docker-loader[33385]: [16:59:37:566][I][BC] [GATT] Creating characteristic 'CHAR_1' for service 'ble_service0' at: /com/example/gatt/service0/char1
    Aug 10 17:01:33 qcells-emsplus docker-loader[33385]: [16:59:37:566][I][BC] [GATT] Creating characteristic 'CHAR_2' for service 'ble_service0' at: /com/example/gatt/service0/char2
    Aug 10 17:01:34 qcells-emsplus docker-loader[33385]: [16:59:37:567][I][BC] [GATT] Creating characteristic 'CHAR_3' for service 'ble_service0' at: /com/example/gatt/service0/char3
    Aug 10 17:01:34 qcells-emsplus docker-loader[33385]: [16:59:37:568][I][BC] [GATT] Creating characteristic 'CHAR_4' for service 'ble_service0' at: /com/example/gatt/service0/char4
    Aug 10 17:01:34 qcells-emsplus docker-loader[33385]: [16:59:37:568][I][BC] [GATT] Creating characteristic 'CHAR_5' for service 'ble_service0' at: /com/example/gatt/service0/char5
    Aug 10 17:01:34 qcells-emsplus docker-loader[33385]: [16:59:37:569][I][BC] [GATT] Service 'ble_service0' setup complete with 6 characteristics
    Aug 10 17:01:34 qcells-emsplus docker-loader[33385]: [16:59:37:569][I][BC] [GATT] Service 'ble_service0' [0] initialized
    Aug 10 17:01:34 qcells-emsplus docker-loader[33385]: [16:59:37:569][I][BC] [GATT] Creating service 'ble_service1' at: /com/example/gatt/service1
    Aug 10 17:01:34 qcells-emsplus docker-loader[33385]: [16:59:37:569][I][BC] [WORKER:ble_service0] Worker thread started
    Aug 10 17:01:34 qcells-emsplus docker-loader[33385]: [16:59:37:570][I][BC] [GATT] Service 'ble_service1' configured with UUID: 2bfc77b0-96d7-4b23-b51d-8ecd01237f6d
    Aug 10 17:01:34 qcells-emsplus docker-loader[33385]: [16:59:37:570][I][BC] [GATT] Creating characteristic 'CHAR_0' for service 'ble_service1' at: /com/example/gatt/service1/char0
    Aug 10 17:01:34 qcells-emsplus docker-loader[33385]: [16:59:37:570][I][BC] [GATT] Creating characteristic 'CHAR_1' for service 'ble_service1' at: /com/example/gatt/service1/char1
    Aug 10 17:01:34 qcells-emsplus docker-loader[33385]: [16:59:37:571][I][BC] [GATT] Creating characteristic 'CHAR_2' for service 'ble_service1' at: /com/example/gatt/service1/char2
    Aug 10 17:01:34 qcells-emsplus docker-loader[33385]: [16:59:37:572][I][BC] [GATT] Creating characteristic 'CHAR_3' for service 'ble_service1' at: /com/example/gatt/service1/char3
    Aug 10 17:01:34 qcells-emsplus docker-loader[33385]: [16:59:37:572][I][BC] [GATT] Creating characteristic 'CHAR_4' for service 'ble_service1' at: /com/example/gatt/service1/char4
    Aug 10 17:01:34 qcells-emsplus docker-loader[33385]: [16:59:37:573][I][BC] [GATT] Creating characteristic 'CHAR_5' for service 'ble_service1' at: /com/example/gatt/service1/char5
    Aug 10 17:01:34 qcells-emsplus docker-loader[33385]: [16:59:37:573][I][BC] [GATT] Service 'ble_service1' setup complete with 6 characteristics
    Aug 10 17:01:34 qcells-emsplus docker-loader[33385]: [16:59:37:574][I][BC] [GATT] Service 'ble_service1' [1] initialized
    Aug 10 17:01:34 qcells-emsplus docker-loader[33385]: [16:59:37:574][I][BC] [WORKER:ble_service1] Worker thread started
    Aug 10 17:01:34 qcells-emsplus docker-loader[33385]: [16:59:37:574][I][BC] [GATT] Creating service 'ble_service2' at: /com/example/gatt/service2
    Aug 10 17:01:34 qcells-emsplus docker-loader[33385]: [16:59:37:575][I][BC] [GATT] Service 'ble_service2' configured with UUID: 2bfc77c0-96d7-4b23-b51d-8ecd01237f6d
    Aug 10 17:01:34 qcells-emsplus docker-loader[33385]: [16:59:37:575][I][BC] [GATT] Creating characteristic 'CHAR_0' for service 'ble_service2' at: /com/example/gatt/service2/char0
    Aug 10 17:01:34 qcells-emsplus docker-loader[33385]: [16:59:37:575][I][BC] [GATT] Creating characteristic 'CHAR_1' for service 'ble_service2' at: /com/example/gatt/service2/char1
    Aug 10 17:01:34 qcells-emsplus docker-loader[33385]: [16:59:37:576][I][BC] [GATT] Creating characteristic 'CHAR_2' for service 'ble_service2' at: /com/example/gatt/service2/char2
    Aug 10 17:01:34 qcells-emsplus docker-loader[33385]: [16:59:37:576][I][BC] [GATT] Creating characteristic 'CHAR_3' for service 'ble_service2' at: /com/example/gatt/service2/char3
    Aug 10 17:01:34 qcells-emsplus docker-loader[33385]: [16:59:37:577][I][BC] [GATT] Creating characteristic 'CHAR_4' for service 'ble_service2' at: /com/example/gatt/service2/char4
    Aug 10 17:01:34 qcells-emsplus docker-loader[33385]: [16:59:37:578][I][BC] [GATT] Creating characteristic 'CHAR_5' for service 'ble_service2' at: /com/example/gatt/service2/char5
    Aug 10 17:01:34 qcells-emsplus docker-loader[33385]: [16:59:37:578][I][BC] [GATT] Service 'ble_service2' setup complete with 6 characteristics
    Aug 10 17:01:34 qcells-emsplus docker-loader[33385]: [16:59:37:578][I][BC] [GATT] Service 'ble_service2' [2] initialized
    Aug 10 17:01:34 qcells-emsplus docker-loader[33385]: [16:59:37:579][I][BC] [GATT] Setup complete: 3 services, 3 worker threads
    Aug 10 17:01:34 qcells-emsplus docker-loader[33385]: [16:59:37:579][I][BC] [WORKER:ble_service2] Worker thread started
    Aug 10 17:01:34 qcells-emsplus docker-loader[33385]: [16:59:37:579][I][BC] [AUTH] Creating Secure Pair GATT service (1 service, 2 characteristics)...
    Aug 10 17:01:34 qcells-emsplus docker-loader[33385]: [16:59:37:579][I][BC] [AUTH] Secure Pair service created at: /com/example/gatt/auth_service
    Aug 10 17:01:34 qcells-emsplus docker-loader[33385]: [16:59:37:579][I][BC] [AUTH] PairWrite characteristic created at: /com/example/gatt/auth_service/char0
    Aug 10 17:01:34 qcells-emsplus docker-loader[33385]: [16:59:37:580][I][BC] [AUTH] PairNotify characteristic created at: /com/example/gatt/auth_service/char1
    Aug 10 17:01:34 qcells-emsplus docker-loader[33385]: [16:59:37:580][I][BC] [AUTH] Secure Pair GATT service setup complete
    Aug 10 17:01:34 qcells-emsplus docker-loader[33385]: [16:59:37:582][I][BC] [BLE] Device1 PropertiesChanged subscription active (path_namespace=/org/bluez)
    Aug 10 17:01:34 qcells-emsplus docker-loader[33385]: [16:59:37:584][I][BC] [BLE] InterfacesAdded subscription active (new device connections)
    Aug 10 17:01:34 qcells-emsplus docker-loader[33385]: [16:59:37:584][I][BC] [MQTT:SessionHandler] constructed
    Aug 10 17:01:34 qcells-emsplus docker-loader[33385]: [16:59:37:584][I][BC] [SessionHandler] Max sessions set to: 3
    Aug 10 17:01:34 qcells-emsplus docker-loader[33385]: [16:59:37:584][I][BC] [SessionHandler] MQTT response timeout set to: 60s
    Aug 10 17:01:34 qcells-emsplus docker-loader[33385]: [16:59:37:584][I][BC] [SessionHandler] Starting3 session threads, parser thread, and timeout checker...
    Aug 10 17:01:34 qcells-emsplus docker-loader[33385]: [16:59:37:585][I][BC] [SessionHandler] Session Thread 1 started
    Aug 10 17:01:34 qcells-emsplus docker-loader[33385]: [16:59:37:585][I][BC] [Session 1] Worker thread running
    Aug 10 17:01:34 qcells-emsplus docker-loader[33385]: [16:59:37:585][I][BC] [SessionHandler] Session Thread 2 started
    Aug 10 17:01:34 qcells-emsplus docker-loader[33385]: [16:59:37:585][I][BC] [Session 2] Worker thread running
    Aug 10 17:01:34 qcells-emsplus docker-loader[33385]: [16:59:37:585][I][BC] [SessionHandler] Session Thread 3 started
    Aug 10 17:01:34 qcells-emsplus docker-loader[33385]: [16:59:37:586][I][BC] [Session 3] Worker thread running
    Aug 10 17:01:34 qcells-emsplus docker-loader[33385]: [16:59:37:586][I][BC] [SessionHandler] Parser thread started
    Aug 10 17:01:34 qcells-emsplus docker-loader[33385]: [16:59:37:586][I][BC] [Parser] Thread running
    Aug 10 17:01:34 qcells-emsplus docker-loader[33385]: [16:59:37:586][I][BC] [SessionHandler] Timeout checker thread started (mqtt_timeout: 60s, session_timeout: 120s)
    Aug 10 17:01:34 qcells-emsplus docker-loader[33385]: [16:59:37:586][I][BC] [TimeoutChecker] Thread running
    Aug 10 17:01:34 qcells-emsplus docker-loader[33385]: [16:59:37:586][I][BC] [GATT] SessionHandler configured for BLE service
    Aug 10 17:01:34 qcells-emsplus docker-loader[33385]: [16:59:37:587][I][BC] [AUTH] QR secret set (18 bytes)
    Aug 10 17:01:34 qcells-emsplus docker-loader[33385]: [16:59:37:587][I][BC] [AUTH] QR secret (product_serial_number) injected into BLE security manager
    Aug 10 17:01:34 qcells-emsplus docker-loader[33385]: [16:59:37:587][I][BC] [BlueZ] entered asynchronous event loop
    Aug 10 17:01:34 qcells-emsplus docker-loader[33385]: [16:59:37:587][I][BC] [GATT] Registering GATT application with BlueZ...
    Aug 10 17:01:34 qcells-emsplus docker-loader[33385]: [16:59:37:587][I][BC] [GATT] Calling RegisterApplication on GattManager1
    Aug 10 17:01:34 qcells-emsplus docker-loader[33385]: [16:59:37:592][I][BC] [PAIRING] Agent registration initiated
    Aug 10 17:01:34 qcells-emsplus docker-loader[33385]: [16:59:37:593][I][BC] [BLE] All services initialized and ready
    Aug 10 17:01:34 qcells-emsplus docker-loader[33385]: [16:59:37:603][I][ER] handle_noti_ready source: ble_commissioning
    Aug 10 17:01:34 qcells-emsplus docker-loader[33385]: [16:59:37:603][I][ER] Checking and executing dependencies for all applications
    Aug 10 17:01:34 qcells-emsplus docker-loader[33385]: [16:59:37:603][I][ER] start_child_app started : gridprofile_manager
    Aug 10 17:01:34 qcells-emsplus docker-loader[33385]: [16:59:37:604][I][ER] Spawn App: gridprofile_manager
    Aug 10 17:01:34 qcells-emsplus docker-loader[33385]: [16:59:37:604][I][ER] app_fork - pid: 277
    Aug 10 17:01:34 qcells-emsplus docker-loader[33385]: [16:59:37:604][I][ER] start_child_app started : virtual_link
    Aug 10 17:01:34 qcells-emsplus docker-loader[33385]: [16:59:37:605][I][ER] Spawn App: virtual_link
    Aug 10 17:01:34 qcells-emsplus docker-loader[33385]: [16:59:37:606][I][ER] app_fork - pid: 278
    Aug 10 17:01:34 qcells-emsplus docker-loader[33385]: [16:59:37:630][I][VL] App is ready
    Aug 10 17:01:34 qcells-emsplus docker-loader[33385]: [16:59:37:629][I][GM] App is ready
    Aug 10 17:01:34 qcells-emsplus docker-loader[33385]: [16:59:37:631][I][BC] [PAIRING] Agent registered — requesting default agent
    Aug 10 17:01:34 qcells-emsplus docker-loader[33385]: [16:59:37:813][I][BC] [GATT] Registration succeeded!
    Aug 10 17:01:34 qcells-emsplus docker-loader[33385]: [16:59:37:814][I][BC] [PAIRING] Default agent set — ready for Just Works pairing
    Aug 10 17:01:34 qcells-emsplus docker-loader[33385]: [16:59:38:057][I][BC] [ADV] Advertising STARTED (name: qcells-ble000000000000000000, type: peripheral)
    Aug 10 17:01:34 qcells-emsplus docker-loader[33385]: [16:59:38:210][I][BC] [RegistermapDataMgr] Register map updated: version=1, schemaVersion=1.0.0, protocolVersion(can/spi/installDoc/jf2)=0.99/1.02/1.67/2.8.4.8, 3 maps: qcells_mcu(4 groups), qcells_ess_g4(2 groups), qcells_mpu(4 groups)
    Aug 10 17:01:34 qcells-emsplus docker-loader[33385]: [16:59:38:234][I][BC] SiteJsonData cache built: 3 maps, 1402 registers, 8179 metrics
    Aug 10 17:01:34 qcells-emsplus docker-loader[33385]: [16:59:38:384][W][BC] [MQTT:BleCommissioningManager::handle_response] unhandled service: get_register_map_json
    Aug 10 17:01:34 qcells-emsplus docker-loader[33385]: [16:59:38:428][W][BC] [Parser] No session found for TID: ble_commissioning_4 (may have timed out or already processed)
    Aug 10 17:01:34 qcells-emsplus docker-loader[33385]: [16:59:38:459][I][WI] [runStepWithRetry] checkAllAppsReadyStatus: Attempt 10/30
    Aug 10 17:01:34 qcells-emsplus docker-loader[33385]: [16:59:38:460][I][WI] [PlatformService:getAllAppsReadyStatus] Getting all apps ready status
    Aug 10 17:01:34 qcells-emsplus docker-loader[33385]: [16:59:38:465][I][ER] handle_req_all_apps_ready_status
    Aug 10 17:01:34 qcells-emsplus docker-loader[33385]: [16:59:38:470][I][WI] [PlatformService:getAllAppsReadyStatus] All apps are ready status: {"is_ready":false}
    Aug 10 17:01:34 qcells-emsplus docker-loader[33385]: [16:59:38:471][W][WI] [runStepWithRetry] checkAllAppsReadyStatus: Attempt 10 failed: All apps are not yet ready
    Aug 10 17:01:34 qcells-emsplus docker-loader[33385]: [16:59:38:472][I][WI] [runStepWithRetry] checkAllAppsReadyStatus: Retrying in 1s...
    Aug 10 17:01:34 qcells-emsplus docker-loader[33385]: [16:59:38:649][I][GM] Connected to MQTT broker
    Aug 10 17:01:34 qcells-emsplus docker-loader[33385]: [16:59:38:655][I][GM] Request handlers registered from cloud_broker: send_d2c_message, register_message_type, dispatch_direct_method, forward_iothub_message, request_pull_context
    Aug 10 17:01:34 qcells-emsplus docker-loader[33385]: [16:59:38:655][I][GM] Request handlers registered from diag_monitor: set_ems_fault
    Aug 10 17:01:34 qcells-emsplus docker-loader[33385]: [16:59:38:742][I][VL] Connected to MQTT broker
    Aug 10 17:01:34 qcells-emsplus docker-loader[33385]: [16:59:38:745][W][VL] VL config not found: /edge/app/files/commonfile/vl_config.json, using defaults (TPO)
    Aug 10 17:01:34 qcells-emsplus docker-loader[33385]: [16:59:38:748][I][VL] Request handlers registered from cloud_broker: send_d2c_message, register_message_type, dispatch_direct_method, forward_iothub_message, request_pull_context
    Aug 10 17:01:34 qcells-emsplus docker-loader[33385]: [16:59:38:748][I][VL] Request handlers registered from diag_monitor: set_ems_fault
    Aug 10 17:01:34 qcells-emsplus docker-loader[33385]: [16:59:38:856][I][GM] Initial Grid_Code_ess: 840002
    Aug 10 17:01:34 qcells-emsplus docker-loader[33385]: [16:59:38:857][I][GM] Initial Grid_Code_mi: 840002
    Aug 10 17:01:34 qcells-emsplus docker-loader[33385]: [16:59:38:884][I][GM] DB initialization completed: all system_settings, persistent_states, and device_info are loaded
    Aug 10 17:01:35 qcells-emsplus docker-loader[33385]: [16:59:38:884][I][GM] log_level_gm=1
    Aug 10 17:01:35 qcells-emsplus docker-loader[33385]: [16:59:38:886][I][ER] handle_noti_ready source: gridprofile_manager
    Aug 10 17:01:35 qcells-emsplus docker-loader[33385]: [16:59:38:886][I][ER] Checking and executing dependencies for all applications
    Aug 10 17:01:35 qcells-emsplus docker-loader[33385]: [16:59:38:887][I][GM] GridProfileManager started, grid profile dir: /edge/app/files/grid_profiles
    Aug 10 17:01:35 qcells-emsplus docker-loader[33385]: [16:59:38:922][I][DL] [RegistermapDataMgr] Register map updated: version=1, schemaVersion=1.0.0, protocolVersion(can/spi/installDoc/jf2)=0.99/1.02/1.67/2.8.4.8, 3 maps: qcells_mcu(4 groups), qcells_ess_g4(2 groups), qcells_mpu(4 groups)
    Aug 10 17:01:35 qcells-emsplus docker-loader[33385]: [16:59:38:923][I][DL] Site data is ready
    Aug 10 17:01:35 qcells-emsplus docker-loader[33385]: [16:59:38:923][I][DL] [updateMiTotalCountFromDeviceInfo] MI Total Count: 0
    Aug 10 17:01:35 qcells-emsplus docker-loader[33385]: [16:59:38:924][I][SM] Internet status requested by device_log
    Aug 10 17:01:35 qcells-emsplus docker-loader[33385]: [16:59:38:924][I][SM] [IPC pub res] tid=device_log_5 {"error_code":"NONE","payload":{"data":{"failure_count":0,"is_internet_connected":true,"is_valid":true,"last_check_time":1786348768,"response_time_ms":33.0,"success_count":2,"timestamp":1786348768},"status":"success"}}
    Aug 10 17:01:35 qcells-emsplus docker-loader[33385]: [16:59:38:926][I][DL] PMU_Fault Global Error Flag SET! (fault seq 0)
    Aug 10 17:01:35 qcells-emsplus docker-loader[33385]: [16:59:38:927][I][DL] Fault triggered: qcells_mcu/read/PMU_Monitoring_Data_02/System_Alarm value=1099511627776 -> PMU_Fault
    Aug 10 17:01:35 qcells-emsplus docker-loader[33385]: [16:59:38:927][I][DL] Internet status: Connected (failure_count=0, success_count=2)
    Aug 10 17:01:35 qcells-emsplus docker-loader[33385]: [16:59:38:934][I][DL] DeviceLog::logIdleThread started
    Aug 10 17:01:35 qcells-emsplus docker-loader[33385]: [16:59:38:960][I][DL] SiteJsonData cache built: 3 maps, 1402 registers, 8179 metrics
    Aug 10 17:01:35 qcells-emsplus docker-loader[33385]: [16:59:38:960][W][DL] Unhandled response service: get_register_map_json
    Aug 10 17:01:35 qcells-emsplus docker-loader[33385]: [16:59:38:983][I][GM] Configuration updated via update_configuration
    Aug 10 17:01:35 qcells-emsplus docker-loader[33385]: [16:59:39:066][I][UM] Socket connection established
    Aug 10 17:01:35 qcells-emsplus docker-loader[33385]: [16:59:39:066][I][UM] SWUpdate Progress Information:
    Aug 10 17:01:35 qcells-emsplus docker-loader[33385]: [16:59:39:066][I][UM]   Progress    : 0%
    Aug 10 17:01:35 qcells-emsplus docker-loader[33385]: [16:59:39:066][I][UM]   Step        : 0/0
    Aug 10 17:01:35 qcells-emsplus docker-loader[33385]: [16:59:39:066][I][UM]   Image       :
    Aug 10 17:01:35 qcells-emsplus docker-loader[33385]: [16:59:39:066][I][UM]   Status Code : INVALID
    Aug 10 17:01:35 qcells-emsplus docker-loader[33385]: [16:59:39:066][I][UM] Publishing SWUpdate progress via MQTT:
    Aug 10 17:01:35 qcells-emsplus docker-loader[33385]: [16:59:39:066][I][UM]   Status: 4932417
    Aug 10 17:01:35 qcells-emsplus docker-loader[33385]: [16:59:39:066][I][UM]   Progress: 0%
    Aug 10 17:01:35 qcells-emsplus docker-loader[33385]: [16:59:39:068][W][ET] Unknown service for notification: swupdate_progress
    Aug 10 17:01:35 qcells-emsplus docker-loader[33385]: [16:59:39:071][W][DI] Unknown service for notification: swupdate_progress
    Aug 10 17:01:35 qcells-emsplus docker-loader[33385]: [16:59:39:072][W][ED] Unknown service for notification: swupdate_progress
    Aug 10 17:01:35 qcells-emsplus docker-loader[33385]: [16:59:39:076][W][RT] Unknown service for notification: swupdate_progress
    Aug 10 17:01:35 qcells-emsplus docker-loader[33385]: [16:59:39:076][W][DL] Unknown service for notification: swupdate_progress
    Aug 10 17:01:35 qcells-emsplus docker-loader[33385]: [16:59:39:473][I][WI] [runStepWithRetry] checkAllAppsReadyStatus: Attempt 11/30
    Aug 10 17:01:35 qcells-emsplus docker-loader[33385]: [16:59:39:474][I][WI] [PlatformService:getAllAppsReadyStatus] Getting all apps ready status
    Aug 10 17:01:35 qcells-emsplus docker-loader[33385]: [16:59:39:491][I][ER] handle_req_all_apps_ready_status
    Aug 10 17:01:35 qcells-emsplus docker-loader[33385]: [16:59:39:495][I][WI] [PlatformService:getAllAppsReadyStatus] All apps are ready status: {"is_ready":false}
    Aug 10 17:01:35 qcells-emsplus docker-loader[33385]: [16:59:39:496][W][WI] [runStepWithRetry] checkAllAppsReadyStatus: Attempt 11 failed: All apps are not yet ready
    Aug 10 17:01:35 qcells-emsplus docker-loader[33385]: [16:59:39:497][I][WI] [runStepWithRetry] checkAllAppsReadyStatus: Retrying in 1s...
    Aug 10 17:01:35 qcells-emsplus docker-loader[33385]: [16:59:39:702][I][VL] Log level: 1
    Aug 10 17:01:35 qcells-emsplus docker-loader[33385]: [16:59:39:702][I][VL] simulation_mode=OFF
    Aug 10 17:01:35 qcells-emsplus docker-loader[33385]: [16:59:39:702][I][VL] system_settings_loaded completed
    Aug 10 17:01:35 qcells-emsplus docker-loader[33385]: [16:59:39:704][I][VL] DB initialization completed: all system_settings, persistent_states, and device_info are loaded
    Aug 10 17:01:35 qcells-emsplus docker-loader[33385]: [16:59:39:707][I][VL] VirtualLink started
    Aug 10 17:01:35 qcells-emsplus docker-loader[33385]: [16:59:39:707][I][ER] handle_noti_ready source: virtual_link
    Aug 10 17:01:35 qcells-emsplus docker-loader[33385]: [16:59:39:709][I][BC] All apps ready
    Aug 10 17:01:35 qcells-emsplus docker-loader[33385]: [16:59:39:711][W][ET] Unknown service for notification: iothub_device_certificate_validation
    Aug 10 17:01:35 qcells-emsplus docker-loader[33385]: [16:59:39:714][W][ED] Unknown service for notification: iothub_device_certificate_validation
    Aug 10 17:01:35 qcells-emsplus docker-loader[33385]: [16:59:39:714][W][RT] Unknown service for notification: iothub_device_certificate_validation
    Aug 10 17:01:35 qcells-emsplus docker-loader[33385]: [16:59:39:714][W][DI] Unknown service for notification: iothub_device_certificate_validation
    Aug 10 17:01:35 qcells-emsplus docker-loader[33385]: [16:59:39:714][W][DL] Unknown service for notification: iothub_device_certificate_validation
    Aug 10 17:01:35 qcells-emsplus docker-loader[33385]: [16:59:39:714][I][AZ] [AzureConnector] Device certificate validation published: is_valid=true
    Aug 10 17:01:35 qcells-emsplus docker-loader[33385]: [16:59:39:715][W][UM] Unknown service for notification: iothub_device_certificate_validation
    Aug 10 17:01:35 qcells-emsplus docker-loader[33385]: [16:59:39:719][I][CB] NOTI_ALL_APPS_READY received
    Aug 10 17:01:35 qcells-emsplus docker-loader[33385]: [16:59:39:719][I][DB] Message type registration sent to cloud uplink provider (4 types)
    Aug 10 17:01:35 qcells-emsplus docker-loader[33385]: [16:59:39:719][I][DB] [DbManager] Configuration valid; clearing fault E03901W
    Aug 10 17:01:35 qcells-emsplus docker-loader[33385]: [16:59:39:719][W][CB] push_identity_to_azure_connector: edge_device_id not ready, skipping
    Aug 10 17:01:35 qcells-emsplus docker-loader[33385]: [16:59:39:719][I][CB] subscribed db_manager -> messageType=SyncConfigurationSuccessResponse
    Aug 10 17:01:35 qcells-emsplus docker-loader[33385]: [16:59:39:719][I][CB] subscribed db_manager -> messageType=SyncConfigurationErrorResponse
    Aug 10 17:01:35 qcells-emsplus docker-loader[33385]: [16:59:39:719][I][CB] subscribed db_manager -> messageType=SyncRegisterMapSuccessResponse
    Aug 10 17:01:35 qcells-emsplus docker-loader[33385]: [16:59:39:719][I][CB] subscribed db_manager -> messageType=SyncRegisterMapErrorResponse
    Aug 10 17:01:35 qcells-emsplus docker-loader[33385]: [16:59:39:721][I][DL] All apps ready
    Aug 10 17:01:35 qcells-emsplus docker-loader[33385]: [16:59:39:722][I][DB] [DbManager] Register map schema valid; clearing fault E04001W
    Aug 10 17:01:35 qcells-emsplus docker-loader[33385]: [16:59:39:722][I][DI] [handle_request_set_ems_fault]
    Aug 10 17:01:35 qcells-emsplus docker-loader[33385]: [16:59:39:722][I][DI] EMS fault from db_manager: E03901W
    Aug 10 17:01:35 qcells-emsplus docker-loader[33385]: [16:59:39:722][I][DI] [publish_fault_changes]
    Aug 10 17:01:35 qcells-emsplus docker-loader[33385]: [16:59:39:723][I][DM] All apps are ready
    Aug 10 17:01:35 qcells-emsplus docker-loader[33385]: [16:59:39:723][I][DM] [LinkFault] flushing deferred fault: CAN
    Aug 10 17:01:35 qcells-emsplus docker-loader[33385]: [16:59:39:724][W][DM] [LinkFault] product_serial_info has no valid kind/generation: {}
    Aug 10 17:01:35 qcells-emsplus docker-loader[33385]: [16:59:39:726][I][DI] [handle_request_set_ems_fault]
    Aug 10 17:01:35 qcells-emsplus docker-loader[33385]: [16:59:39:726][I][DI] EMS fault from db_manager: E04001W
    Aug 10 17:01:35 qcells-emsplus docker-loader[33385]: [16:59:39:727][I][DI] [publish_fault_changes]
    Aug 10 17:01:35 qcells-emsplus docker-loader[33385]: [16:59:39:728][W][DI] Unknown service for notification: all_apps_ready
    Aug 10 17:01:35 qcells-emsplus docker-loader[33385]: [16:59:39:729][W][ED] Unknown service for notification: all_apps_ready
    Aug 10 17:01:35 qcells-emsplus docker-loader[33385]: [16:59:39:730][I][DI] [handle_request_set_ems_fault]
    Aug 10 17:01:35 qcells-emsplus docker-loader[33385]: [16:59:39:730][I][DI] EMS fault from device_manager: E00201F
    Aug 10 17:01:35 qcells-emsplus docker-loader[33385]: [16:59:39:731][I][DI] EMS fault OCCURRED: E00201F
    Aug 10 17:01:35 qcells-emsplus docker-loader[33385]: [16:59:39:731][I][DI] [publish_fault_changes]
    Aug 10 17:01:35 qcells-emsplus docker-loader[33385]: [16:59:39:731][I][DI] Fault state changed: 1 changes
    Aug 10 17:01:35 qcells-emsplus docker-loader[33385]: [16:59:39:731][I][DI]   OCCURRED code=E00201F serial=000000000000000000
    Aug 10 17:01:35 qcells-emsplus docker-loader[33385]: [16:59:39:731][I][DI] [save_fault_history]
    Aug 10 17:01:35 qcells-emsplus docker-loader[33385]: [16:59:39:734][I][DM] [LinkFault] CAN -> E00201F OCCURRED
    Aug 10 17:01:35 qcells-emsplus docker-loader[33385]: [16:59:39:736][I][EL] Registered wrapper app: device_manager
    Aug 10 17:01:35 qcells-emsplus docker-loader[33385]: [16:59:39:737][W][ET] Unknown service for notification: all_apps_ready
    Aug 10 17:01:35 qcells-emsplus docker-loader[33385]: [16:59:39:738][I][VL] Registered wrapper app: device_manager
    Aug 10 17:01:35 qcells-emsplus docker-loader[33385]: [16:59:39:738][I][DM] Registered as wrapper to energy_link and virtual_link
    Aug 10 17:01:35 qcells-emsplus docker-loader[33385]: [16:59:39:739][I][DM] wrapper registration confirmed by energy_link
    Aug 10 17:01:35 qcells-emsplus docker-loader[33385]: [16:59:39:740][I][DM] wrapper registration confirmed by virtual_link
    Aug 10 17:01:35 qcells-emsplus docker-loader[33385]: [16:59:39:743][I][CB] siteId not set, skipping ReportFaultNoti
    Aug 10 17:01:35 qcells-emsplus docker-loader[33385]: [16:59:39:744][W][DM] Unknown service for response: set_ems_fault
    Aug 10 17:01:35 qcells-emsplus docker-loader[33385]: [16:59:39:747][W][DI] Unknown service for response: send_d2c_message
    Aug 10 17:01:35 qcells-emsplus docker-loader[33385]: [16:59:39:751][I][SM] [EmsFault] publish gate opened (NOTI_ALL_APPS_READY received) — diag_monitor should now be subscribed
    Aug 10 17:01:35 qcells-emsplus docker-loader[33385]: [16:59:39:753][I][UM] All apps ready notification received
    Aug 10 17:01:35 qcells-emsplus docker-loader[33385]: [16:59:39:754][I][ER] send_ready_led_control()
    Aug 10 17:01:35 qcells-emsplus docker-loader[33385]: [16:59:39:754][I][SM] Host command requested by edge_runtime
    Aug 10 17:01:35 qcells-emsplus docker-loader[33385]: [16:59:39:755][I][SM] Executing host command: fw_setenv bootcnt 0 (timeout: 5s)
    Aug 10 17:01:35 qcells-emsplus docker-loader[33385]: [16:59:39:756][I][CB] subscribed update_monitor -> messageType=CreateTokenSuccessResponse
    Aug 10 17:01:35 qcells-emsplus docker-loader[33385]: [16:59:39:755][I][UM] Message type registration sent to cloud uplink provider (2 types)
    Aug 10 17:01:35 qcells-emsplus docker-loader[33385]: [16:59:39:755][I][UM] Checking for interrupted updates that need recovery...
    Aug 10 17:01:35 qcells-emsplus docker-loader[33385]: [16:59:39:755][I][UM] ========================================
    Aug 10 17:01:35 qcells-emsplus docker-loader[33385]: [16:59:39:755][I][UM]  CHECKING FOR INTERRUPTED UPDATES
    Aug 10 17:01:35 qcells-emsplus docker-loader[33385]: [16:59:39:755][I][UM] ========================================
    Aug 10 17:01:35 qcells-emsplus docker-loader[33385]: [16:59:39:756][I][UM] No recovery state directory found. Skipping recovery check.
    Aug 10 17:01:35 qcells-emsplus docker-loader[33385]: [16:59:39:756][I][CB] subscribed update_monitor -> messageType=CreateTokenErrorResponse
    Aug 10 17:01:35 qcells-emsplus docker-loader[33385]: [16:59:39:757][I][ER] Checking and executing dependencies for all applications
    Aug 10 17:01:35 qcells-emsplus docker-loader[33385]: [16:59:39:759][W][UM] Unknown service for response: register_message_type
    Aug 10 17:01:35 qcells-emsplus docker-loader[33385]: [16:59:39:761][I][GM] [RegistermapDataMgr] Register map updated: version=1, schemaVersion=1.0.0, protocolVersion(can/spi/installDoc/jf2)=0.99/1.02/1.67/2.8.4.8, 3 maps: qcells_mcu(4 groups), qcells_ess_g4(2 groups), qcells_mpu(4 groups)
    Aug 10 17:01:35 qcells-emsplus docker-loader[33385]: [16:59:39:779][I][SM] [IPC pub res] tid=edge_runtime_5 {"error_code":"NONE","payload":{"cmd":"fw_setenv bootcnt 0","exit_code":0,"message":"","status":"success"}}
    Aug 10 17:01:35 qcells-emsplus docker-loader[33385]: [16:59:39:788][I][ER] Host OS boot count reset completed
    Aug 10 17:01:35 qcells-emsplus docker-loader[33385]: [16:59:39:794][I][GM] SiteJsonData cache built: 3 maps, 1402 registers, 8179 metrics
    Aug 10 17:01:36 qcells-emsplus docker-loader[33385]: [16:59:39:802][I][VL] Configuration updated via update_configuration
    Aug 10 17:01:36 qcells-emsplus docker-loader[33385]: [16:59:39:810][I][SM] [IPC pub res] tid=edge_runtime_6 {"error_code":"NONE","payload":{"message":"LED control applied successfully","status":"success"}}
    Aug 10 17:01:36 qcells-emsplus docker-loader[33385]: [16:59:39:812][I][ER] LED control completed result :1
    Aug 10 17:01:36 qcells-emsplus docker-loader[33385]: [16:59:40:498][I][WI] [runStepWithRetry] checkAllAppsReadyStatus: Attempt 12/30
    Aug 10 17:01:36 qcells-emsplus docker-loader[33385]: [16:59:40:499][I][WI] [PlatformService:getAllAppsReadyStatus] Getting all apps ready status
    Aug 10 17:01:36 qcells-emsplus docker-loader[33385]: [16:59:40:505][I][ER] handle_req_all_apps_ready_status
    Aug 10 17:01:36 qcells-emsplus docker-loader[33385]: [16:59:40:509][I][WI] [PlatformService:getAllAppsReadyStatus] All apps are ready status: {"is_ready":true}
    Aug 10 17:01:36 qcells-emsplus docker-loader[33385]: [16:59:40:510][I][WI] [runStepWithRetry] checkAllAppsReadyStatus: Success.
    Aug 10 17:01:36 qcells-emsplus docker-loader[33385]: [16:59:40:511][I][WI] [runStepWithRetry] platformService.initialize: Attempt 1/30
    Aug 10 17:01:36 qcells-emsplus docker-loader[33385]: [16:59:40:512][I][WI] [PlatformService:initialize] Requesting platform store...
    Aug 10 17:01:36 qcells-emsplus docker-loader[33385]: [16:59:40:550][I][SM] Platform info requested by web_interface
    Aug 10 17:01:36 qcells-emsplus docker-loader[33385]: [16:59:40:570][I][SM] [IPC pub res] tid=web_interface:mqtt-response-manager:12 {"error_code":"NONE","payload":{"data":{"build_date":"2026/08/07 05:25:58","build_host_date":"2026/08/07 05:25:58","build_host_model":"AC_SYSTEM_GEN2","build_host_type":"DEBUG","build_host_version":"X100807","build_main_tag":"DD2608070","build_model":"AC_SYSTEM_GEN2","build_type":"debug","build_version":"X100807","custom_fields":{"ARCHITECTURE":"arm64"},"distro_codename":"kirkstone","id":"qcells-edge","is_valid":true,"name":"QCells Edge","pretty_name":"QCells Edge 5.15-kirkstone (kirkstone)","version":"5.15-kirkstone (kirkstone)","version_id":"5.15-kirkstone"},"status":"success"}}
    Aug 10 17:01:36 qcells-emsplus docker-loader[33385]: [16:59:40:574][D][WI] [PlatformService:initializePlatformInfo] Platform info response: {"errorCode":200,"errorCodeName":"NONE","correlation":"web_interface:mqtt-response-manager:12","requestTarget":"sys_manager","requestService":"get_platform_info","requestMessage":"{}","requestTimestamp":"2026-08-10T16:59:40.514","responseMessage":{"data":{"build_date":"2026/08/07 05:25:58","build_host_date":"2026/08/07 05:25:58","build_host_model":"AC_SYSTEM_GEN2","build_host_type":"DEBUG","build_host_version":"X100807","build_main_tag":"DD2608070","build_model":"AC_SYSTEM_GEN2","build_type":"debug","build_version":"X100807","custom_fields":{"ARCHITECTURE":"arm64"},"distro_codename":"kirkstone","id":"qcells-edge","is_valid":true,"name":"QCells Edge","pretty_name":"QCells Edge 5.15-kirkstone (kirkstone)","version":"5.15-kirkstone (kirkstone)","version_id":"5.15-kirkstone"},"status":"success"},"responseTimestamp":"2026-08-10T16:59:40.572"}
    Aug 10 17:01:36 qcells-emsplus docker-loader[33385]: [16:59:40:576][I][WI] [PlatformService:initializePlatformInfo] Platform info initialized and HTTP service ready: {"build_date":"2026/08/07 05:25:58","build_model":"AC_SYSTEM_GEN2","build_type":"debug","build_version":"X100807"}
    Aug 10 17:01:36 qcells-emsplus docker-loader[33385]: [16:59:40:602][I][VL] [RegistermapDataMgr] Register map updated: version=1, schemaVersion=1.0.0, protocolVersion(can/spi/installDoc/jf2)=0.99/1.02/1.67/2.8.4.8, 3 maps: qcells_mcu(4 groups), qcells_ess_g4(2 groups), qcells_mpu(4 groups)
    Aug 10 17:01:36 qcells-emsplus docker-loader[33385]: [16:59:40:627][I][VL] SiteJsonData cache built: 3 maps, 1402 registers, 8179 metrics
    Aug 10 17:01:36 qcells-emsplus docker-loader[33385]: [16:59:41:225][W][ED] Unknown service for notification: changed_records
    Aug 10 17:01:36 qcells-emsplus docker-loader[33385]: [16:59:41:227][I][DI] [handle_noti_device_info_changed]
    Aug 10 17:01:36 qcells-emsplus docker-loader[33385]: [16:59:41:227][W][DI] Unknown service for notification: changed_records
    Aug 10 17:01:36 qcells-emsplus docker-loader[33385]: [16:59:41:238][I][CB] [PointInfoManager] SyncPointInfoRequest, points count: 1
    Aug 10 17:01:36 qcells-emsplus docker-loader[33385]: [16:59:41:254][W][DI] Unknown service for response: update_records
    Aug 10 17:01:36 qcells-emsplus docker-loader[33385]: [16:59:41:266][D][WI] [LogLevelStore] Log level response: {"errorCode":200,"errorCodeName":"NONE","correlation":"web_interface:mqtt-response-manager:13","requestTarget":"db_manager","requestService":"select_records","requestMessage":"{\"db\":\"edge_storage.db\",\"table\":\"system_setting\",\"keys\":[\"log_level_wi\"]}","requestTimestamp":"2026-08-10T16:59:40.578","responseMessage":{"db":"edge_storage.db","records":[{"key":"log_level_wi","type":1,"value":"1"}],"result":true,"table":"system_setting"},"responseTimestamp":"2026-08-10T16:59:41.263"}
    Aug 10 17:01:36 qcells-emsplus docker-loader[33385]: [16:59:41:270][I][WI] [LogLevelStore] Log level set to: info
    Aug 10 17:01:36 qcells-emsplus docker-loader[33385]: [16:59:41:272][I][WI] [PlatformService:initialize] Platform store initialized successfully
    Aug 10 17:01:36 qcells-emsplus docker-loader[33385]: [16:59:41:273][I][WI] [runStepWithRetry] platformService.initialize: Success.
    Aug 10 17:01:36 qcells-emsplus docker-loader[33385]: [16:59:41:275][I][WI] [runStepWithRetry] initializeAuthRepository: Attempt 1/1
    Aug 10 17:01:36 qcells-emsplus docker-loader[33385]: [16:59:41:277][I][WI] [initializeAuthRepository] Initializing auth repository...
    Aug 10 17:01:36 qcells-emsplus docker-loader[33385]: [16:59:41:279][I][WI] [loadAuthClientsFromEnv] Loading auth clients from environment variables
    Aug 10 17:01:36 qcells-emsplus docker-loader[33385]: [16:59:41:281][I][WI] [addClient] Auth Client added {"authKey":"qcells-readonly"}
    Aug 10 17:01:36 qcells-emsplus docker-loader[33385]: [16:59:41:283][I][WI] [runStepWithRetry] initializeAuthRepository: Success.
    Aug 10 17:01:36 qcells-emsplus docker-loader[33385]: [16:59:41:284][I][WI] [runStepWithRetry] initializeAuthTokenFailedAttempts: Attempt 1/10
    Aug 10 17:01:36 qcells-emsplus docker-loader[33385]: [16:59:41:286][W][UM] Unknown service for notification: changed_records
    Aug 10 17:01:36 qcells-emsplus docker-loader[33385]: [16:59:41:292][I][AZ] [RegistermapDataMgr] Register map updated: version=1, schemaVersion=1.0.0, protocolVersion(can/spi/installDoc/jf2)=0.99/1.02/1.67/2.8.4.8, 3 maps: qcells_mcu(4 groups), qcells_ess_g4(2 groups), qcells_mpu(4 groups)
    Aug 10 17:01:36 qcells-emsplus docker-loader[33385]: [16:59:41:315][W][WI] [AuthService] Failed attempts state has an unexpected shape, starting clean
    Aug 10 17:01:36 qcells-emsplus docker-loader[33385]: [16:59:41:316][I][WI] [runStepWithRetry] initializeAuthTokenFailedAttempts: Success.
    Aug 10 17:01:36 qcells-emsplus docker-loader[33385]: [16:59:41:317][I][WI] [runStepWithRetry] notifyWebInterfaceReady: Attempt 1/10
    Aug 10 17:01:36 qcells-emsplus docker-loader[33385]: [16:59:41:318][I][AZ] SiteJsonData cache built: 3 maps, 1402 registers, 8179 metrics
    Aug 10 17:01:36 qcells-emsplus docker-loader[33385]: [16:59:41:340][W][ED] Unknown service for notification: api_web_interface_ready
    Aug 10 17:01:36 qcells-emsplus docker-loader[33385]: [16:59:41:342][W][RT] Unknown service for notification: api_web_interface_ready
    Aug 10 17:01:36 qcells-emsplus docker-loader[33385]: [16:59:41:342][I][API] [handleApiWebInterfaceReady] API_WEB_INTERFACE_READY received
    Aug 10 17:01:36 qcells-emsplus docker-loader[33385]: [16:59:41:342][W][DL] Unknown service for notification: api_web_interface_ready
    Aug 10 17:01:36 qcells-emsplus docker-loader[33385]: [16:59:41:343][I][API] [handleApiWebInterfaceReady] All Apps are ready. Initializing product information...
    Aug 10 17:01:36 qcells-emsplus docker-loader[33385]: [16:59:41:345][I][API] [ProductService:initializeProductInformation] Initializing product information
    Aug 10 17:01:36 qcells-emsplus docker-loader[33385]: [16:59:41:346][W][DI] Unknown service for notification: api_web_interface_ready
    Aug 10 17:01:36 qcells-emsplus docker-loader[33385]: [16:59:41:347][W][ET] Unknown service for notification: api_web_interface_ready
    Aug 10 17:01:36 qcells-emsplus docker-loader[33385]: [16:59:41:348][I][API] [ProductService:getProtocolList] Getting protocol list
    Aug 10 17:01:36 qcells-emsplus docker-loader[33385]: [16:59:41:353][W][UM] Unknown service for notification: api_web_interface_ready
    Aug 10 17:01:36 qcells-emsplus docker-loader[33385]: [16:59:41:356][I][WI] [runStepWithRetry] notifyWebInterfaceReady: Success.
    Aug 10 17:01:36 qcells-emsplus docker-loader[33385]: [16:59:41:357][I][WI] [bootSystem] System boot completed successfully!
    Aug 10 17:01:36 qcells-emsplus docker-loader[33385]: [16:59:41:361][I][WI] [WsMqttBridge:bindServiceHandler] Binding service handler: subscribe
    Aug 10 17:01:36 qcells-emsplus docker-loader[33385]: [16:59:41:362][I][WI] [WsMqttBridge:bindServiceHandler] Service handler bound for: subscribe
    Aug 10 17:01:36 qcells-emsplus docker-loader[33385]: [16:59:41:362][I][WI] [WsMqttBridge:bindServiceHandler] Binding service handler: unsubscribe
    Aug 10 17:01:36 qcells-emsplus docker-loader[33385]: [16:59:41:363][I][WI] [WsMqttBridge:bindServiceHandler] Service handler bound for: unsubscribe
    Aug 10 17:01:36 qcells-emsplus docker-loader[33385]: [16:59:41:364][I][WI] [WsMqttBridge:bindServiceHandler] Binding service handler: mqtt-request
    Aug 10 17:01:36 qcells-emsplus docker-loader[33385]: [16:59:41:365][I][WI] [WsMqttBridge:bindServiceHandler] Service handler bound for: mqtt-request
    Aug 10 17:01:36 qcells-emsplus docker-loader[33385]: [16:59:41:365][I][WI] [WsMqttBridge:bindServiceHandler] Binding service handler: response
    Aug 10 17:01:36 qcells-emsplus docker-loader[33385]: [16:59:41:366][I][WI] [WsMqttBridge:bindServiceHandler] Service handler bound for: response
    Aug 10 17:01:36 qcells-emsplus docker-loader[33385]: [16:59:41:367][I][WI] [WsMqttBridge:bindServiceHandler] Binding service handler: cached-memory
    Aug 10 17:01:36 qcells-emsplus docker-loader[33385]: [16:59:41:368][I][WI] [WsMqttBridge:bindServiceHandler] Service handler bound for: cached-memory
    Aug 10 17:01:36 qcells-emsplus docker-loader[33385]: [16:59:41:369][I][WI] [WebSocketServer:bindOnMessageHandler] Message handler bound: ws-mqtt-bridge
    Aug 10 17:01:36 qcells-emsplus docker-loader[33385]: [16:59:41:369][I][DM] handle_get_protocol_list
    Aug 10 17:01:36 qcells-emsplus docker-loader[33385]: [16:59:41:371][I][WI] [WebSocketServer:bindOnCloseHandler] Close handler bound: ws-mqtt-bridge
    Aug 10 17:01:36 qcells-emsplus docker-loader[33385]: [16:59:41:372][I][WI] [WebSocketServer:useMiddleware] Middleware handler bound.
    Aug 10 17:01:36 qcells-emsplus docker-loader[33385]: [16:59:41:373][I][WI] [WebSocketServer:useMiddleware] Middleware handler bound.
    Aug 10 17:01:36 qcells-emsplus docker-loader[33385]: [16:59:41:378][I][WI] [WebSocketServer:useMiddleware] Middleware handler bound.
    Aug 10 17:01:36 qcells-emsplus docker-loader[33385]: [16:59:41:379][I][WI] [WsMqttBridge:bindServiceHandler] Binding service handler: auth-token
    Aug 10 17:01:36 qcells-emsplus docker-loader[33385]: [16:59:41:379][I][WI] [WsMqttBridge:bindServiceHandler] Service handler bound for: auth-token
    Aug 10 17:01:36 qcells-emsplus docker-loader[33385]: [16:59:41:383][I][WI] [WebSocketServer:start] WebSocket Secure (WSS) server started. already listening.
    Aug 10 17:01:36 qcells-emsplus docker-loader[33385]: [16:59:41:383][I][API] [ProductService:getProtocolList] Protocol list found: [{"protocol":"QcellsSPI","rid":"bdeaca72-cffd-45ec-9d1b-bdab714c3673"},{"protocol":"CAN","rid":"d084d68a-5204-4617-92f6-6c95a7d7278f"}]
    Aug 10 17:01:36 qcells-emsplus docker-loader[33385]: [16:59:41:385][I][API] [ProductService:getProtocolList] Protocol main SPI RID: bdeaca72-cffd-45ec-9d1b-bdab714c3673
    Aug 10 17:01:36 qcells-emsplus docker-loader[33385]: [16:59:41:386][I][API] [ProductService:getProtocolList] Protocol main CAN RID: d084d68a-5204-4617-92f6-6c95a7d7278f
    Aug 10 17:01:36 qcells-emsplus docker-loader[33385]: [16:59:41:391][I][API] [ProductService:getProductSerialNumberFromDB] Getting product serial number from database
    Aug 10 17:01:36 qcells-emsplus docker-loader[33385]: [16:59:41:395][I][WI] [notificationHandler] API_WEB_INTERFACE_READY is completed {"build_date":"2026/08/07 05:25:58","build_model":"AC_SYSTEM_GEN2","build_type":"debug","build_version":"X100807"}
    Aug 10 17:01:36 qcells-emsplus docker-loader[33385]: [16:59:41:397][I][API] [ProductService:getFactoryResetStatusFromDB] Getting factory reset status from database
    Aug 10 17:01:36 qcells-emsplus docker-loader[33385]: [16:59:41:402][I][API] [ProductService:getMpuInformationFromEeprom] Getting MPU information from eeprom
    Aug 10 17:01:36 qcells-emsplus docker-loader[33385]: [16:59:41:405][I][API] [ProductService:getMcuInformation] Getting MCU Information from SPI register address: 0x00008000, Main SPI RID: bdeaca72-cffd-45ec-9d1b-bdab714c3673
    Aug 10 17:01:36 qcells-emsplus docker-loader[33385]: [16:59:41:415][I][SM] EEPROM info requested by ac_gen2_api
    Aug 10 17:01:36 qcells-emsplus docker-loader[33385]: [16:59:41:427][I][API] [ProductService:getProductSerialNumberFromDB] Product serial number found: 000000000000000000
    Aug 10 17:01:36 qcells-emsplus docker-loader[33385]: [16:59:41:429][I][API] [ProductService:getFactoryResetStatusFromDB] Factory reset status found: false
    Aug 10 17:01:37 qcells-emsplus docker-loader[33385]: [16:59:41:433][I][API] [PlatformStore:applyLogLevel] Log level set to: info
    Aug 10 17:01:37 qcells-emsplus docker-loader[33385]: [16:59:41:448][I][API] [ProductService:getMcuInformation] MCU Information stored: {"SPI_Map_Version":"97","ST8500_PE_FW_Version":"0x1861160A","ST8500_RTE_FW_Version":"0x20100","MCU_Flash_All_Checksum":"0x4D5D1DA","MCU_Boot_FW_VERSION":"0xEB005001","MCU_FW_VERSION":"0x5A020143"}
    Aug 10 17:01:37 qcells-emsplus docker-loader[33385]: [16:59:41:517][I][SM] [IPC pub res] tid=ac_gen2_api:mqtt-response-manager:3 {"error_code":"NONE","payload":{"data":{"major_revision":"0.00","product_name":"","product_option1":"","product_option2":"","production_date":"255/BAD/65535","serial_number":"P321211F0019"},"status":"success"}}
    Aug 10 17:01:37 qcells-emsplus docker-loader[33385]: [16:59:41:520][W][API] [ProductService:getMpuInformationFromEeprom] Invalid MPU information: {"major_revision":"0.00","product_name":"","product_option1":"","product_option2":"","production_date":"255/BAD/65535","serial_number":"P321211F0019"}
    Aug 10 17:01:37 qcells-emsplus docker-loader[33385]: [16:59:41:521][I][API] [ProductService:initializeProductInformation] Product information initialized: ["000000000000000000",false,{"major_revision":"","production_date":"","serial_number":"","product_name":"","product_option1":"","product_option2":""},{"SPI_Map_Version":"97","ST8500_PE_FW_Version":"0x1861160A","ST8500_RTE_FW_Version":"0x20100","MCU_Flash_All_Checksum":"0x4D5D1DA","MCU_Boot_FW_VERSION":"0xEB005001","MCU_FW_VERSION":"0x5A020143"},null]
    Aug 10 17:01:37 qcells-emsplus docker-loader[33385]: [16:59:41:523][I][API] [sendApiReadyToPlatform] AC System GEN2 API is ready. Sending AC GEN2 API Information to Web Interface...
    Aug 10 17:01:37 qcells-emsplus docker-loader[33385]: [16:59:41:527][I][API] [PlatformStore:sendAuthClient] Sending auth client to web interface
    Aug 10 17:01:37 qcells-emsplus docker-loader[33385]: [16:59:41:570][I][WI] [addClient] Auth Client added {"authKey":"qcells-api"}
    Aug 10 17:01:37 qcells-emsplus docker-loader[33385]: [16:59:41:573][I][WI] [WsMqttBridge:handleMqttWsMessage] Ignoring message type: req service: api_set_auth_client
    Aug 10 17:01:37 qcells-emsplus docker-loader[33385]: [16:59:41:576][I][API] [PlatformStore:sendAuthClient] Auth client sent: qcells-api
    Aug 10 17:01:37 qcells-emsplus docker-loader[33385]: [16:59:41:577][I][API] [PlatformStore:sendAuthClient] Sending auth client to web interface
    Aug 10 17:01:37 qcells-emsplus docker-loader[33385]: [16:59:41:620][I][WI] [addClient] Auth Client added {"authKey":"qcells-factory"}
    Aug 10 17:01:37 qcells-emsplus docker-loader[33385]: [16:59:41:624][I][WI] [WsMqttBridge:handleMqttWsMessage] Ignoring message type: req service: api_set_auth_client
    Aug 10 17:01:37 qcells-emsplus docker-loader[33385]: [16:59:41:664][I][API] [PlatformStore:sendAuthClient] Auth client sent: qcells-factory
    Aug 10 17:01:37 qcells-emsplus docker-loader[33385]: [16:59:41:715][I][API] [PlatformStore:sendHMIClient] Registering HMI client: authKey=Engineer
    Aug 10 17:01:37 qcells-emsplus docker-loader[33385]: [16:59:41:716][I][API] [PlatformStore:sendAuthClient] Sending auth client to web interface
    Aug 10 17:01:37 qcells-emsplus docker-loader[33385]: [16:59:41:752][I][WI] [addClient] Auth Client added {"authKey":"Engineer"}
    Aug 10 17:01:37 qcells-emsplus docker-loader[33385]: [16:59:41:754][I][WI] [WsMqttBridge:handleMqttWsMessage] Ignoring message type: req service: api_set_auth_client
    Aug 10 17:01:37 qcells-emsplus docker-loader[33385]: [16:59:41:796][I][API] [PlatformStore:sendAuthClient] Auth client sent: Engineer
    Aug 10 17:01:37 qcells-emsplus docker-loader[33385]: [16:59:41:797][I][API] [PlatformStore:sendWhiteListToPlatform] Sending whitelist to platform
    Aug 10 17:01:37 qcells-emsplus docker-loader[33385]: [16:59:41:841][I][WI] [handleSetTokenWhitelist] Token whitelist appended: ["/api/docs","/api/factory/fct/mpu/datetime"] | current: ["/auth/token","/platform/info","/platform/docs","/favicon.ico","/health","/api/docs","/api/factory/fct/mpu/datetime"]
    Aug 10 17:01:37 qcells-emsplus docker-loader[33385]: [16:59:41:843][I][WI] [WsMqttBridge:handleMqttWsMessage] Ignoring message type: req service: api_set_token_whitelist
    Aug 10 17:01:37 qcells-emsplus docker-loader[33385]: [16:59:41:884][I][API] [PlatformStore:sendWhiteListToPlatform] Whitelist sent: ["/api/docs","/api/factory/fct/mpu/datetime"]
    Aug 10 17:01:37 qcells-emsplus docker-loader[33385]: [16:59:41:885][I][API] [sendApiReadyToPlatform] AC GEN2 API Information sent to Web Interface successfully.
    Aug 10 17:01:37 qcells-emsplus docker-loader[33385]: [16:59:41:886][I][API] [ProductService:syncProductSerialInfoToDB] Product serial number not provisioned, skipping sync
    Aug 10 17:01:37 qcells-emsplus docker-loader[33385]: [16:59:42:803][I][SM] System info requested by web_interface
    Aug 10 17:01:37 qcells-emsplus docker-loader[33385]: [16:59:42:927][I][SM] [IPC pub res] tid=web_interface:mqtt-response-manager:15 {"error_code":"NONE","payload":{"data":{"cpu_usage_1min":41.75,"has_storage":true,"has_temperature":true,"is_valid":true,"memory_available_kb":1023124,"memory_usage":34.08,"storage_usage":[{"instance_id":0,"mount_point":"/","usage":20.0},{"instance_id":1,"mount_point":"/edge/etc","usage":1.0},{"instance_id":2,"mount_point":"/edge/db","usage":1.0},{"instance_id":3,"mount_point":"/edge/log","usage":10.0},{"instance_id":4,"mount_point":"/edge/sp","usage":1.0},{"instance_id":5,"mount_point":"/edge/docker","usage":21.0}],"temperature":[{"instance_id":0,"value":49000.0}],"timestamp":1786348782},"status":"success"}}
    Aug 10 17:01:37 qcells-emsplus docker-loader[33385]: [16:59:58:976][I][SM] Fallback: Set mlan0 metric to 120
    Aug 10 17:01:37 qcells-emsplus docker-loader[33385]: [16:59:58:976][W][SM] Fallback: Demoted mlan0 (link down, metric=120)
    Aug 10 17:01:37 qcells-emsplus docker-loader[33385]: [16:59:59:985][I][DM] handle_30sec_routine in progress
    Aug 10 17:01:37 qcells-emsplus docker-loader[33385]: [17:00:00:648][I][ED] [Status] CM[6]EP[0]PCSCom[0]ESSOp[0]PWCP[0]
    Aug 10 17:01:37 qcells-emsplus docker-loader[33385]: [17:00:01:100][I][SM] Internet: Connected (RTT: 33ms)
    Aug 10 17:01:37 qcells-emsplus docker-loader[33385]: [17:00:17:230][I][SM] Internet: Connected (RTT: 34ms)
    Aug 10 17:01:37 qcells-emsplus docker-loader[33385]: [17:00:19:193][I][DM] [17:00:19:197][I][MCU] (1129849299 ms) Grid_Reconnection_Frequency : 0->63
    Aug 10 17:01:37 qcells-emsplus docker-loader[33385]: [17:00:20:214][I][DM] [17:00:20:199][I][MCU] (1129850301 ms) Grid_Reconnection_Frequency : 63->0
    Aug 10 17:01:37 qcells-emsplus docker-loader[33385]: [17:00:27:803][I][ET] Site instant: {"GS":0.0,"OS":4.0,"PM":0.0,"b2W":0.0,"b7D":0.0,"b7S":0.0,"b8C":0.0,"b8S":0.0,"b8V":0.0,"e":0.0,"e2W":0.0,"eL":10.0,"g2A":0.0,"g2H":0.0,"g2P":0.0,"g2V":0.0,"g2W":0.0,"i7H":0.0,"l2W":0.0,"p2W":0.0}
    Aug 10 17:01:37 qcells-emsplus docker-loader[33385]: [17:00:27:803][I][CB] siteId not set, skipping ReportCommonTelemetry
    Aug 10 17:01:37 qcells-emsplus docker-loader[33385]: [17:00:27:812][W][DI] Unknown service for notification: changed_records
    Aug 10 17:01:37 qcells-emsplus docker-loader[33385]: [17:00:27:812][W][ED] Unknown service for notification: changed_records
    Aug 10 17:01:37 qcells-emsplus docker-loader[33385]: [17:00:27:815][W][UM] Unknown service for notification: changed_records
    Aug 10 17:01:37 qcells-emsplus docker-loader[33385]: [17:00:29:989][I][DM] handle_30sec_routine in progress
    Aug 10 17:01:37 qcells-emsplus docker-loader[33385]: [17:00:29:989][I][DM] handle_1min_routine in progress
    Aug 10 17:01:37 qcells-emsplus docker-loader[33385]: [17:00:31:194][I][CB] siteId not set, skipping ReportCommonAlarm
    Aug 10 17:01:37 qcells-emsplus docker-loader[33385]: [17:00:31:195][W][DI] Unknown service for response: send_d2c_message
    Aug 10 17:01:37 qcells-emsplus docker-loader[33385]: [17:00:33:357][I][SM] Internet: Connected (RTT: 30ms)
    Aug 10 17:01:37 qcells-emsplus docker-loader[33385]: [17:00:38:985][I][DL] Post-fault collection complete for PMU_Fault (1 file(s)). Writing...
    Aug 10 17:01:37 qcells-emsplus docker-loader[33385]: [17:00:38:985][W][DL] Fault snapshot for PMU_Fault has 60 rows, expected 180
    Aug 10 17:01:37 qcells-emsplus docker-loader[33385]: [17:00:38:985][I][DL] Writing fault buffer for PMU_Fault (60 rows) to: /edge/log/device_log/PMU_Fault/20260810_165938_20260810_170038_PMU_Fault_000000000000000000.csv
    Aug 10 17:01:37 qcells-emsplus docker-loader[33385]: [17:00:38:990][I][DL] Fault buffer write complete for PMU_Fault
    Aug 10 17:01:37 qcells-emsplus docker-loader[33385]: [17:00:39:220][I][DL] Requesting file compression for: /edge/log/device_log/PMU_Fault/20260810_165938_20260810_170038_PMU_Fault_000000000000000000.csv
    Aug 10 17:01:37 qcells-emsplus docker-loader[33385]: [17:00:39:220][I][DL] [requestCompressXz] file_path: /edge/log/device_log/PMU_Fault/20260810_165938_20260810_170038_PMU_Fault_000000000000000000.csv
    Aug 10 17:01:37 qcells-emsplus docker-loader[33385]: [17:00:39:221][I][SM] Host command requested by device_log
    Aug 10 17:01:37 qcells-emsplus docker-loader[33385]: [17:00:39:222][I][SM] Executing host command: xz /edge/log/device_log/PMU_Fault/20260810_165938_20260810_170038_PMU_Fault_000000000000000000.csv (timeout: 10s)
    Aug 10 17:01:37 qcells-emsplus docker-loader[33385]: [17:00:39:267][I][SM] [IPC pub res] tid=device_log_6 {"error_code":"NONE","payload":{"cmd":"xz /edge/log/device_log/PMU_Fault/20260810_165938_20260810_170038_PMU_Fault_000000000000000000.csv","exit_code":0,"message":"","status":"success"}}
    Aug 10 17:01:37 qcells-emsplus docker-loader[33385]: [17:00:39:268][I][DL] File compression successful
    Aug 10 17:01:37 qcells-emsplus docker-loader[33385]: [17:00:39:268][I][DL] [CloudUploadManager::createMetaFile] Meta file created successfully: /edge/log/device_log/PMU_Fault/20260810_165938_20260810_170038_PMU_Fault_000000000000000000.csv.xz.meta
    Aug 10 17:01:37 qcells-emsplus docker-loader[33385]: [17:00:41:365][I][WI] [ApiStat] window=79s, total calls=1, total errors=0, aborted=0 | POST /publish/sys_manager/get_system_info calls=1 avg=443ms max=443ms
    Aug 10 17:01:37 qcells-emsplus docker-loader[33385]: [17:00:42:199][I][SM] System info requested by web_interface
    Aug 10 17:01:37 qcells-emsplus docker-loader[33385]: [17:00:42:342][I][SM] [IPC pub res] tid=web_interface:mqtt-response-manager:16 {"error_code":"NONE","payload":{"data":{"cpu_usage_1min":28.249999999999996,"has_storage":true,"has_temperature":true,"is_valid":true,"memory_available_kb":1021796,"memory_usage":34.14,"storage_usage":[{"instance_id":0,"mount_point":"/","usage":20.0},{"instance_id":1,"mount_point":"/edge/etc","usage":1.0},{"instance_id":2,"mount_point":"/edge/db","usage":1.0},{"instance_id":3,"mount_point":"/edge/log","usage":10.0},{"instance_id":4,"mount_point":"/edge/sp","usage":1.0},{"instance_id":5,"mount_point":"/edge/docker","usage":21.0}],"temperature":[{"instance_id":0,"value":47000.0}],"timestamp":1786348842},"status":"success"}}
    Aug 10 17:01:37 qcells-emsplus docker-loader[33385]: [17:00:42:558][I][DL] [CloudUploadManager::moveFilesToArchiveDir] Moved files to: "/edge/log/device_log/archive/PMU_Fault", file: 20260810_165938_20260810_170038_PMU_Fault_000000000000000000.csv.xz
    Aug 10 17:01:37 qcells-emsplus docker-loader[33385]: [17:00:42:558][I][DL] [CloudUploadManager::rootToArchiveOrToUpload] Moved files from root -> archive directory.
    Aug 10 17:01:37 qcells-emsplus docker-loader[33385]: [17:00:49:484][I][SM] Internet: Connected (RTT: 34ms)
    Aug 10 17:01:37 qcells-emsplus docker-loader[33385]: [17:00:56:795][I][UM] ╔═══════════════════════════════════════════════════════════════╗
    Aug 10 17:01:37 qcells-emsplus docker-loader[33385]: [17:00:56:795][I][UM] ║ [BATCH_UPDATE] REQUEST RECEIVED                               ║
    Aug 10 17:01:37 qcells-emsplus docker-loader[33385]: [17:00:56:795][I][UM] ╚═══════════════════════════════════════════════════════════════╝
    Aug 10 17:01:37 qcells-emsplus docker-loader[33385]: [17:00:56:795][I][UM] Source: tc_runner
    Aug 10 17:01:37 qcells-emsplus docker-loader[33385]: [17:00:56:795][W][UM] Unknown device type '', assigning default priority 99
    Aug 10 17:01:37 qcells-emsplus docker-loader[33385]: [17:00:56:795][W][UM] Skipping invalid entry: path='/tmp/tc_um_dummy_mpu.swu' device_type=''
    Aug 10 17:01:37 qcells-emsplus docker-loader[33385]: [17:00:56:795][E][UM] No valid SWU files in batch request
    Aug 10 17:01:38 qcells-emsplus docker-loader[33385]: [17:00:57:334][I][UM] ╔═══════════════════════════════════════════════════════════════╗
    Aug 10 17:01:38 qcells-emsplus docker-loader[33385]: [17:00:57:334][I][UM] ║ [BATCH_UPDATE] REQUEST RECEIVED                               ║
    Aug 10 17:01:38 qcells-emsplus docker-loader[33385]: [17:00:57:334][I][UM] ╚═══════════════════════════════════════════════════════════════╝
    Aug 10 17:01:38 qcells-emsplus docker-loader[33385]: [17:00:57:334][I][UM] Source: tc_runner
    Aug 10 17:01:38 qcells-emsplus docker-loader[33385]: [17:00:57:334][E][UM] Invalid batch update request: missing or empty 'files' array
    Aug 10 17:01:38 qcells-emsplus docker-loader[33385]: [17:00:58:480][I][UM] [UPDATE] .done file detected for step: is-installed, mtime: -4651315141
    Aug 10 17:01:38 qcells-emsplus docker-loader[33385]: [17:00:58:681][I][UM] Updated active ADU work folder: /tmp/edge/update
    Aug 10 17:01:38 qcells-emsplus docker-loader[33385]: [17:00:58:681][I][UM] [UPDATE] .done file parsed successfully (is-installed)
    Aug 10 17:01:38 qcells-emsplus docker-loader[33385]: [17:00:58:681][I][UM] Step: Unknown | State: Succeeded | Result: IsInstalled (Not Installed) (901) | Details:
    Aug 10 17:01:38 qcells-emsplus docker-loader[33385]: [17:00:58:681][I][UM] ADU Status Changed:
    Aug 10 17:01:38 qcells-emsplus docker-loader[33385]: [17:00:58:681][I][UM]   Workflow ID : update
    Aug 10 17:01:38 qcells-emsplus docker-loader[33385]: [17:00:58:681][I][UM]   Step        : is-installed
    Aug 10 17:01:38 qcells-emsplus docker-loader[33385]: [17:00:58:681][I][UM]   State       : Succeeded
    Aug 10 17:01:38 qcells-emsplus docker-loader[33385]: [17:00:58:681][I][UM]   Result Code : 901
    Aug 10 17:01:38 qcells-emsplus docker-loader[33385]: [17:00:58:682][I][UM]   Details     :
    Aug 10 17:01:38 qcells-emsplus docker-loader[33385]: [17:00:58:682][I][UM] [FWContext] Updated package identity snapshot: / v, workflow_id=update
    Aug 10 17:01:38 qcells-emsplus docker-loader[33385]: [17:00:58:682][I][UM] Workflow ID updated to: update
    Aug 10 17:01:38 qcells-emsplus docker-loader[33385]: [17:00:58:682][I][UM] === DOWNLOAD MONITORING START TRIGGER ===
    Aug 10 17:01:38 qcells-emsplus docker-loader[33385]: [17:00:58:682][I][UM] Starting download progress monitoring: is-installed step completed
    Aug 10 17:01:38 qcells-emsplus docker-loader[33385]: [17:00:58:682][I][UM] Workflow: update
    Aug 10 17:01:38 qcells-emsplus docker-loader[33385]: [17:00:58:682][I][UM] download_monitoring_active_ flag set to: true
    Aug 10 17:01:38 qcells-emsplus docker-loader[33385]: [17:00:58:682][I][UM] Download progress monitoring loop started
    Aug 10 17:01:38 qcells-emsplus docker-loader[33385]: [17:00:58:682][I][UM] Download progress monitoring thread created successfully
    Aug 10 17:01:38 qcells-emsplus docker-loader[33385]: [17:00:58:682][I][UM] Download progress monitoring started successfully
    Aug 10 17:01:38 qcells-emsplus docker-loader[33385]: [17:00:58:682][I][UM] [UPDATE] onUpdateSignalCb_ called after .done (is-installed)
    Aug 10 17:01:38 qcells-emsplus docker-loader[33385]: [17:00:58:682][I][UM] ADU Update Detected:
    Aug 10 17:01:38 qcells-emsplus docker-loader[33385]: [17:00:58:682][I][UM]   Step        : is-installed
    Aug 10 17:01:38 qcells-emsplus docker-loader[33385]: [17:00:58:682][I][UM]   State       : Succeeded
    Aug 10 17:01:38 qcells-emsplus docker-loader[33385]: [17:00:58:682][I][UM]   Result Code : 901
    Aug 10 17:01:38 qcells-emsplus docker-loader[33385]: [17:00:58:682][I][UM]   Details     :
    Aug 10 17:01:38 qcells-emsplus docker-loader[33385]: [17:00:58:682][I][UM] Publishing ADU update notification via MQTT:
    Aug 10 17:01:38 qcells-emsplus docker-loader[33385]: [17:00:58:682][I][UM]   Step: is-installed
    Aug 10 17:01:38 qcells-emsplus docker-loader[33385]: [17:00:58:682][I][UM]   State: Succeeded
    Aug 10 17:01:38 qcells-emsplus docker-loader[33385]: [17:00:58:682][I][UM]   Result: 901
    Aug 10 17:01:38 qcells-emsplus docker-loader[33385]: [17:00:58:682][I][UM]   Workflow ID: update
    Aug 10 17:01:38 qcells-emsplus docker-loader[33385]: [17:00:58:682][I][UM]   Update: / v
    Aug 10 17:01:38 qcells-emsplus docker-loader[33385]: [17:00:58:682][I][UM]   ADU State:  (-1)
    Aug 10 17:01:38 qcells-emsplus docker-loader[33385]: [17:00:58:682][I][UM]   Extended Codes:
    Aug 10 17:01:38 qcells-emsplus docker-loader[33385]: [17:00:58:682][I][UM]   Payload: {
    Aug 10 17:01:38 qcells-emsplus docker-loader[33385]:   "adu_agent_state": -1,
    Aug 10 17:01:38 qcells-emsplus docker-loader[33385]:   "adu_agent_state_str": "",
    Aug 10 17:01:38 qcells-emsplus docker-loader[33385]:   "event_timestamp": 1786348858682719173,
    Aug 10 17:01:38 qcells-emsplus docker-loader[33385]:   "extended_result_codes": "",
    Aug 10 17:01:38 qcells-emsplus docker-loader[33385]:   "is_valid": true,
    Aug 10 17:01:38 qcells-emsplus docker-loader[33385]:   "result_code": 901,
    Aug 10 17:01:38 qcells-emsplus docker-loader[33385]:   "result_details": "",
    Aug 10 17:01:38 qcells-emsplus docker-loader[33385]:   "timestamp": "2026-08-10 17:00:58",
    Aug 10 17:01:38 qcells-emsplus docker-loader[33385]:   "update_name": "",
    Aug 10 17:01:38 qcells-emsplus docker-loader[33385]:   "update_provider": "",
    Aug 10 17:01:38 qcells-emsplus docker-loader[33385]:   "update_version": "",
    Aug 10 17:01:38 qcells-emsplus docker-loader[33385]:   "workflow_id": "update",
    Aug 10 17:01:38 qcells-emsplus docker-loader[33385]:   "workflow_state": "Succeeded",
    Aug 10 17:01:38 qcells-emsplus docker-loader[33385]:   "workflow_step": "is-installed"
    Aug 10 17:01:38 qcells-emsplus docker-loader[33385]: }
    Aug 10 17:01:38 qcells-emsplus docker-loader[33385]: [17:00:58:683][I][SM] Host command requested by update_monitor
    Aug 10 17:01:38 qcells-emsplus docker-loader[33385]: [17:00:58:683][I][SM] Executing host command: ls -la /var/lib/adu/downloads/update (timeout: 3s)
    Aug 10 17:01:38 qcells-emsplus docker-loader[33385]: [17:00:58:688][W][ET] Unknown service for notification: adu_update_notification
    Aug 10 17:01:38 qcells-emsplus docker-loader[33385]: [17:00:58:692][W][DI] Unknown service for notification: adu_update_notification
    Aug 10 17:01:38 qcells-emsplus docker-loader[33385]: [17:00:58:693][W][ED] Unknown service for notification: adu_update_notification
    Aug 10 17:01:38 qcells-emsplus docker-loader[33385]: [17:00:58:695][W][RT] Unknown service for notification: adu_update_notification
    Aug 10 17:01:38 qcells-emsplus docker-loader[33385]: [17:00:58:696][W][DL] Unknown service for notification: adu_update_notification
    Aug 10 17:01:38 qcells-emsplus docker-loader[33385]: [17:00:58:696][W][UM] Unknown service for notification: adu_update_notification
    Aug 10 17:01:38 qcells-emsplus docker-loader[33385]: [17:00:58:697][I][UM] Successfully published ADU update notification for step: is-installed
    Aug 10 17:01:38 qcells-emsplus docker-loader[33385]: [17:00:58:703][I][SM] [IPC pub res] tid=update_monitor_7 {"error_code":"UNKNOWN","payload":{"cmd":"ls -la /var/lib/adu/downloads/update","exit_code":2,"message":"CMD_SH failed: ls: cannot access '/var/lib/adu/downloads/update': No such file or directory\n","status":"error"}}
    Aug 10 17:01:38 qcells-emsplus docker-loader[33385]: [17:00:58:704][I][UM] [cmd_host] tid=update_monitor_7 error_code=255 status=error[17:00:58:704][I][UM]  cmd=ls -la /var/lib/adu/downloads/update[17:00:58:704][I][UM]
    Aug 10 17:01:38 qcells-emsplus docker-loader[33385]: [17:00:58:704][E][UM] Error response received
    Aug 10 17:01:38 qcells-emsplus docker-loader[33385]: [17:00:58:704][E][UM]   Error code: 255
    Aug 10 17:01:38 qcells-emsplus docker-loader[33385]: [17:00:59:686][I][SM] Host command requested by update_monitor
    Aug 10 17:01:38 qcells-emsplus docker-loader[33385]: [17:00:59:686][I][SM] Executing host command: ls -la /var/lib/adu/downloads/update (timeout: 3s)
    Aug 10 17:01:38 qcells-emsplus docker-loader[33385]: [17:00:59:704][I][SM] [IPC pub res] tid=update_monitor_8 {"error_code":"UNKNOWN","payload":{"cmd":"ls -la /var/lib/adu/downloads/update","exit_code":2,"message":"CMD_SH failed: ls: cannot access '/var/lib/adu/downloads/update': No such file or directory\n","status":"error"}}
    Aug 10 17:01:38 qcells-emsplus docker-loader[33385]: [17:00:59:705][I][UM] [cmd_host] tid=update_monitor_8 error_code=255 status=error[17:00:59:705][I][UM]  cmd=ls -la /var/lib/adu/downloads/update[17:00:59:706][I][UM]
    Aug 10 17:01:38 qcells-emsplus docker-loader[33385]: [17:00:59:706][E][UM] Error response received
    Aug 10 17:01:38 qcells-emsplus docker-loader[33385]: [17:00:59:706][E][UM]   Error code: 255
    Aug 10 17:01:38 qcells-emsplus docker-loader[33385]: [17:00:59:800][I][UM] [UPDATE] .done file detected for step: download, mtime: -4651315140
    Aug 10 17:01:38 qcells-emsplus docker-loader[33385]: [17:00:59:994][I][DM] handle_30sec_routine in progress
    Aug 10 17:01:38 qcells-emsplus docker-loader[33385]: [17:01:00:000][I][UM] [UPDATE] .done file parsed successfully (download)
    Aug 10 17:01:38 qcells-emsplus docker-loader[33385]: [17:01:00:000][I][UM] Step: Unknown | State: Succeeded | Result: Download Success (500) | Details:
    Aug 10 17:01:38 qcells-emsplus docker-loader[33385]: [17:01:00:000][I][UM] ADU Status Changed:
    Aug 10 17:01:38 qcells-emsplus docker-loader[33385]: [17:01:00:000][I][UM]   Workflow ID : update
    Aug 10 17:01:38 qcells-emsplus docker-loader[33385]: [17:01:00:000][I][UM]   Step        : download
    Aug 10 17:01:38 qcells-emsplus docker-loader[33385]: [17:01:00:000][I][UM]   State       : Succeeded
    Aug 10 17:01:38 qcells-emsplus docker-loader[33385]: [17:01:00:000][I][UM]   Result Code : 500
    Aug 10 17:01:38 qcells-emsplus docker-loader[33385]: [17:01:00:000][I][UM]   Details     :
    Aug 10 17:01:38 qcells-emsplus docker-loader[33385]: [17:01:00:000][I][UM] === DOWNLOAD MONITORING STOP TRIGGER ===
    Aug 10 17:01:38 qcells-emsplus docker-loader[33385]: [17:01:00:000][I][UM] Download step completed, stopping download progress monitoring
    Aug 10 17:01:38 qcells-emsplus docker-loader[33385]: [17:01:00:000][I][UM] Download progress monitoring stop requested
    Aug 10 17:01:38 qcells-emsplus docker-loader[33385]: [17:01:00:000][I][UM] Waiting for download progress thread to exit...
    Aug 10 17:01:38 qcells-emsplus docker-loader[33385]: [17:01:00:686][I][UM] Download progress monitoring loop ended
    Aug 10 17:01:38 qcells-emsplus docker-loader[33385]: [17:01:00:686][I][UM] Download progress thread joined successfully
    Aug 10 17:01:38 qcells-emsplus docker-loader[33385]: [17:01:00:687][I][UM] Download progress monitoring stopped
    Aug 10 17:01:38 qcells-emsplus docker-loader[33385]: [17:01:00:687][I][UM] [UPDATE] onUpdateSignalCb_ called after .done (download)
    Aug 10 17:01:38 qcells-emsplus docker-loader[33385]: [17:01:00:687][I][UM] ADU Update Detected:
    Aug 10 17:01:38 qcells-emsplus docker-loader[33385]: [17:01:00:687][I][UM]   Step        : download
    Aug 10 17:01:38 qcells-emsplus docker-loader[33385]: [17:01:00:687][I][UM]   State       : Succeeded
    Aug 10 17:01:38 qcells-emsplus docker-loader[33385]: [17:01:00:687][I][UM]   Result Code : 500
    Aug 10 17:01:38 qcells-emsplus docker-loader[33385]: [17:01:00:687][I][UM]   Details     :
    Aug 10 17:01:38 qcells-emsplus docker-loader[33385]: [17:01:00:687][I][UM] Publishing ADU update notification via MQTT:
    Aug 10 17:01:38 qcells-emsplus docker-loader[33385]: [17:01:00:687][I][UM]   Step: download
    Aug 10 17:01:38 qcells-emsplus docker-loader[33385]: [17:01:00:687][I][UM]   State: Succeeded
    Aug 10 17:01:38 qcells-emsplus docker-loader[33385]: [17:01:00:687][I][UM]   Result: 500
    Aug 10 17:01:38 qcells-emsplus docker-loader[33385]: [17:01:00:687][I][UM]   Workflow ID: update
    Aug 10 17:01:38 qcells-emsplus docker-loader[33385]: [17:01:00:687][I][UM]   Update: / v
    Aug 10 17:01:38 qcells-emsplus docker-loader[33385]: [17:01:00:687][I][UM]   ADU State:  (-1)
    Aug 10 17:01:38 qcells-emsplus docker-loader[33385]: [17:01:00:687][I][UM]   Extended Codes:
    Aug 10 17:01:38 qcells-emsplus docker-loader[33385]: [17:01:00:687][I][UM]   Payload: {
    Aug 10 17:01:38 qcells-emsplus docker-loader[33385]:   "adu_agent_state": -1,
    Aug 10 17:01:38 qcells-emsplus docker-loader[33385]:   "adu_agent_state_str": "",
    Aug 10 17:01:38 qcells-emsplus docker-loader[33385]:   "event_timestamp": 1786348860687215471,
    Aug 10 17:01:38 qcells-emsplus docker-loader[33385]:   "extended_result_codes": "",
    Aug 10 17:01:38 qcells-emsplus docker-loader[33385]:   "is_valid": true,
    Aug 10 17:01:38 qcells-emsplus docker-loader[33385]:   "result_code": 500,
    Aug 10 17:01:38 qcells-emsplus docker-loader[33385]:   "result_details": "",
    Aug 10 17:01:38 qcells-emsplus docker-loader[33385]:   "timestamp": "2026-08-10 17:01:00",
    Aug 10 17:01:38 qcells-emsplus docker-loader[33385]:   "update_name": "",
    Aug 10 17:01:38 qcells-emsplus docker-loader[33385]:   "update_provider": "",
    Aug 10 17:01:38 qcells-emsplus docker-loader[33385]:   "update_version": "",
    Aug 10 17:01:38 qcells-emsplus docker-loader[33385]:   "workflow_id": "update",
    Aug 10 17:01:38 qcells-emsplus docker-loader[33385]:   "workflow_state": "Succeeded",
    Aug 10 17:01:38 qcells-emsplus docker-loader[33385]:   "workflow_step": "download"
    Aug 10 17:01:38 qcells-emsplus docker-loader[33385]: }
    Aug 10 17:01:38 qcells-emsplus docker-loader[33385]: [17:01:00:689][W][ET] Unknown service for notification: adu_update_notification
    Aug 10 17:01:38 qcells-emsplus docker-loader[33385]: [17:01:00:690][W][ED] Unknown service for notification: adu_update_notification
    Aug 10 17:01:38 qcells-emsplus docker-loader[33385]: [17:01:00:691][W][RT] Unknown service for notification: adu_update_notification
    Aug 10 17:01:38 qcells-emsplus docker-loader[33385]: [17:01:00:692][W][DL] Unknown service for notification: adu_update_notification
    Aug 10 17:01:38 qcells-emsplus docker-loader[33385]: [17:01:00:692][W][DI] Unknown service for notification: adu_update_notification
    Aug 10 17:01:38 qcells-emsplus docker-loader[33385]: [17:01:00:691][I][UM] Successfully published ADU update notification for step: download
    Aug 10 17:01:38 qcells-emsplus docker-loader[33385]: [17:01:00:694][W][UM] Unknown service for notification: adu_update_notification
    Aug 10 17:01:38 qcells-emsplus docker-loader[33385]: [17:01:01:291][I][DM] [17:01:01:293][I][MCU] (1129891395 ms) Grid_Reconnection_Frequency : 0->63
    Aug 10 17:01:38 qcells-emsplus docker-loader[33385]: [17:01:01:793][I][UM] [UPDATE] .done file detected for step: install, mtime: -4651315138
    Aug 10 17:01:38 qcells-emsplus docker-loader[33385]: [17:01:01:994][I][UM] [UPDATE] .done file parsed successfully (install)
    Aug 10 17:01:38 qcells-emsplus docker-loader[33385]: [17:01:01:994][I][UM] Step: Unknown | State: Succeeded | Result: Install Success (600) | Details:
    Aug 10 17:01:38 qcells-emsplus docker-loader[33385]: [17:01:01:994][I][UM] ADU Status Changed:
    Aug 10 17:01:39 qcells-emsplus docker-loader[33385]: [17:01:01:994][I][UM]   Workflow ID : update
    Aug 10 17:01:39 qcells-emsplus docker-loader[33385]: [17:01:01:994][I][UM]   Step        : install
    Aug 10 17:01:39 qcells-emsplus docker-loader[33385]: [17:01:01:994][I][UM]   State       : Succeeded
    Aug 10 17:01:39 qcells-emsplus docker-loader[33385]: [17:01:01:994][I][UM]   Result Code : 600
    Aug 10 17:01:39 qcells-emsplus docker-loader[33385]: [17:01:01:994][I][UM]   Details     :
    Aug 10 17:01:39 qcells-emsplus docker-loader[33385]: [17:01:01:994][I][UM] [UPDATE] onUpdateSignalCb_ called after .done (install)
    Aug 10 17:01:39 qcells-emsplus docker-loader[33385]: [17:01:01:994][I][UM] ADU Update Detected:
    Aug 10 17:01:39 qcells-emsplus docker-loader[33385]: [17:01:01:994][I][UM]   Step        : install
    Aug 10 17:01:39 qcells-emsplus docker-loader[33385]: [17:01:01:994][I][UM]   State       : Succeeded
    Aug 10 17:01:39 qcells-emsplus docker-loader[33385]: [17:01:01:994][I][UM]   Result Code : 600
    Aug 10 17:01:39 qcells-emsplus docker-loader[33385]: [17:01:01:994][I][UM]   Details     :
    Aug 10 17:01:39 qcells-emsplus docker-loader[33385]: [17:01:01:994][I][UM] Publishing ADU update notification via MQTT:
    Aug 10 17:01:39 qcells-emsplus docker-loader[33385]: [17:01:01:994][I][UM]   Step: install
    Aug 10 17:01:39 qcells-emsplus docker-loader[33385]: [17:01:01:994][I][UM]   State: Succeeded
    Aug 10 17:01:39 qcells-emsplus docker-loader[33385]: [17:01:01:994][I][UM]   Result: 600
    Aug 10 17:01:39 qcells-emsplus docker-loader[33385]: [17:01:01:994][I][UM]   Workflow ID: update
    Aug 10 17:01:39 qcells-emsplus docker-loader[33385]: [17:01:01:994][I][UM]   Update: / v
    Aug 10 17:01:39 qcells-emsplus docker-loader[33385]: [17:01:01:994][I][UM]   ADU State:  (-1)
    Aug 10 17:01:39 qcells-emsplus docker-loader[33385]: [17:01:01:994][I][UM]   Extended Codes:
    Aug 10 17:01:39 qcells-emsplus docker-loader[33385]: [17:01:01:995][I][UM]   Payload: {
    Aug 10 17:01:39 qcells-emsplus docker-loader[33385]:   "adu_agent_state": -1,
    Aug 10 17:01:39 qcells-emsplus docker-loader[33385]:   "adu_agent_state_str": "",
    Aug 10 17:01:39 qcells-emsplus docker-loader[33385]:   "event_timestamp": 1786348861994814428,
    Aug 10 17:01:39 qcells-emsplus docker-loader[33385]:   "extended_result_codes": "",
    Aug 10 17:01:39 qcells-emsplus docker-loader[33385]:   "is_valid": true,
    Aug 10 17:01:39 qcells-emsplus docker-loader[33385]:   "result_code": 600,
    Aug 10 17:01:39 qcells-emsplus docker-loader[33385]:   "result_details": "",
    Aug 10 17:01:39 qcells-emsplus docker-loader[33385]:   "timestamp": "2026-08-10 17:01:01",
    Aug 10 17:01:39 qcells-emsplus docker-loader[33385]:   "update_name": "",
    Aug 10 17:01:39 qcells-emsplus docker-loader[33385]:   "update_provider": "",
    Aug 10 17:01:39 qcells-emsplus docker-loader[33385]:   "update_version": "",
    Aug 10 17:01:39 qcells-emsplus docker-loader[33385]:   "workflow_id": "update",
    Aug 10 17:01:39 qcells-emsplus docker-loader[33385]:   "workflow_state": "Succeeded",
    Aug 10 17:01:39 qcells-emsplus docker-loader[33385]:   "workflow_step": "install"
    Aug 10 17:01:39 qcells-emsplus docker-loader[33385]: }
    Aug 10 17:01:39 qcells-emsplus docker-loader[33385]: [17:01:01:998][W][ET] Unknown service for notification: adu_update_notification
    Aug 10 17:01:39 qcells-emsplus docker-loader[33385]: [17:01:01:999][W][DI] Unknown service for notification: adu_update_notification
    Aug 10 17:01:39 qcells-emsplus docker-loader[33385]: [17:01:02:001][W][UM] Unknown service for notification: adu_update_notification
    Aug 10 17:01:39 qcells-emsplus docker-loader[33385]: [17:01:01:999][W][ED] Unknown service for notification: adu_update_notification
    Aug 10 17:01:39 qcells-emsplus docker-loader[33385]: [17:01:02:002][W][DL] Unknown service for notification: adu_update_notification
    Aug 10 17:01:39 qcells-emsplus docker-loader[33385]: [17:01:02:003][W][RT] Unknown service for notification: adu_update_notification
    Aug 10 17:01:39 qcells-emsplus docker-loader[33385]: [17:01:02:003][I][UM] Successfully published ADU update notification for step: install
    Aug 10 17:01:39 qcells-emsplus docker-loader[33385]: [17:01:02:312][I][DM] [17:01:02:298][I][MCU] (1129892400 ms) Grid_Reconnection_Frequency : 63->0
    Aug 10 17:01:39 qcells-emsplus docker-loader[33385]: [17:01:03:106][I][UM] [UPDATE] .done file detected for step: apply, mtime: -4651315136
    Aug 10 17:01:39 qcells-emsplus docker-loader[33385]: [17:01:03:306][I][UM] [UPDATE] .done file parsed successfully (apply)
    Aug 10 17:01:39 qcells-emsplus docker-loader[33385]: [17:01:03:306][I][UM] Step: Unknown | State: Succeeded | Result: Apply Success (700) | Details:
    Aug 10 17:01:39 qcells-emsplus docker-loader[33385]: [17:01:03:306][I][UM] ADU Status Changed:
    Aug 10 17:01:39 qcells-emsplus docker-loader[33385]: [17:01:03:306][I][UM]   Workflow ID : update
    Aug 10 17:01:39 qcells-emsplus docker-loader[33385]: [17:01:03:306][I][UM]   Step        : apply
    Aug 10 17:01:39 qcells-emsplus docker-loader[33385]: [17:01:03:306][I][UM]   State       : Succeeded
    Aug 10 17:01:39 qcells-emsplus docker-loader[33385]: [17:01:03:306][I][UM]   Result Code : 700
    Aug 10 17:01:39 qcells-emsplus docker-loader[33385]: [17:01:03:306][I][UM]   Details     :
    Aug 10 17:01:39 qcells-emsplus docker-loader[33385]: [17:01:03:309][I][UM] [UPDATE] onUpdateSignalCb_ called after .done (apply)
    Aug 10 17:01:39 qcells-emsplus docker-loader[33385]: [17:01:03:309][I][UM] ADU Update Detected:
    Aug 10 17:01:39 qcells-emsplus docker-loader[33385]: [17:01:03:309][I][UM]   Step        : apply
    Aug 10 17:01:39 qcells-emsplus docker-loader[33385]: [17:01:03:309][I][UM]   State       : Succeeded
    Aug 10 17:01:39 qcells-emsplus docker-loader[33385]: [17:01:03:309][I][UM]   Result Code : 700
    Aug 10 17:01:39 qcells-emsplus docker-loader[33385]: [17:01:03:309][I][UM]   Details     :
    Aug 10 17:01:39 qcells-emsplus docker-loader[33385]: [17:01:03:309][I][UM] Publishing ADU update notification via MQTT:
    Aug 10 17:01:39 qcells-emsplus docker-loader[33385]: [17:01:03:309][I][UM]   Step: apply
    Aug 10 17:01:39 qcells-emsplus docker-loader[33385]: [17:01:03:309][I][UM]   State: Succeeded
    Aug 10 17:01:39 qcells-emsplus docker-loader[33385]: [17:01:03:309][I][UM]   Result: 700
    Aug 10 17:01:39 qcells-emsplus docker-loader[33385]: [17:01:03:309][I][UM]   Workflow ID: update
    Aug 10 17:01:39 qcells-emsplus docker-loader[33385]: [17:01:03:309][I][UM]   Update: / v
    Aug 10 17:01:39 qcells-emsplus docker-loader[33385]: [17:01:03:309][I][UM]   ADU State:  (-1)
    Aug 10 17:01:39 qcells-emsplus docker-loader[33385]: [17:01:03:309][I][UM]   Extended Codes:
    Aug 10 17:01:39 qcells-emsplus docker-loader[33385]: [17:01:03:309][I][UM]   Payload: {
    Aug 10 17:01:39 qcells-emsplus docker-loader[33385]:   "adu_agent_state": -1,
    Aug 10 17:01:39 qcells-emsplus docker-loader[33385]:   "adu_agent_state_str": "",
    Aug 10 17:01:39 qcells-emsplus docker-loader[33385]:   "event_timestamp": 1786348863309614373,
    Aug 10 17:01:39 qcells-emsplus docker-loader[33385]:   "extended_result_codes": "",
    Aug 10 17:01:39 qcells-emsplus docker-loader[33385]:   "is_valid": true,
    Aug 10 17:01:39 qcells-emsplus docker-loader[33385]:   "result_code": 700,
    Aug 10 17:01:39 qcells-emsplus docker-loader[33385]:   "result_details": "",
    Aug 10 17:01:39 qcells-emsplus docker-loader[33385]:   "timestamp": "2026-08-10 17:01:03",
    Aug 10 17:01:39 qcells-emsplus docker-loader[33385]:   "update_name": "",
    Aug 10 17:01:39 qcells-emsplus docker-loader[33385]:   "update_provider": "",
    Aug 10 17:01:39 qcells-emsplus docker-loader[33385]:   "update_version": "",
    Aug 10 17:01:39 qcells-emsplus docker-loader[33385]:   "workflow_id": "update",
    Aug 10 17:01:39 qcells-emsplus docker-loader[33385]:   "workflow_state": "Succeeded",
    Aug 10 17:01:39 qcells-emsplus docker-loader[33385]:   "workflow_step": "apply"
    Aug 10 17:01:39 qcells-emsplus docker-loader[33385]: }
    Aug 10 17:01:39 qcells-emsplus docker-loader[33385]: [17:01:03:311][W][ET] Unknown service for notification: adu_update_notification
    Aug 10 17:01:39 qcells-emsplus docker-loader[33385]: [17:01:03:313][W][DL] Unknown service for notification: adu_update_notification
    Aug 10 17:01:39 qcells-emsplus docker-loader[33385]: [17:01:03:312][W][DI] Unknown service for notification: adu_update_notification
    Aug 10 17:01:39 qcells-emsplus docker-loader[33385]: [17:01:03:315][W][UM] Unknown service for notification: adu_update_notification
    Aug 10 17:01:39 qcells-emsplus docker-loader[33385]: [17:01:03:315][W][ED] Unknown service for notification: adu_update_notification
    Aug 10 17:01:39 qcells-emsplus docker-loader[33385]: [17:01:03:318][I][UM] Successfully published ADU update notification for step: apply
    Aug 10 17:01:39 qcells-emsplus docker-loader[33385]: [17:01:03:320][W][RT] Unknown service for notification: adu_update_notification
    Aug 10 17:01:39 qcells-emsplus docker-loader[33385]: [17:01:04:300][I][DM] [17:01:04:303][I][MCU] (1129894405 ms) Grid_Reconnection_Frequency : 0->62
    Aug 10 17:01:39 qcells-emsplus docker-loader[33385]: [17:01:04:609][I][UM] [Downloader] Received start_firmware_download request: requested_by=tc_runner, tid=
    Aug 10 17:01:39 qcells-emsplus docker-loader[33385]: [17:01:04:609][I][UM] [Downloader] Resolving start_firmware_download manifest: session_id=fwdl_1786348864609, requested_by=tc_runner, has_manifest=false
    Aug 10 17:01:39 qcells-emsplus docker-loader[33385]: [17:01:04:609][W][UM] [Downloader] Rejected start_firmware_download: session_id=fwdl_1786348864609, requested_by=tc_runner, reason=missing firmware package provider
    Aug 10 17:01:39 qcells-emsplus docker-loader[33385]: [17:01:05:302][I][DM] [17:01:05:304][I][MCU] (1129895406 ms) Grid_Reconnection_Frequency : 62->0
    Aug 10 17:01:39 qcells-emsplus docker-loader[33385]: [17:01:05:622][I][SM] Internet: Connected (RTT: 42ms)
    Aug 10 17:01:39 qcells-emsplus docker-loader[33385]: [17:01:08:309][I][DM] [17:01:08:311][I][MCU] (1129898413 ms) Grid_Reconnection_Frequency : 0->59
    Aug 10 17:01:39 qcells-emsplus docker-loader[33385]: [17:01:09:313][I][DM] [17:01:09:313][I][MCU] (1129899415 ms) Grid_Reconnection_Frequency : 59->0
    Aug 10 17:01:39 qcells-emsplus docker-loader[33385]: [17:01:17:355][I][DM] [17:01:17:339][I][MCU] (1129907441 ms) Grid_Reconnection_Frequency : 0->65
    Aug 10 17:01:39 qcells-emsplus docker-loader[33385]: [17:01:18:331][I][DM] [17:01:18:335][I][MCU] (1129908437 ms) Grid_Reconnection_Frequency : 65->0
    Aug 10 17:01:39 qcells-emsplus docker-loader[33385]: [17:01:21:746][I][SM] Internet: Connected (RTT: 35ms)
    Aug 10 17:01:39 qcells-emsplus docker-loader[33385]: [17:01:27:807][I][ET] Site instant: {"GS":0.0,"OS":4.0,"PM":0.0,"b2W":0.0,"b7D":0.0,"b7S":0.0,"b8C":0.0,"b8S":0.0,"b8V":0.0,"e":0.0,"e2W":0.0,"eL":10.0,"g2A":0.0,"g2H":0.0,"g2P":0.0,"g2V":0.0,"g2W":0.0,"i7H":0.0,"l2W":0.0,"p2W":0.0}
    Aug 10 17:01:39 qcells-emsplus docker-loader[33385]: [17:01:27:807][I][CB] siteId not set, skipping ReportCommonTelemetry
    Aug 10 17:01:39 qcells-emsplus docker-loader[33385]: [17:01:27:828][W][DI] Unknown service for notification: changed_records
    Aug 10 17:01:39 qcells-emsplus docker-loader[33385]: [17:01:27:828][W][ED] Unknown service for notification: changed_records
    Aug 10 17:01:39 qcells-emsplus docker-loader[33385]: [17:01:27:829][W][UM] Unknown service for notification: changed_records
    Aug 10 17:01:39 qcells-emsplus docker-loader[33385]: [17:01:29:998][I][DM] handle_30sec_routine in progress
    Aug 10 17:01:39 qcells-emsplus docker-loader[33385]: [17:01:29:998][I][DM] handle_1min_routine in progress
    Aug 10 17:01:39 qcells-emsplus docker-loader[33385]: [17:01:31:201][I][CB] siteId not set, skipping ReportCommonAlarm
    Aug 10 17:01:39 qcells-emsplus docker-loader[33385]: [17:01:31:202][W][DI] Unknown service for response: send_d2c_message
    Aug 10 17:01:39 qcells-emsplus docker-loader[33385]: [17:01:37:877][I][SM] Internet: Connected (RTT: 37ms)
    Aug 10 17:01:41 qcells-emsplus docker-loader[33385]: [17:01:41:367][I][WI] [ApiStat] window=60s, total calls=1, total errors=0, aborted=0 | POST /publish/sys_manager/get_system_info calls=1 avg=184ms max=184ms
    Aug 10 17:01:42 qcells-emsplus docker-loader[33385]: [17:01:42:172][I][SM] System info requested by web_interface
    Aug 10 17:01:42 qcells-emsplus docker-loader[33385]: [17:01:42:315][I][SM] [IPC pub res] tid=web_interface:mqtt-response-manager:17 {"error_code":"NONE","payload":{"data":{"cpu_usage_1min":29.5,"has_storage":true,"has_temperature":true,"is_valid":true,"memory_available_kb":1018120,"memory_usage":34.33,"storage_usage":[{"instance_id":0,"mount_point":"/","usage":20.0},{"instance_id":1,"mount_point":"/edge/etc","usage":1.0},{"instance_id":2,"mount_point":"/edge/db","usage":1.0},{"instance_id":3,"mount_point":"/edge/log","usage":10.0},{"instance_id":4,"mount_point":"/edge/sp","usage":1.0},{"instance_id":5,"mount_point":"/edge/docker","usage":21.0}],"temperature":[{"instance_id":0,"value":46000.0}],"timestamp":1786348902},"status":"success"}}
    Aug 10 17:01:48 qcells-emsplus docker-loader[33385]: [17:01:48:422][I][DM] [17:01:48:407][I][MCU] (1129938509 ms) Grid_Reconnection_Frequency : 0->65
    Aug 10 17:01:49 qcells-emsplus docker-loader[33385]: [17:01:49:406][I][DM] [17:01:49:408][I][MCU] (1129939510 ms) Grid_Reconnection_Frequency : 65->0
    Aug 10 17:01:54 qcells-emsplus docker-loader[33385]: [17:01:54:004][I][SM] Internet: Connected (RTT: 34ms)
    Aug 10 17:02:00 qcells-emsplus docker-loader[33385]: [17:02:00:002][I][DM] handle_30sec_routine in progress
    Aug 10 17:02:10 qcells-emsplus docker-loader[33385]: [17:02:10:134][I][SM] Internet: Connected (RTT: 33ms)
    Aug 10 17:02:26 qcells-emsplus docker-loader[33385]: [17:02:26:268][I][SM] Internet: Connected (RTT: 31ms)
    Aug 10 17:02:27 qcells-emsplus docker-loader[33385]: [17:02:27:812][I][ET] Site instant: {"GS":0.0,"OS":4.0,"PM":0.0,"b2W":0.0,"b7D":0.0,"b7S":0.0,"b8C":0.0,"b8S":0.0,"b8V":0.0,"e":0.0,"e2W":0.0,"eL":10.0,"g2A":0.0,"g2H":0.0,"g2P":0.0,"g2V":0.0,"g2W":0.0,"i7H":0.0,"l2W":0.0,"p2W":0.0}
    Aug 10 17:02:27 qcells-emsplus docker-loader[33385]: [17:02:27:812][I][CB] siteId not set, skipping ReportCommonTelemetry
    Aug 10 17:02:27 qcells-emsplus docker-loader[33385]: [17:02:27:827][W][DI] Unknown service for notification: changed_records
    Aug 10 17:02:27 qcells-emsplus docker-loader[33385]: [17:02:27:828][W][ED] Unknown service for notification: changed_records
    Aug 10 17:02:27 qcells-emsplus docker-loader[33385]: [17:02:27:830][W][UM] Unknown service for notification: changed_records
    Aug 10 17:02:30 qcells-emsplus docker-loader[33385]: [17:02:30:006][I][DM] handle_30sec_routine in progress
    Aug 10 17:02:30 qcells-emsplus docker-loader[33385]: [17:02:30:007][I][DM] handle_1min_routine in progress
    Aug 10 17:02:31 qcells-emsplus docker-loader[33385]: [17:02:31:208][I][CB] siteId not set, skipping ReportCommonAlarm
    Aug 10 17:02:31 qcells-emsplus docker-loader[33385]: [17:02:31:210][W][DI] Unknown service for response: send_d2c_message
    Aug 10 17:02:41 qcells-emsplus docker-loader[33385]: [17:02:41:371][I][WI] [ApiStat] window=60s, total calls=1, total errors=0, aborted=0 | POST /publish/sys_manager/get_system_info calls=1 avg=175ms max=175ms
    Aug 10 17:02:42 qcells-emsplus docker-loader[33385]: [17:02:42:167][I][SM] System info requested by web_interface
    Aug 10 17:02:42 qcells-emsplus docker-loader[33385]: [17:02:42:301][I][SM] [IPC pub res] tid=web_interface:mqtt-response-manager:18 {"error_code":"NONE","payload":{"data":{"cpu_usage_1min":27.500000000000004,"has_storage":true,"has_temperature":true,"is_valid":true,"memory_available_kb":1017900,"memory_usage":34.34,"storage_usage":[{"instance_id":0,"mount_point":"/","usage":20.0},{"instance_id":1,"mount_point":"/edge/etc","usage":1.0},{"instance_id":2,"mount_point":"/edge/db","usage":1.0},{"instance_id":3,"mount_point":"/edge/log","usage":10.0},{"instance_id":4,"mount_point":"/edge/sp","usage":1.0},{"instance_id":5,"mount_point":"/edge/docker","usage":21.0}],"temperature":[{"instance_id":0,"value":46000.0}],"timestamp":1786348962},"status":"success"}}
    Aug 10 17:02:42 qcells-emsplus docker-loader[33385]: [17:02:42:401][I][SM] Internet: Connected (RTT: 35ms)
    Aug 10 17:02:48 qcells-emsplus docker-loader[33385]: [17:02:48:543][I][DM] [17:02:48:545][I][MCU] (1129998647 ms) Grid_Reconnection_Frequency : 0->61
    Aug 10 17:02:49 qcells-emsplus docker-loader[33385]: [17:02:49:544][I][DM] [17:02:49:547][I][MCU] (1129999649 ms) Grid_Reconnection_Frequency : 61->0
    Aug 10 17:02:58 qcells-emsplus docker-loader[33385]: [17:02:58:527][I][SM] Internet: Connected (RTT: 34ms)
    Aug 10 17:03:00 qcells-emsplus docker-loader[33385]: [17:03:00:011][I][DM] handle_30sec_routine in progress
    Aug 10 17:03:01 qcells-emsplus docker-loader[33385]: [17:03:01:528][I][DL] PMU_Fault Global Error Flag CLEARED
    Aug 10 17:03:01 qcells-emsplus docker-loader[33385]: [17:03:01:552][I][DM] [17:03:01:578][I][MCU] (1130011680 ms) GEM_ALARM : 32800->32
    Aug 10 17:03:02 qcells-emsplus docker-loader[33385]: [17:03:02:380][I][DI] [publish_fault_changes]
    Aug 10 17:03:02 qcells-emsplus docker-loader[33385]: [17:03:02:380][I][DI] Fault state changed: 1 changes
    Aug 10 17:03:02 qcells-emsplus docker-loader[33385]: [17:03:02:380][I][DI]   CLEARED code=A00402W serial=000000000000000000
    Aug 10 17:03:02 qcells-emsplus docker-loader[33385]: [17:03:02:380][I][DI] [save_fault_history]
    Aug 10 17:03:02 qcells-emsplus docker-loader[33385]: [17:03:02:385][I][CB] siteId not set, skipping ReportFaultNoti
    Aug 10 17:03:02 qcells-emsplus docker-loader[33385]: [17:03:02:386][W][DI] Unknown service for response: send_d2c_message
    Aug 10 17:03:02 qcells-emsplus docker-loader[33385]: [17:03:02:410][I][DI] [handle_noti_device_info_changed]
    Aug 10 17:03:02 qcells-emsplus docker-loader[33385]: [17:03:02:411][W][DI] Unknown service for notification: changed_records
    Aug 10 17:03:02 qcells-emsplus docker-loader[33385]: [17:03:02:413][W][ED] Unknown service for notification: changed_records
    Aug 10 17:03:02 qcells-emsplus docker-loader[33385]: [17:03:02:416][W][UM] Unknown service for notification: changed_records
    Aug 10 17:03:02 qcells-emsplus docker-loader[33385]: [17:03:02:421][I][CB] [PointInfoManager] SyncPointInfoRequest, points count: 1
    Aug 10 17:03:02 qcells-emsplus docker-loader[33385]: [17:03:02:421][W][DI] Unknown service for response: update_records
    Aug 10 17:03:02 qcells-emsplus docker-loader[33385]: [17:03:02:421][W][AZ] [REALTIME] Device disconnected, dropping realtime message (11 more suppressed in the last 30s)
    Aug 10 17:03:04 qcells-emsplus docker-loader[33385]: [17:03:04:583][I][DM] [17:03:04:585][I][MCU] (1130014687 ms) Grid_Reconnection_Frequency : 0->64
    Aug 10 17:03:05 qcells-emsplus docker-loader[33385]: [17:03:05:589][I][DM] [17:03:05:588][I][MCU] (1130015690 ms) Grid_Reconnection_Frequency : 64->0
    Aug 10 17:03:07 qcells-emsplus docker-loader[33385]: [17:03:07:051][I][UM] === PRECHECK REQUEST ===
    Aug 10 17:03:07 qcells-emsplus docker-loader[33385]: [17:03:07:051][I][UM] Received UPDATE_PRECHECK request from: tc_runner
    Aug 10 17:03:07 qcells-emsplus docker-loader[33385]: [17:03:07:051][I][UM] ╔═══════════════════════════════════════════════════════════════╗
    Aug 10 17:03:07 qcells-emsplus docker-loader[33385]: [17:03:07:051][I][UM] ║ [PRECHECK_FLOW] STEP 1: PRECHECK REQUEST RECEIVED             ║
    Aug 10 17:03:07 qcells-emsplus docker-loader[33385]: [17:03:07:051][I][UM] ╚═══════════════════════════════════════════════════════════════╝
    Aug 10 17:03:07 qcells-emsplus docker-loader[33385]: [17:03:07:051][I][UM] === UPDATE SESSION START [sid=swu_1786348987051] trigger=? type=unknown ===
    Aug 10 17:03:07 qcells-emsplus docker-loader[33385]: [17:03:07:051][I][UM] [sid=swu_1786348987051] FSM State Transition: IDLE -> PRECHECK
    Aug 10 17:03:07 qcells-emsplus docker-loader[33385]: [17:03:07:051][I][UM] PRECHECK started for trigger: unknown
    Aug 10 17:03:07 qcells-emsplus docker-loader[33385]: [17:03:07:051][I][UM] ╔═══════════════════════════════════════════════════════════════╗
    Aug 10 17:03:07 qcells-emsplus docker-loader[33385]: [17:03:07:052][I][UM] ║ [PRECHECK_FLOW] STEP 2: SEQUENTIAL PRECHECK (ED -> DM)        ║
    Aug 10 17:03:07 qcells-emsplus docker-loader[33385]: [17:03:07:052][I][UM] ╚═══════════════════════════════════════════════════════════════╝
    Aug 10 17:03:07 qcells-emsplus docker-loader[33385]: [17:03:07:052][I][UM] [sid=swu_1786348987051] FSM State Transition: PRECHECK -> PRECHECK_WAIT
    Aug 10 17:03:07 qcells-emsplus docker-loader[33385]: [17:03:07:052][I][UM] ╔═══════════════════════════════════════════════════════════════╗
    Aug 10 17:03:07 qcells-emsplus docker-loader[33385]: [17:03:07:052][I][UM] ║ [PRECHECK] PHASE 1: Request readiness from Energy Dispatcher  ║
    Aug 10 17:03:07 qcells-emsplus docker-loader[33385]: [17:03:07:052][I][UM] ║            ED will send NOP + stop scheduler                  ║
    Aug 10 17:03:07 qcells-emsplus docker-loader[33385]: [17:03:07:052][I][UM] ╚═══════════════════════════════════════════════════════════════╝
    Aug 10 17:03:07 qcells-emsplus docker-loader[33385]: [17:03:07:053][I][ED] ╔═══════════════════════════════════════════════════════════════╗
    Aug 10 17:03:07 qcells-emsplus docker-loader[33385]: [17:03:07:053][I][ED] ║ APP_READY_STATUS request received from Update Monitor         ║
    Aug 10 17:03:07 qcells-emsplus docker-loader[33385]: [17:03:07:053][I][ED] ╚═══════════════════════════════════════════════════════════════╝
    Aug 10 17:03:07 qcells-emsplus docker-loader[33385]: [17:03:07:053][I][ED] Update readiness check PASSED - All systems ready
    Aug 10 17:03:07 qcells-emsplus docker-loader[33385]: [17:03:07:053][I][ED] ╔═══════════════════════════════════════════════════════════════╗
    Aug 10 17:03:07 qcells-emsplus docker-loader[33385]: [17:03:07:053][I][ED] ║ [PRECHECK] Performing NOP + Scheduler Stop                   ║
    Aug 10 17:03:07 qcells-emsplus docker-loader[33385]: [17:03:07:053][I][ED] ╚═══════════════════════════════════════════════════════════════╝
    Aug 10 17:03:07 qcells-emsplus docker-loader[33385]: [17:03:07:053][I][ED] [EnergyControl]UPDATE MODE ACTIVATED - PCS command changes blocked
    Aug 10 17:03:07 qcells-emsplus docker-loader[33385]: [17:03:07:053][I][ED] UPDATE mode activated - PCS command changes blocked
    Aug 10 17:03:07 qcells-emsplus docker-loader[33385]: [17:03:07:053][I][ED] Sending NOP command to MCU...
    Aug 10 17:03:07 qcells-emsplus docker-loader[33385]: [17:03:07:053][I][ED] NOP command sent to MCU
    Aug 10 17:03:07 qcells-emsplus docker-loader[33385]: [17:03:07:053][I][ED] Stopping energy scheduler...
    Aug 10 17:03:07 qcells-emsplus docker-loader[33385]: [17:03:07:805][I][ED] [EnergyScheduler] Scheduler worker thread finished
    Aug 10 17:03:07 qcells-emsplus docker-loader[33385]: [17:03:07:805][I][ED] [EnergyScheduler] Scheduler thread stopped
    Aug 10 17:03:07 qcells-emsplus docker-loader[33385]: [17:03:07:805][I][ED] Energy scheduler stopped
    Aug 10 17:03:07 qcells-emsplus docker-loader[33385]: [17:03:07:805][I][ED] Waiting 300ms for NOP transmission to complete...
    Aug 10 17:03:08 qcells-emsplus docker-loader[33385]: [17:03:08:105][I][ED] Shutdown complete during PRECHECK - SPI safe to close
    Aug 10 17:03:08 qcells-emsplus docker-loader[33385]: [17:03:08:105][I][ED] Responding to precheck: is_ready=1, reason="Ready for update"
    Aug 10 17:03:08 qcells-emsplus docker-loader[33385]: [17:03:08:107][I][UM] === APP READY STATUS ===
    Aug 10 17:03:08 qcells-emsplus docker-loader[33385]: [17:03:08:107][I][UM] Received APP_READY_STATUS from: energy_dispatcher
    Aug 10 17:03:08 qcells-emsplus docker-loader[33385]: [17:03:08:107][I][UM] ╔═══════════════════════════════════════════════════════════════╗
    Aug 10 17:03:08 qcells-emsplus docker-loader[33385]: [17:03:08:107][I][UM] ║ [PRECHECK_FLOW] STEP 3: APP RESPONSE RECEIVED                 ║
    Aug 10 17:03:08 qcells-emsplus docker-loader[33385]: [17:03:08:107][I][UM] ║ App: energy_dispatcher                                     ║
    Aug 10 17:03:08 qcells-emsplus docker-loader[33385]: [17:03:08:107][I][UM] ╚═══════════════════════════════════════════════════════════════╝
    Aug 10 17:03:08 qcells-emsplus docker-loader[33385]: [17:03:08:107][I][UM] App ready status: energy_dispatcher = READY (reason: Ready for update)
    Aug 10 17:03:08 qcells-emsplus docker-loader[33385]: [17:03:08:107][I][UM] ✓ Energy Dispatcher READY (NOP sent, scheduler stopped)
    Aug 10 17:03:08 qcells-emsplus docker-loader[33385]: [17:03:08:607][I][UM] ╔═══════════════════════════════════════════════════════════════╗
    Aug 10 17:03:08 qcells-emsplus docker-loader[33385]: [17:03:08:607][I][UM] ║ [PRECHECK] PHASE 2: Notify Device Manager                     ║
    Aug 10 17:03:08 qcells-emsplus docker-loader[33385]: [17:03:08:607][I][UM] ║            DM will stop SPI + destroy devices                 ║
    Aug 10 17:03:08 qcells-emsplus docker-loader[33385]: [17:03:08:607][I][UM] ╚═══════════════════════════════════════════════════════════════╝
    Aug 10 17:03:08 qcells-emsplus docker-loader[33385]: [17:03:08:608][I][DM] [handle_noti_update_precheck] received
    Aug 10 17:03:08 qcells-emsplus docker-loader[33385]: [17:03:08:608][I][UM] ╔═══════════════════════════════════════════════════════════════╗
    Aug 10 17:03:08 qcells-emsplus docker-loader[33385]: [17:03:08:608][I][UM] ║ [PRECHECK_FLOW] STEP 4: EVALUATING RESPONSES                  ║
    Aug 10 17:03:08 qcells-emsplus docker-loader[33385]: [17:03:08:608][I][UM] ╚═══════════════════════════════════════════════════════════════╝
    Aug 10 17:03:08 qcells-emsplus docker-loader[33385]: [17:03:08:608][I][UM] PRECHECK PASSED: All critical apps are ready
    Aug 10 17:03:08 qcells-emsplus docker-loader[33385]: [17:03:08:608][I][UM] ╔═══════════════════════════════════════════════════════════════╗
    Aug 10 17:03:08 qcells-emsplus docker-loader[33385]: [17:03:08:608][I][UM] ║ [PRECHECK_FLOW] STEP 5: SENDING FINAL RESPONSE                ║
    Aug 10 17:03:08 qcells-emsplus docker-loader[33385]: [17:03:08:608][I][UM] ║ Result: APPROVED                                            ║
    Aug 10 17:03:08 qcells-emsplus docker-loader[33385]: [17:03:08:608][I][UM] ╚═══════════════════════════════════════════════════════════════╝
    Aug 10 17:03:08 qcells-emsplus docker-loader[33385]: [17:03:08:608][I][UM] PRECHECK RESULT: APPROVED
    Aug 10 17:03:08 qcells-emsplus docker-loader[33385]: [17:03:08:610][I][EL] Received request_stop_devices from device_manager payload={"protocol_rids":["bdeaca72-cffd-45ec-9d1b-bdab714c3673"]}
    Aug 10 17:03:08 qcells-emsplus docker-loader[33385]: [17:03:08:611][I][EL] Stopping selected devices (current count: 2)
    Aug 10 17:03:08 qcells-emsplus docker-loader[33385]: [17:03:08:612][I][UM] PRECHECK response published successfully to tc_runner
    Aug 10 17:03:08 qcells-emsplus docker-loader[33385]: [17:03:08:612][I][UM] FSM State Transition: PRECHECK_WAIT -> IDLE (approved, waiting for START)
    Aug 10 17:03:08 qcells-emsplus docker-loader[33385]: [17:03:08:612][I][UM] [sid=swu_1786348987051] FSM State Transition: PRECHECK_WAIT -> IDLE
    Aug 10 17:03:08 qcells-emsplus docker-loader[33385]: [17:03:08:616][W][DI] Unknown service for notification: device_connection
    Aug 10 17:03:08 qcells-emsplus docker-loader[33385]: [17:03:08:619][I][DM] device_connection received: [{"connected":false,"intended_disconnect":true,"protocol":"QcellsSPI","protocol_rid":"bdeaca72-cffd-45ec-9d1b-bdab714c3673"},{"connected":false,"intended_disconnect":false,"protocol":"CAN","protocol_rid":"d084d68a-5204-4617-92f6-6c95a7d7278f"}]
    Aug 10 17:03:08 qcells-emsplus docker-loader[33385]: [17:03:08:619][I][DM] [LinkFault] QcellsSPI disconnect ignored (intended)
    Aug 10 17:03:08 qcells-emsplus docker-loader[33385]: [17:03:08:621][W][UM] Unknown service for notification: device_connection
    Aug 10 17:03:08 qcells-emsplus docker-loader[33385]: [17:03:08:626][I][EL] [EnergyDevice:bdeaca72-cffd-45ec-9d1b-bdab714c3673][QcellsSPI] Connection lost, restarting...
    Aug 10 17:03:09 qcells-emsplus docker-loader[33385]: [17:03:09:012][I][DM] MI handler loop stopped
    Aug 10 17:03:09 qcells-emsplus docker-loader[33385]: [17:03:09:033][I][DM] MCU handler loop stopped
    Aug 10 17:03:09 qcells-emsplus docker-loader[33385]: [17:03:09:123][I][DM] MI init loop stopped
    Aug 10 17:03:09 qcells-emsplus docker-loader[33385]: [17:03:09:174][I][EL] Stop/destroy complete (remaining: 1)
    Aug 10 17:03:09 qcells-emsplus docker-loader[33385]: [17:03:09:174][E][EL] [EnergyDevice] Device not found: deviceId="bdeaca72-cffd-45ec-9d1b-bdab714c3673" source=device_manager service=write_data
    Aug 10 17:03:09 qcells-emsplus docker-loader[33385]: [17:03:09:175][W][DM] Unknown service for response: request_stop_devices
    Aug 10 17:03:09 qcells-emsplus docker-loader[33385]: [17:03:09:177][E][DM] Error response, code: 2, payload: {"error_code":"DEVICE_NOT_FOUND","payload":{}}
    Aug 10 17:03:09 qcells-emsplus docker-loader[33385]: [17:03:09:542][I][DM] MCU log loop stopped
    Aug 10 17:03:14 qcells-emsplus docker-loader[33385]: [17:03:14:653][I][SM] Internet: Connected (RTT: 32ms)
    Aug 10 17:03:27 qcells-emsplus docker-loader[33385]: [17:03:27:825][W][DI] Unknown service for notification: changed_records
    Aug 10 17:03:27 qcells-emsplus docker-loader[33385]: [17:03:27:826][W][ED] Unknown service for notification: changed_records
    Aug 10 17:03:27 qcells-emsplus docker-loader[33385]: [17:03:27:829][W][UM] Unknown service for notification: changed_records
    Aug 10 17:03:27 qcells-emsplus docker-loader[33385]: [17:03:27:915][I][ET] Site instant: {"GS":0.0,"OS":4.0,"PM":0.0,"b2W":0.0,"b7D":0.0,"b7S":0.0,"b8C":0.0,"b8S":0.0,"b8V":0.0,"e":0.0,"e2W":0.0,"eL":10.0,"g2A":0.0,"g2H":0.0,"g2P":0.0,"g2V":0.0,"g2W":0.0,"i7H":0.0,"l2W":0.0,"p2W":0.0}
    Aug 10 17:03:27 qcells-emsplus docker-loader[33385]: [17:03:27:915][I][CB] siteId not set, skipping ReportCommonTelemetry
    Aug 10 17:03:30 qcells-emsplus docker-loader[33385]: [17:03:30:783][I][SM] Internet: Connected (RTT: 35ms)
    Aug 10 17:03:31 qcells-emsplus docker-loader[33385]: [17:03:31:215][I][CB] siteId not set, skipping ReportCommonAlarm
    Aug 10 17:03:31 qcells-emsplus docker-loader[33385]: [17:03:31:216][W][DI] Unknown service for response: send_d2c_message
    Aug 10 17:03:38 qcells-emsplus docker-loader[33385]: [17:03:38:026][I][SM] System info requested by web_interface
    Aug 10 17:03:38 qcells-emsplus docker-loader[33385]: [17:03:38:169][I][SM] [IPC pub res] tid=web_interface:mqtt-response-manager:19 {"error_code":"NONE","payload":{"data":{"cpu_usage_1min":27.0,"has_storage":true,"has_temperature":true,"is_valid":true,"memory_available_kb":1004212,"memory_usage":35.02,"storage_usage":[{"instance_id":0,"mount_point":"/","usage":20.0},{"instance_id":1,"mount_point":"/edge/etc","usage":1.0},{"instance_id":2,"mount_point":"/edge/db","usage":1.0},{"instance_id":3,"mount_point":"/edge/log","usage":10.0},{"instance_id":4,"mount_point":"/edge/sp","usage":1.0},{"instance_id":5,"mount_point":"/edge/docker","usage":21.0}],"temperature":[{"instance_id":0,"value":46000.0}],"timestamp":1786349018},"status":"success"}}
    Aug 10 17:03:39 qcells-emsplus docker-loader[33385]: [17:03:39:308][I][SM] System info requested by web_interface
    Aug 10 17:03:39 qcells-emsplus docker-loader[33385]: [17:03:39:441][I][SM] [IPC pub res] tid=web_interface:mqtt-response-manager:20 {"error_code":"NONE","payload":{"data":{"cpu_usage_1min":27.0,"has_storage":true,"has_temperature":true,"is_valid":true,"memory_available_kb":1004212,"memory_usage":35.02,"storage_usage":[{"instance_id":0,"mount_point":"/","usage":20.0},{"instance_id":1,"mount_point":"/edge/etc","usage":1.0},{"instance_id":2,"mount_point":"/edge/db","usage":1.0},{"instance_id":3,"mount_point":"/edge/log","usage":10.0},{"instance_id":4,"mount_point":"/edge/sp","usage":1.0},{"instance_id":5,"mount_point":"/edge/docker","usage":21.0}],"temperature":[{"instance_id":0,"value":46000.0}],"timestamp":1786349019},"status":"success"}}
    Aug 10 17:03:41 qcells-emsplus docker-loader[33385]: [17:03:41:375][I][WI] [ApiStat] window=60s, total calls=3, total errors=0, aborted=0 | POST /publish/sys_manager/get_system_info calls=3 avg=160ms max=167ms
    Aug 10 17:03:42 qcells-emsplus docker-loader[33385]: [17:03:42:189][I][SM] System info requested by web_interface
    Aug 10 17:03:42 qcells-emsplus docker-loader[33385]: [17:03:42:332][I][SM] [IPC pub res] tid=web_interface:mqtt-response-manager:21 {"error_code":"NONE","payload":{"data":{"cpu_usage_1min":26.75,"has_storage":true,"has_temperature":true,"is_valid":true,"memory_available_kb":1003976,"memory_usage":35.03,"storage_usage":[{"instance_id":0,"mount_point":"/","usage":20.0},{"instance_id":1,"mount_point":"/edge/etc","usage":1.0},{"instance_id":2,"mount_point":"/edge/db","usage":1.0},{"instance_id":3,"mount_point":"/edge/log","usage":10.0},{"instance_id":4,"mount_point":"/edge/sp","usage":1.0},{"instance_id":5,"mount_point":"/edge/docker","usage":21.0}],"temperature":[{"instance_id":0,"value":46000.0}],"timestamp":1786349022},"status":"success"}}
    Aug 10 17:03:44 qcells-emsplus docker-loader[33385]: [17:03:44:172][I][SM] System info requested by web_interface
    Aug 10 17:03:44 qcells-emsplus docker-loader[33385]: [17:03:44:307][I][SM] [IPC pub res] tid=web_interface:mqtt-response-manager:22 {"error_code":"NONE","payload":{"data":{"cpu_usage_1min":26.75,"has_storage":true,"has_temperature":true,"is_valid":true,"memory_available_kb":1003976,"memory_usage":35.03,"storage_usage":[{"instance_id":0,"mount_point":"/","usage":20.0},{"instance_id":1,"mount_point":"/edge/etc","usage":1.0},{"instance_id":2,"mount_point":"/edge/db","usage":1.0},{"instance_id":3,"mount_point":"/edge/log","usage":10.0},{"instance_id":4,"mount_point":"/edge/sp","usage":1.0},{"instance_id":5,"mount_point":"/edge/docker","usage":21.0}],"temperature":[{"instance_id":0,"value":46000.0}],"timestamp":1786349024},"status":"success"}}
    Aug 10 17:03:46 qcells-emsplus docker-loader[33385]: [17:03:46:180][I][SM] System info requested by web_interface
    Aug 10 17:03:46 qcells-emsplus docker-loader[33385]: [17:03:46:315][I][SM] [IPC pub res] tid=web_interface:mqtt-response-manager:23 {"error_code":"NONE","payload":{"data":{"cpu_usage_1min":26.75,"has_storage":true,"has_temperature":true,"is_valid":true,"memory_available_kb":1003500,"memory_usage":35.06,"storage_usage":[{"instance_id":0,"mount_point":"/","usage":20.0},{"instance_id":1,"mount_point":"/edge/etc","usage":1.0},{"instance_id":2,"mount_point":"/edge/db","usage":1.0},{"instance_id":3,"mount_point":"/edge/log","usage":10.0},{"instance_id":4,"mount_point":"/edge/sp","usage":1.0},{"instance_id":5,"mount_point":"/edge/docker","usage":21.0}],"temperature":[{"instance_id":0,"value":46000.0}],"timestamp":1786349026},"status":"success"}}
    Aug 10 17:03:46 qcells-emsplus docker-loader[33385]: [17:03:46:909][I][SM] Internet: Connected (RTT: 33ms)
    Aug 10 17:03:48 qcells-emsplus docker-loader[33385]: [17:03:48:177][I][SM] System info requested by web_interface
    Aug 10 17:03:48 qcells-emsplus docker-loader[33385]: [17:03:48:319][I][SM] [IPC pub res] tid=web_interface:mqtt-response-manager:24 {"error_code":"NONE","payload":{"data":{"cpu_usage_1min":26.75,"has_storage":true,"has_temperature":true,"is_valid":true,"memory_available_kb":1002996,"memory_usage":35.08,"storage_usage":[{"instance_id":0,"mount_point":"/","usage":20.0},{"instance_id":1,"mount_point":"/edge/etc","usage":1.0},{"instance_id":2,"mount_point":"/edge/db","usage":1.0},{"instance_id":3,"mount_point":"/edge/log","usage":10.0},{"instance_id":4,"mount_point":"/edge/sp","usage":1.0},{"instance_id":5,"mount_point":"/edge/docker","usage":21.0}],"temperature":[{"instance_id":0,"value":46000.0}],"timestamp":1786349028},"status":"success"}}
    Aug 10 17:03:50 qcells-emsplus docker-loader[33385]: [17:03:50:167][I][SM] System info requested by web_interface
    Aug 10 17:03:50 qcells-emsplus docker-loader[33385]: [17:03:50:300][I][SM] [IPC pub res] tid=web_interface:mqtt-response-manager:25 {"error_code":"NONE","payload":{"data":{"cpu_usage_1min":26.75,"has_storage":true,"has_temperature":true,"is_valid":true,"memory_available_kb":1002744,"memory_usage":35.1,"storage_usage":[{"instance_id":0,"mount_point":"/","usage":20.0},{"instance_id":1,"mount_point":"/edge/etc","usage":1.0},{"instance_id":2,"mount_point":"/edge/db","usage":1.0},{"instance_id":3,"mount_point":"/edge/log","usage":10.0},{"instance_id":4,"mount_point":"/edge/sp","usage":1.0},{"instance_id":5,"mount_point":"/edge/docker","usage":21.0}],"temperature":[{"instance_id":0,"value":46000.0}],"timestamp":1786349030},"status":"success"}}
    Aug 10 17:03:52 qcells-emsplus docker-loader[33385]: [17:03:52:169][I][SM] System info requested by web_interface
    Aug 10 17:03:52 qcells-emsplus docker-loader[33385]: [17:03:52:302][I][SM] [IPC pub res] tid=web_interface:mqtt-response-manager:26 {"error_code":"NONE","payload":{"data":{"cpu_usage_1min":26.5,"has_storage":true,"has_temperature":true,"is_valid":true,"memory_available_kb":1002744,"memory_usage":35.1,"storage_usage":[{"instance_id":0,"mount_point":"/","usage":20.0},{"instance_id":1,"mount_point":"/edge/etc","usage":1.0},{"instance_id":2,"mount_point":"/edge/db","usage":1.0},{"instance_id":3,"mount_point":"/edge/log","usage":10.0},{"instance_id":4,"mount_point":"/edge/sp","usage":1.0},{"instance_id":5,"mount_point":"/edge/docker","usage":21.0}],"temperature":[{"instance_id":0,"value":46000.0}],"timestamp":1786349032},"status":"success"}}
    Aug 10 17:03:54 qcells-emsplus docker-loader[33385]: [17:03:54:166][I][SM] System info requested by web_interface
    Aug 10 17:03:54 qcells-emsplus docker-loader[33385]: [17:03:54:289][I][SM] [IPC pub res] tid=web_interface:mqtt-response-manager:27 {"error_code":"NONE","payload":{"data":{"cpu_usage_1min":26.5,"has_storage":true,"has_temperature":true,"is_valid":true,"memory_available_kb":1002744,"memory_usage":35.1,"storage_usage":[{"instance_id":0,"mount_point":"/","usage":20.0},{"instance_id":1,"mount_point":"/edge/etc","usage":1.0},{"instance_id":2,"mount_point":"/edge/db","usage":1.0},{"instance_id":3,"mount_point":"/edge/log","usage":10.0},{"instance_id":4,"mount_point":"/edge/sp","usage":1.0},{"instance_id":5,"mount_point":"/edge/docker","usage":21.0}],"temperature":[{"instance_id":0,"value":46000.0}],"timestamp":1786349034},"status":"success"}}
    Aug 10 17:03:56 qcells-emsplus docker-loader[33385]: [17:03:56:167][I][SM] System info requested by web_interface
    Aug 10 17:03:56 qcells-emsplus docker-loader[33385]: [17:03:56:320][I][SM] [IPC pub res] tid=web_interface:mqtt-response-manager:28 {"error_code":"NONE","payload":{"data":{"cpu_usage_1min":26.5,"has_storage":true,"has_temperature":true,"is_valid":true,"memory_available_kb":1002492,"memory_usage":35.11,"storage_usage":[{"instance_id":0,"mount_point":"/","usage":20.0},{"instance_id":1,"mount_point":"/edge/etc","usage":1.0},{"instance_id":2,"mount_point":"/edge/db","usage":1.0},{"instance_id":3,"mount_point":"/edge/log","usage":10.0},{"instance_id":4,"mount_point":"/edge/sp","usage":1.0},{"instance_id":5,"mount_point":"/edge/docker","usage":21.0}],"temperature":[{"instance_id":0,"value":46000.0}],"timestamp":1786349036},"status":"success"}}
    Aug 10 17:03:58 qcells-emsplus docker-loader[33385]: [17:03:58:172][I][SM] System info requested by web_interface
    Aug 10 17:03:58 qcells-emsplus docker-loader[33385]: [17:03:58:325][I][SM] [IPC pub res] tid=web_interface:mqtt-response-manager:29 {"error_code":"NONE","payload":{"data":{"cpu_usage_1min":26.5,"has_storage":true,"has_temperature":true,"is_valid":true,"memory_available_kb":1002492,"memory_usage":35.11,"storage_usage":[{"instance_id":0,"mount_point":"/","usage":20.0},{"instance_id":1,"mount_point":"/edge/etc","usage":1.0},{"instance_id":2,"mount_point":"/edge/db","usage":1.0},{"instance_id":3,"mount_point":"/edge/log","usage":10.0},{"instance_id":4,"mount_point":"/edge/sp","usage":1.0},{"instance_id":5,"mount_point":"/edge/docker","usage":21.0}],"temperature":[{"instance_id":0,"value":46000.0}],"timestamp":1786349038},"status":"success"}}
    Aug 10 17:04:00 qcells-emsplus docker-loader[33385]: [17:04:00:168][I][SM] System info requested by web_interface
    Aug 10 17:04:00 qcells-emsplus docker-loader[33385]: [17:04:00:318][I][SM] [IPC pub res] tid=web_interface:mqtt-response-manager:30 {"error_code":"NONE","payload":{"data":{"cpu_usage_1min":26.5,"has_storage":true,"has_temperature":true,"is_valid":true,"memory_available_kb":1001988,"memory_usage":35.13,"storage_usage":[{"instance_id":0,"mount_point":"/","usage":20.0},{"instance_id":1,"mount_point":"/edge/etc","usage":1.0},{"instance_id":2,"mount_point":"/edge/db","usage":1.0},{"instance_id":3,"mount_point":"/edge/log","usage":10.0},{"instance_id":4,"mount_point":"/edge/sp","usage":1.0},{"instance_id":5,"mount_point":"/edge/docker","usage":21.0}],"temperature":[{"instance_id":0,"value":46000.0}],"timestamp":1786349040},"status":"success"}}
    Aug 10 17:04:02 qcells-emsplus docker-loader[33385]: [17:04:02:168][I][SM] System info requested by web_interface
    Aug 10 17:04:02 qcells-emsplus docker-loader[33385]: [17:04:02:298][I][SM] [IPC pub res] tid=web_interface:mqtt-response-manager:31 {"error_code":"NONE","payload":{"data":{"cpu_usage_1min":26.25,"has_storage":true,"has_temperature":true,"is_valid":true,"memory_available_kb":1001988,"memory_usage":35.13,"storage_usage":[{"instance_id":0,"mount_point":"/","usage":20.0},{"instance_id":1,"mount_point":"/edge/etc","usage":1.0},{"instance_id":2,"mount_point":"/edge/db","usage":1.0},{"instance_id":3,"mount_point":"/edge/log","usage":10.0},{"instance_id":4,"mount_point":"/edge/sp","usage":1.0},{"instance_id":5,"mount_point":"/edge/docker","usage":21.0}],"temperature":[{"instance_id":0,"value":46000.0}],"timestamp":1786349042},"status":"success"}}
    Aug 10 17:04:03 qcells-emsplus docker-loader[33385]: [17:04:03:035][I][SM] Internet: Connected (RTT: 34ms)
    Aug 10 17:04:04 qcells-emsplus docker-loader[33385]: [17:04:04:165][I][SM] System info requested by web_interface
    Aug 10 17:04:04 qcells-emsplus docker-loader[33385]: [17:04:04:288][I][SM] [IPC pub res] tid=web_interface:mqtt-response-manager:32 {"error_code":"NONE","payload":{"data":{"cpu_usage_1min":26.25,"has_storage":true,"has_temperature":true,"is_valid":true,"memory_available_kb":1001988,"memory_usage":35.13,"storage_usage":[{"instance_id":0,"mount_point":"/","usage":20.0},{"instance_id":1,"mount_point":"/edge/etc","usage":1.0},{"instance_id":2,"mount_point":"/edge/db","usage":1.0},{"instance_id":3,"mount_point":"/edge/log","usage":10.0},{"instance_id":4,"mount_point":"/edge/sp","usage":1.0},{"instance_id":5,"mount_point":"/edge/docker","usage":21.0}],"temperature":[{"instance_id":0,"value":46000.0}],"timestamp":1786349044},"status":"success"}}
    Aug 10 17:04:06 qcells-emsplus docker-loader[33385]: [17:04:06:162][I][SM] System info requested by web_interface
    Aug 10 17:04:06 qcells-emsplus docker-loader[33385]: [17:04:06:315][I][SM] [IPC pub res] tid=web_interface:mqtt-response-manager:33 {"error_code":"NONE","payload":{"data":{"cpu_usage_1min":26.25,"has_storage":true,"has_temperature":true,"is_valid":true,"memory_available_kb":1001988,"memory_usage":35.13,"storage_usage":[{"instance_id":0,"mount_point":"/","usage":20.0},{"instance_id":1,"mount_point":"/edge/etc","usage":1.0},{"instance_id":2,"mount_point":"/edge/db","usage":1.0},{"instance_id":3,"mount_point":"/edge/log","usage":10.0},{"instance_id":4,"mount_point":"/edge/sp","usage":1.0},{"instance_id":5,"mount_point":"/edge/docker","usage":21.0}],"temperature":[{"instance_id":0,"value":46000.0}],"timestamp":1786349046},"status":"success"}}
    Aug 10 17:04:08 qcells-emsplus docker-loader[33385]: [17:04:08:160][I][SM] System info requested by web_interface
    Aug 10 17:04:08 qcells-emsplus docker-loader[33385]: [17:04:08:303][I][SM] [IPC pub res] tid=web_interface:mqtt-response-manager:34 {"error_code":"NONE","payload":{"data":{"cpu_usage_1min":26.25,"has_storage":true,"has_temperature":true,"is_valid":true,"memory_available_kb":1001484,"memory_usage":35.15,"storage_usage":[{"instance_id":0,"mount_point":"/","usage":20.0},{"instance_id":1,"mount_point":"/edge/etc","usage":1.0},{"instance_id":2,"mount_point":"/edge/db","usage":1.0},{"instance_id":3,"mount_point":"/edge/log","usage":10.0},{"instance_id":4,"mount_point":"/edge/sp","usage":1.0},{"instance_id":5,"mount_point":"/edge/docker","usage":21.0}],"temperature":[{"instance_id":0,"value":46000.0}],"timestamp":1786349048},"status":"success"}}
    Aug 10 17:04:10 qcells-emsplus docker-loader[33385]: [17:04:10:169][I][SM] System info requested by web_interface
    Aug 10 17:04:10 qcells-emsplus docker-loader[33385]: [17:04:10:312][I][SM] [IPC pub res] tid=web_interface:mqtt-response-manager:35 {"error_code":"NONE","payload":{"data":{"cpu_usage_1min":26.25,"has_storage":true,"has_temperature":true,"is_valid":true,"memory_available_kb":1001232,"memory_usage":35.17,"storage_usage":[{"instance_id":0,"mount_point":"/","usage":20.0},{"instance_id":1,"mount_point":"/edge/etc","usage":1.0},{"instance_id":2,"mount_point":"/edge/db","usage":1.0},{"instance_id":3,"mount_point":"/edge/log","usage":10.0},{"instance_id":4,"mount_point":"/edge/sp","usage":1.0},{"instance_id":5,"mount_point":"/edge/docker","usage":21.0}],"temperature":[{"instance_id":0,"value":46000.0}],"timestamp":1786349050},"status":"success"}}
    Aug 10 17:04:12 qcells-emsplus docker-loader[33385]: [17:04:12:168][I][SM] System info requested by web_interface
    Aug 10 17:04:12 qcells-emsplus docker-loader[33385]: [17:04:12:311][I][SM] [IPC pub res] tid=web_interface:mqtt-response-manager:36 {"error_code":"NONE","payload":{"data":{"cpu_usage_1min":32.0,"has_storage":true,"has_temperature":true,"is_valid":true,"memory_available_kb":1000504,"memory_usage":35.21,"storage_usage":[{"instance_id":0,"mount_point":"/","usage":20.0},{"instance_id":1,"mount_point":"/edge/etc","usage":1.0},{"instance_id":2,"mount_point":"/edge/db","usage":1.0},{"instance_id":3,"mount_point":"/edge/log","usage":10.0},{"instance_id":4,"mount_point":"/edge/sp","usage":1.0},{"instance_id":5,"mount_point":"/edge/docker","usage":21.0}],"temperature":[{"instance_id":0,"value":46000.0}],"timestamp":1786349052},"status":"success"}}
    Aug 10 17:04:14 qcells-emsplus docker-loader[33385]: [17:04:14:167][I][SM] System info requested by web_interface
    Aug 10 17:04:14 qcells-emsplus docker-loader[33385]: [17:04:14:311][I][SM] [IPC pub res] tid=web_interface:mqtt-response-manager:37 {"error_code":"NONE","payload":{"data":{"cpu_usage_1min":32.0,"has_storage":true,"has_temperature":true,"is_valid":true,"memory_available_kb":1000252,"memory_usage":35.22,"storage_usage":[{"instance_id":0,"mount_point":"/","usage":20.0},{"instance_id":1,"mount_point":"/edge/etc","usage":1.0},{"instance_id":2,"mount_point":"/edge/db","usage":1.0},{"instance_id":3,"mount_point":"/edge/log","usage":10.0},{"instance_id":4,"mount_point":"/edge/sp","usage":1.0},{"instance_id":5,"mount_point":"/edge/docker","usage":21.0}],"temperature":[{"instance_id":0,"value":46000.0}],"timestamp":1786349054},"status":"success"}}
    Aug 10 17:04:16 qcells-emsplus docker-loader[33385]: [17:04:16:160][I][SM] System info requested by web_interface
    Aug 10 17:04:16 qcells-emsplus docker-loader[33385]: [17:04:16:298][I][SM] [IPC pub res] tid=web_interface:mqtt-response-manager:38 {"error_code":"NONE","payload":{"data":{"cpu_usage_1min":31.5,"has_storage":true,"has_temperature":true,"is_valid":true,"memory_available_kb":1000252,"memory_usage":35.22,"storage_usage":[{"instance_id":0,"mount_point":"/","usage":20.0},{"instance_id":1,"mount_point":"/edge/etc","usage":1.0},{"instance_id":2,"mount_point":"/edge/db","usage":1.0},{"instance_id":3,"mount_point":"/edge/log","usage":10.0},{"instance_id":4,"mount_point":"/edge/sp","usage":1.0},{"instance_id":5,"mount_point":"/edge/docker","usage":21.0}],"temperature":[{"instance_id":0,"value":46000.0}],"timestamp":1786349056},"status":"success"}}
    Aug 10 17:04:18 qcells-emsplus docker-loader[33385]: [17:04:18:155][I][SM] System info requested by web_interface
    Aug 10 17:04:18 qcells-emsplus docker-loader[33385]: [17:04:18:288][I][SM] [IPC pub res] tid=web_interface:mqtt-response-manager:39 {"error_code":"NONE","payload":{"data":{"cpu_usage_1min":31.5,"has_storage":true,"has_temperature":true,"is_valid":true,"memory_available_kb":1000252,"memory_usage":35.22,"storage_usage":[{"instance_id":0,"mount_point":"/","usage":20.0},{"instance_id":1,"mount_point":"/edge/etc","usage":1.0},{"instance_id":2,"mount_point":"/edge/db","usage":1.0},{"instance_id":3,"mount_point":"/edge/log","usage":10.0},{"instance_id":4,"mount_point":"/edge/sp","usage":1.0},{"instance_id":5,"mount_point":"/edge/docker","usage":21.0}],"temperature":[{"instance_id":0,"value":46000.0}],"timestamp":1786349058},"status":"success"}}
    Aug 10 17:04:19 qcells-emsplus docker-loader[33385]: [17:04:19:167][I][SM] Internet: Connected (RTT: 35ms)
    Aug 10 17:04:20 qcells-emsplus docker-loader[33385]: [17:04:20:163][I][SM] System info requested by web_interface
    Aug 10 17:04:20 qcells-emsplus docker-loader[33385]: [17:04:20:296][I][SM] [IPC pub res] tid=web_interface:mqtt-response-manager:40 {"error_code":"NONE","payload":{"data":{"cpu_usage_1min":31.5,"has_storage":true,"has_temperature":true,"is_valid":true,"memory_available_kb":1000004,"memory_usage":35.23,"storage_usage":[{"instance_id":0,"mount_point":"/","usage":20.0},{"instance_id":1,"mount_point":"/edge/etc","usage":1.0},{"instance_id":2,"mount_point":"/edge/db","usage":1.0},{"instance_id":3,"mount_point":"/edge/log","usage":10.0},{"instance_id":4,"mount_point":"/edge/sp","usage":1.0},{"instance_id":5,"mount_point":"/edge/docker","usage":21.0}],"temperature":[{"instance_id":0,"value":46000.0}],"timestamp":1786349060},"status":"success"}}
    Aug 10 17:04:22 qcells-emsplus docker-loader[33385]: [17:04:22:162][I][SM] System info requested by web_interface
    Aug 10 17:04:22 qcells-emsplus docker-loader[33385]: [17:04:22:286][I][SM] [IPC pub res] tid=web_interface:mqtt-response-manager:41 {"error_code":"NONE","payload":{"data":{"cpu_usage_1min":31.0,"has_storage":true,"has_temperature":true,"is_valid":true,"memory_available_kb":1000004,"memory_usage":35.23,"storage_usage":[{"instance_id":0,"mount_point":"/","usage":20.0},{"instance_id":1,"mount_point":"/edge/etc","usage":1.0},{"instance_id":2,"mount_point":"/edge/db","usage":1.0},{"instance_id":3,"mount_point":"/edge/log","usage":10.0},{"instance_id":4,"mount_point":"/edge/sp","usage":1.0},{"instance_id":5,"mount_point":"/edge/docker","usage":21.0}],"temperature":[{"instance_id":0,"value":46000.0}],"timestamp":1786349062},"status":"success"}}
    Aug 10 17:04:24 qcells-emsplus docker-loader[33385]: [17:04:24:156][I][SM] System info requested by web_interface
    Aug 10 17:04:24 qcells-emsplus docker-loader[33385]: [17:04:24:270][I][SM] [IPC pub res] tid=web_interface:mqtt-response-manager:42 {"error_code":"NONE","payload":{"data":{"cpu_usage_1min":31.0,"has_storage":true,"has_temperature":true,"is_valid":true,"memory_available_kb":1000004,"memory_usage":35.23,"storage_usage":[{"instance_id":0,"mount_point":"/","usage":20.0},{"instance_id":1,"mount_point":"/edge/etc","usage":1.0},{"instance_id":2,"mount_point":"/edge/db","usage":1.0},{"instance_id":3,"mount_point":"/edge/log","usage":10.0},{"instance_id":4,"mount_point":"/edge/sp","usage":1.0},{"instance_id":5,"mount_point":"/edge/docker","usage":21.0}],"temperature":[{"instance_id":0,"value":46000.0}],"timestamp":1786349064},"status":"success"}}
    Aug 10 17:04:26 qcells-emsplus docker-loader[33385]: [17:04:26:150][I][SM] System info requested by web_interface
    Aug 10 17:04:26 qcells-emsplus docker-loader[33385]: [17:04:26:293][I][SM] [IPC pub res] tid=web_interface:mqtt-response-manager:43 {"error_code":"NONE","payload":{"data":{"cpu_usage_1min":30.5,"has_storage":true,"has_temperature":true,"is_valid":true,"memory_available_kb":1000004,"memory_usage":35.23,"storage_usage":[{"instance_id":0,"mount_point":"/","usage":20.0},{"instance_id":1,"mount_point":"/edge/etc","usage":1.0},{"instance_id":2,"mount_point":"/edge/db","usage":1.0},{"instance_id":3,"mount_point":"/edge/log","usage":10.0},{"instance_id":4,"mount_point":"/edge/sp","usage":1.0},{"instance_id":5,"mount_point":"/edge/docker","usage":21.0}],"temperature":[{"instance_id":0,"value":46000.0}],"timestamp":1786349066},"status":"success"}}
    Aug 10 17:04:27 qcells-emsplus docker-loader[33385]: [17:04:27:822][I][ET] Site instant: {"GS":0.0,"OS":4.0,"PM":0.0,"b2W":0.0,"b7D":0.0,"b7S":0.0,"b8C":0.0,"b8S":0.0,"b8V":0.0,"e":0.0,"e2W":0.0,"eL":10.0,"g2A":0.0,"g2H":0.0,"g2P":0.0,"g2V":0.0,"g2W":0.0,"i7H":0.0,"l2W":0.0,"p2W":0.0}
    Aug 10 17:04:27 qcells-emsplus docker-loader[33385]: [17:04:27:822][I][CB] siteId not set, skipping ReportCommonTelemetry
    Aug 10 17:04:27 qcells-emsplus docker-loader[33385]: [17:04:27:845][W][ED] Unknown service for notification: changed_records
    Aug 10 17:04:27 qcells-emsplus docker-loader[33385]: [17:04:27:846][W][DI] Unknown service for notification: changed_records
    Aug 10 17:04:27 qcells-emsplus docker-loader[33385]: [17:04:27:849][W][UM] Unknown service for notification: changed_records
    Aug 10 17:04:28 qcells-emsplus docker-loader[33385]: [17:04:28:159][I][SM] System info requested by web_interface
    Aug 10 17:04:28 qcells-emsplus docker-loader[33385]: [17:04:28:322][I][SM] [IPC pub res] tid=web_interface:mqtt-response-manager:44 {"error_code":"NONE","payload":{"data":{"cpu_usage_1min":30.5,"has_storage":true,"has_temperature":true,"is_valid":true,"memory_available_kb":999752,"memory_usage":35.24,"storage_usage":[{"instance_id":0,"mount_point":"/","usage":20.0},{"instance_id":1,"mount_point":"/edge/etc","usage":1.0},{"instance_id":2,"mount_point":"/edge/db","usage":1.0},{"instance_id":3,"mount_point":"/edge/log","usage":10.0},{"instance_id":4,"mount_point":"/edge/sp","usage":1.0},{"instance_id":5,"mount_point":"/edge/docker","usage":21.0}],"temperature":[{"instance_id":0,"value":46000.0}],"timestamp":1786349068},"status":"success"}}
    Aug 10 17:04:29 qcells-emsplus docker-loader[33385]: [17:04:29:716][I][SM] [Health] metrics: boot:boot_count=0.0 boot:uptime_seconds=8395.5 connectivity:host_agent_disconnected=false connectivity:internet_disconnected=false hardware:cpu_temperature=46.0 resource:cpu_usage=30.5 resource:fd_max=2147483647 resource:fd_usage_pct=0.0 resource:fd_used=1024 resource:memory_usage=50.0 resource:oom_kill_delta=0 resource:process_fd_max=24 resource:process_fd_max_name=db_manager resource:zombie_count=0 storage:disk_usage=24.7 storage:emmc_life_a=10.0 storage:emmc_life_b=10.0 storage:emmc_pre_eol=1.0 storage:filesystem_ro=false time:ntp_synchronized=true
    Aug 10 17:04:30 qcells-emsplus docker-loader[33385]: [17:04:30:166][I][SM] System info requested by web_interface
    Aug 10 17:04:30 qcells-emsplus docker-loader[33385]: [17:04:30:303][I][SM] [IPC pub res] tid=web_interface:mqtt-response-manager:45 {"error_code":"NONE","payload":{"data":{"cpu_usage_1min":30.5,"has_storage":true,"has_temperature":true,"is_valid":true,"memory_available_kb":999020,"memory_usage":35.28,"storage_usage":[{"instance_id":0,"mount_point":"/","usage":20.0},{"instance_id":1,"mount_point":"/edge/etc","usage":1.0},{"instance_id":2,"mount_point":"/edge/db","usage":1.0},{"instance_id":3,"mount_point":"/edge/log","usage":10.0},{"instance_id":4,"mount_point":"/edge/sp","usage":1.0},{"instance_id":5,"mount_point":"/edge/docker","usage":21.0}],"temperature":[{"instance_id":0,"value":46000.0}],"timestamp":1786349070},"status":"success"}}
    Aug 10 17:04:30 qcells-emsplus docker-loader[33385]: [17:04:30:777][I][CB] [Director] Scanning directory: /edge/log/toupload
    Aug 10 17:04:30 qcells-emsplus docker-loader[33385]: [17:04:30:834][I][AZ] [upload_file_to_blob] source: cloud_broker, file: /edge/log/toupload/system/systemlog_20260810163254_20260810165932.log.xz -> ems-system/2026/08/systemlog_20260810163254_20260810165932.log.xz
    Aug 10 17:04:30 qcells-emsplus docker-loader[33385]: [17:04:30:834][I][AZ] [UploadQueueManager] Task enqueued (pending=323)
    Aug 10 17:04:31 qcells-emsplus docker-loader[33385]: [17:04:31:221][I][CB] siteId not set, skipping ReportCommonAlarm
    Aug 10 17:04:31 qcells-emsplus docker-loader[33385]: [17:04:31:223][W][DI] Unknown service for response: send_d2c_message
    Aug 10 17:04:32 qcells-emsplus docker-loader[33385]: [17:04:32:165][I][SM] System info requested by web_interface
    Aug 10 17:04:32 qcells-emsplus docker-loader[33385]: [17:04:32:304][I][SM] [IPC pub res] tid=web_interface:mqtt-response-manager:46 {"error_code":"NONE","payload":{"data":{"cpu_usage_1min":30.0,"has_storage":true,"has_temperature":true,"is_valid":true,"memory_available_kb":981136,"memory_usage":36.18,"storage_usage":[{"instance_id":0,"mount_point":"/","usage":20.0},{"instance_id":1,"mount_point":"/edge/etc","usage":1.0},{"instance_id":2,"mount_point":"/edge/db","usage":1.0},{"instance_id":3,"mount_point":"/edge/log","usage":10.0},{"instance_id":4,"mount_point":"/edge/sp","usage":1.0},{"instance_id":5,"mount_point":"/edge/docker","usage":21.0}],"temperature":[{"instance_id":0,"value":47000.0}],"timestamp":1786349072},"status":"success"}}
    Aug 10 17:04:34 qcells-emsplus docker-loader[33385]: [17:04:34:166][I][SM] System info requested by web_interface
    Aug 10 17:04:34 qcells-emsplus docker-loader[33385]: [17:04:34:300][I][SM] [IPC pub res] tid=web_interface:mqtt-response-manager:47 {"error_code":"NONE","payload":{"data":{"cpu_usage_1min":30.0,"has_storage":true,"has_temperature":true,"is_valid":true,"memory_available_kb":994016,"memory_usage":35.53,"storage_usage":[{"instance_id":0,"mount_point":"/","usage":20.0},{"instance_id":1,"mount_point":"/edge/etc","usage":1.0},{"instance_id":2,"mount_point":"/edge/db","usage":1.0},{"instance_id":3,"mount_point":"/edge/log","usage":10.0},{"instance_id":4,"mount_point":"/edge/sp","usage":1.0},{"instance_id":5,"mount_point":"/edge/docker","usage":21.0}],"temperature":[{"instance_id":0,"value":46000.0}],"timestamp":1786349074},"status":"success"}}
    Aug 10 17:04:35 qcells-emsplus docker-loader[33385]: [17:04:35:292][I][SM] Internet: Connected (RTT: 32ms)
    Aug 10 17:04:36 qcells-emsplus docker-loader[33385]: [17:04:36:154][I][SM] System info requested by web_interface
    Aug 10 17:04:36 qcells-emsplus docker-loader[33385]: [17:04:36:277][I][SM] [IPC pub res] tid=web_interface:mqtt-response-manager:48 {"error_code":"NONE","payload":{"data":{"cpu_usage_1min":29.75,"has_storage":true,"has_temperature":true,"is_valid":true,"memory_available_kb":994044,"memory_usage":35.52,"storage_usage":[{"instance_id":0,"mount_point":"/","usage":20.0},{"instance_id":1,"mount_point":"/edge/etc","usage":1.0},{"instance_id":2,"mount_point":"/edge/db","usage":1.0},{"instance_id":3,"mount_point":"/edge/log","usage":10.0},{"instance_id":4,"mount_point":"/edge/sp","usage":1.0},{"instance_id":5,"mount_point":"/edge/docker","usage":21.0}],"temperature":[{"instance_id":0,"value":46000.0}],"timestamp":1786349076},"status":"success"}}
    Aug 10 17:04:38 qcells-emsplus docker-loader[33385]: [17:04:38:153][I][SM] System info requested by web_interface
    Aug 10 17:04:38 qcells-emsplus docker-loader[33385]: [17:04:38:291][I][SM] [IPC pub res] tid=web_interface:mqtt-response-manager:49 {"error_code":"NONE","payload":{"data":{"cpu_usage_1min":29.75,"has_storage":true,"has_temperature":true,"is_valid":true,"memory_available_kb":993828,"memory_usage":35.54,"storage_usage":[{"instance_id":0,"mount_point":"/","usage":20.0},{"instance_id":1,"mount_point":"/edge/etc","usage":1.0},{"instance_id":2,"mount_point":"/edge/db","usage":1.0},{"instance_id":3,"mount_point":"/edge/log","usage":10.0},{"instance_id":4,"mount_point":"/edge/sp","usage":1.0},{"instance_id":5,"mount_point":"/edge/docker","usage":21.0}],"temperature":[{"instance_id":0,"value":46000.0}],"timestamp":1786349078},"status":"success"}}
    Aug 10 17:04:41 qcells-emsplus docker-loader[33385]: [17:04:41:377][I][WI] [ApiStat] window=60s, total calls=29, total errors=0, aborted=0 | POST /publish/sys_manager/get_system_info calls=29 avg=162ms max=186ms
    Aug 10 17:04:42 qcells-emsplus docker-loader[33385]: [17:04:42:159][I][SM] System info requested by web_interface
    Aug 10 17:04:42 qcells-emsplus docker-loader[33385]: [17:04:42:303][I][SM] [IPC pub res] tid=web_interface:mqtt-response-manager:50 {"error_code":"NONE","payload":{"data":{"cpu_usage_1min":29.25,"has_storage":true,"has_temperature":true,"is_valid":true,"memory_available_kb":993252,"memory_usage":35.57,"storage_usage":[{"instance_id":0,"mount_point":"/","usage":20.0},{"instance_id":1,"mount_point":"/edge/etc","usage":1.0},{"instance_id":2,"mount_point":"/edge/db","usage":1.0},{"instance_id":3,"mount_point":"/edge/log","usage":10.0},{"instance_id":4,"mount_point":"/edge/sp","usage":1.0},{"instance_id":5,"mount_point":"/edge/docker","usage":21.0}],"temperature":[{"instance_id":0,"value":46000.0}],"timestamp":1786349082},"status":"success"}}
    Aug 10 17:04:51 qcells-emsplus docker-loader[33385]: [17:04:51:420][I][SM] Internet: Connected (RTT: 31ms)
    Aug 10 17:05:07 qcells-emsplus docker-loader[33385]: [17:05:07:551][I][SM] Internet: Connected (RTT: 36ms)
    Aug 10 17:05:23 qcells-emsplus docker-loader[33385]: [17:05:23:683][I][SM] Internet: Connected (RTT: 35ms)
    Aug 10 17:05:27 qcells-emsplus docker-loader[33385]: [17:05:27:827][I][ET] Site instant: {"GS":0.0,"OS":4.0,"PM":0.0,"b2W":0.0,"b7D":0.0,"b7S":0.0,"b8C":0.0,"b8S":0.0,"b8V":0.0,"e":0.0,"e2W":0.0,"eL":10.0,"g2A":0.0,"g2H":0.0,"g2P":0.0,"g2V":0.0,"g2W":0.0,"i7H":0.0,"l2W":0.0,"p2W":0.0}
    Aug 10 17:05:27 qcells-emsplus docker-loader[33385]: [17:05:27:827][I][CB] siteId not set, skipping ReportCommonTelemetry
    Aug 10 17:05:27 qcells-emsplus docker-loader[33385]: [17:05:27:850][W][ED] Unknown service for notification: changed_records
    Aug 10 17:05:27 qcells-emsplus docker-loader[33385]: [17:05:27:849][W][DI] Unknown service for notification: changed_records
    Aug 10 17:05:27 qcells-emsplus docker-loader[33385]: [17:05:27:852][W][UM] Unknown service for notification: changed_records
    Aug 10 17:05:31 qcells-emsplus docker-loader[33385]: [17:05:31:227][I][CB] siteId not set, skipping ReportCommonAlarm
    Aug 10 17:05:31 qcells-emsplus docker-loader[33385]: [17:05:31:228][W][DI] Unknown service for response: send_d2c_message
    Aug 10 17:05:39 qcells-emsplus docker-loader[33385]: [17:05:39:812][I][SM] Internet: Connected (RTT: 31ms)
    Aug 10 17:05:41 qcells-emsplus docker-loader[33385]: [17:05:41:381][I][WI] [ApiStat] window=60s, total calls=1, total errors=0, aborted=0 | POST /publish/sys_manager/get_system_info calls=1 avg=163ms max=163ms
    Aug 10 17:05:42 qcells-emsplus docker-loader[33385]: [17:05:42:176][I][SM] System info requested by web_interface
    Aug 10 17:05:42 qcells-emsplus docker-loader[33385]: [17:05:42:324][I][SM] [IPC pub res] tid=web_interface:mqtt-response-manager:51 {"error_code":"NONE","payload":{"data":{"cpu_usage_1min":18.5,"has_storage":true,"has_temperature":true,"is_valid":true,"memory_available_kb":991796,"memory_usage":35.64,"storage_usage":[{"instance_id":0,"mount_point":"/","usage":20.0},{"instance_id":1,"mount_point":"/edge/etc","usage":1.0},{"instance_id":2,"mount_point":"/edge/db","usage":1.0},{"instance_id":3,"mount_point":"/edge/log","usage":10.0},{"instance_id":4,"mount_point":"/edge/sp","usage":1.0},{"instance_id":5,"mount_point":"/edge/docker","usage":21.0}],"temperature":[{"instance_id":0,"value":46000.0}],"timestamp":1786349142},"status":"success"}}
    Aug 10 17:05:55 qcells-emsplus docker-loader[33385]: [17:05:55:947][I][SM] Internet: Connected (RTT: 37ms)
    Aug 10 17:06:12 qcells-emsplus docker-loader[33385]: [17:06:12:085][I][SM] Internet: Connected (RTT: 43ms)
    Aug 10 17:06:27 qcells-emsplus docker-loader[33385]: [17:06:27:832][I][ET] Site instant: {"GS":0.0,"OS":4.0,"PM":0.0,"b2W":0.0,"b7D":0.0,"b7S":0.0,"b8C":0.0,"b8S":0.0,"b8V":0.0,"e":0.0,"e2W":0.0,"eL":10.0,"g2A":0.0,"g2H":0.0,"g2P":0.0,"g2V":0.0,"g2W":0.0,"i7H":0.0,"l2W":0.0,"p2W":0.0}
    Aug 10 17:06:27 qcells-emsplus docker-loader[33385]: [17:06:27:832][I][CB] siteId not set, skipping ReportCommonTelemetry
    Aug 10 17:06:27 qcells-emsplus docker-loader[33385]: [17:06:27:842][W][ED] Unknown service for notification: changed_records
    Aug 10 17:06:27 qcells-emsplus docker-loader[33385]: [17:06:27:842][W][DI] Unknown service for notification: changed_records
    Aug 10 17:06:27 qcells-emsplus docker-loader[33385]: [17:06:27:842][W][UM] Unknown service for notification: changed_records
    Aug 10 17:06:28 qcells-emsplus docker-loader[33385]: [17:06:28:213][I][SM] Internet: Connected (RTT: 33ms)
    Aug 10 17:06:31 qcells-emsplus docker-loader[33385]: [17:06:31:233][I][CB] siteId not set, skipping ReportCommonAlarm
    Aug 10 17:06:31 qcells-emsplus docker-loader[33385]: [17:06:31:235][W][DI] Unknown service for response: send_d2c_message
    Aug 10 17:06:41 qcells-emsplus docker-loader[33385]: [17:06:41:384][I][WI] [ApiStat] window=60s, total calls=1, total errors=0, aborted=0 | POST /publish/sys_manager/get_system_info calls=1 avg=168ms max=168ms
    Aug 10 17:06:42 qcells-emsplus docker-loader[33385]: [17:06:42:153][I][SM] System info requested by web_interface
    Aug 10 17:06:42 qcells-emsplus docker-loader[33385]: [17:06:42:276][I][SM] [IPC pub res] tid=web_interface:mqtt-response-manager:52 {"error_code":"NONE","payload":{"data":{"cpu_usage_1min":6.75,"has_storage":true,"has_temperature":true,"is_valid":true,"memory_available_kb":993504,"memory_usage":35.56,"storage_usage":[{"instance_id":0,"mount_point":"/","usage":20.0},{"instance_id":1,"mount_point":"/edge/etc","usage":1.0},{"instance_id":2,"mount_point":"/edge/db","usage":1.0},{"instance_id":3,"mount_point":"/edge/log","usage":10.0},{"instance_id":4,"mount_point":"/edge/sp","usage":1.0},{"instance_id":5,"mount_point":"/edge/docker","usage":21.0}],"temperature":[{"instance_id":0,"value":46000.0}],"timestamp":1786349202},"status":"success"}}
    Aug 10 17:06:44 qcells-emsplus docker-loader[33385]: [17:06:44:336][I][SM] Internet: Connected (RTT: 34ms)
    Aug 10 17:07:00 qcells-emsplus docker-loader[33385]: [17:07:00:474][I][SM] Internet: Connected (RTT: 34ms)
    Aug 10 17:07:05 qcells-emsplus docker-loader[33385]: [17:07:05:049][I][UM] ╔═══════════════════════════════════════════════════════════════╗
    Aug 10 17:07:05 qcells-emsplus docker-loader[33385]: [17:07:05:049][I][UM] ║ [BATCH_UPDATE] REQUEST RECEIVED                               ║
    Aug 10 17:07:05 qcells-emsplus docker-loader[33385]: [17:07:05:049][I][UM] ╚═══════════════════════════════════════════════════════════════╝
    Aug 10 17:07:05 qcells-emsplus docker-loader[33385]: [17:07:05:049][I][UM] Source: tc_runner
    Aug 10 17:07:05 qcells-emsplus docker-loader[33385]: [17:07:05:049][W][UM] Unknown device type '', assigning default priority 99
    Aug 10 17:07:05 qcells-emsplus docker-loader[33385]: [17:07:05:049][W][UM] Skipping invalid entry: path='/tmp/tc_um_dummy_mpu.swu' device_type=''
    Aug 10 17:07:05 qcells-emsplus docker-loader[33385]: [17:07:05:049][E][UM] No valid SWU files in batch request
    Aug 10 17:07:05 qcells-emsplus docker-loader[33385]: [17:07:05:589][I][UM] ╔═══════════════════════════════════════════════════════════════╗
    Aug 10 17:07:05 qcells-emsplus docker-loader[33385]: [17:07:05:589][I][UM] ║ [BATCH_UPDATE] REQUEST RECEIVED                               ║
    Aug 10 17:07:05 qcells-emsplus docker-loader[33385]: [17:07:05:589][I][UM] ╚═══════════════════════════════════════════════════════════════╝
    Aug 10 17:07:05 qcells-emsplus docker-loader[33385]: [17:07:05:589][I][UM] Source: tc_runner
    Aug 10 17:07:05 qcells-emsplus docker-loader[33385]: [17:07:05:589][E][UM] Invalid batch update request: missing or empty 'files' array
    Aug 10 17:07:06 qcells-emsplus docker-loader[33385]: [17:07:06:714][I][UM] [UPDATE] .done file detected for step: is-installed, mtime: -4651314773
    Aug 10 17:07:06 qcells-emsplus docker-loader[33385]: [17:07:06:914][I][UM] [UPDATE] .done file parsed successfully (is-installed)
    Aug 10 17:07:06 qcells-emsplus docker-loader[33385]: [17:07:06:914][I][UM] Step: Unknown | State: Succeeded | Result: IsInstalled (Not Installed) (901) | Details:
    Aug 10 17:07:06 qcells-emsplus docker-loader[33385]: [17:07:06:914][I][UM] ADU Status Changed:
    Aug 10 17:07:06 qcells-emsplus docker-loader[33385]: [17:07:06:914][I][UM]   Workflow ID : update
    Aug 10 17:07:06 qcells-emsplus docker-loader[33385]: [17:07:06:914][I][UM]   Step        : is-installed
    Aug 10 17:07:06 qcells-emsplus docker-loader[33385]: [17:07:06:914][I][UM]   State       : Succeeded
    Aug 10 17:07:06 qcells-emsplus docker-loader[33385]: [17:07:06:914][I][UM]   Result Code : 901
    Aug 10 17:07:06 qcells-emsplus docker-loader[33385]: [17:07:06:915][I][UM]   Details     :
    Aug 10 17:07:06 qcells-emsplus docker-loader[33385]: [17:07:06:915][I][UM] === DOWNLOAD MONITORING START TRIGGER ===
    Aug 10 17:07:06 qcells-emsplus docker-loader[33385]: [17:07:06:915][I][UM] Starting download progress monitoring: is-installed step completed
    Aug 10 17:07:06 qcells-emsplus docker-loader[33385]: [17:07:06:915][I][UM] Workflow: update
    Aug 10 17:07:06 qcells-emsplus docker-loader[33385]: [17:07:06:915][I][UM] download_monitoring_active_ flag set to: true
    Aug 10 17:07:06 qcells-emsplus docker-loader[33385]: [17:07:06:915][I][UM] Download progress monitoring thread created successfully
    Aug 10 17:07:06 qcells-emsplus docker-loader[33385]: [17:07:06:915][I][UM] Download progress monitoring loop started
    Aug 10 17:07:06 qcells-emsplus docker-loader[33385]: [17:07:06:915][I][UM] Download progress monitoring started successfully
    Aug 10 17:07:06 qcells-emsplus docker-loader[33385]: [17:07:06:915][I][UM] [UPDATE] onUpdateSignalCb_ called after .done (is-installed)
    Aug 10 17:07:06 qcells-emsplus docker-loader[33385]: [17:07:06:915][I][UM] ADU Update Detected:
    Aug 10 17:07:06 qcells-emsplus docker-loader[33385]: [17:07:06:915][I][UM]   Step        : is-installed
    Aug 10 17:07:06 qcells-emsplus docker-loader[33385]: [17:07:06:915][I][UM]   State       : Succeeded
    Aug 10 17:07:06 qcells-emsplus docker-loader[33385]: [17:07:06:915][I][UM]   Result Code : 901
    Aug 10 17:07:06 qcells-emsplus docker-loader[33385]: [17:07:06:915][I][UM]   Details     :
    Aug 10 17:07:06 qcells-emsplus docker-loader[33385]: [17:07:06:915][I][UM] Publishing ADU update notification via MQTT:
    Aug 10 17:07:06 qcells-emsplus docker-loader[33385]: [17:07:06:915][I][UM]   Step: is-installed
    Aug 10 17:07:06 qcells-emsplus docker-loader[33385]: [17:07:06:915][I][UM]   State: Succeeded
    Aug 10 17:07:06 qcells-emsplus docker-loader[33385]: [17:07:06:915][I][UM]   Result: 901
    Aug 10 17:07:06 qcells-emsplus docker-loader[33385]: [17:07:06:915][I][UM]   Workflow ID: update
    Aug 10 17:07:06 qcells-emsplus docker-loader[33385]: [17:07:06:915][I][UM]   Update: / v
    Aug 10 17:07:06 qcells-emsplus docker-loader[33385]: [17:07:06:915][I][UM]   ADU State:  (-1)
    Aug 10 17:07:06 qcells-emsplus docker-loader[33385]: [17:07:06:915][I][UM]   Extended Codes:
    Aug 10 17:07:06 qcells-emsplus docker-loader[33385]: [17:07:06:916][I][UM]   Payload: {
    Aug 10 17:07:06 qcells-emsplus docker-loader[33385]:   "adu_agent_state": -1,
    Aug 10 17:07:06 qcells-emsplus docker-loader[33385]:   "adu_agent_state_str": "",
    Aug 10 17:07:06 qcells-emsplus docker-loader[33385]:   "event_timestamp": 1786349226915801966,
    Aug 10 17:07:06 qcells-emsplus docker-loader[33385]:   "extended_result_codes": "",
    Aug 10 17:07:06 qcells-emsplus docker-loader[33385]:   "is_valid": true,
    Aug 10 17:07:06 qcells-emsplus docker-loader[33385]:   "result_code": 901,
    Aug 10 17:07:06 qcells-emsplus docker-loader[33385]:   "result_details": "",
    Aug 10 17:07:06 qcells-emsplus docker-loader[33385]:   "timestamp": "2026-08-10 17:07:06",
    Aug 10 17:07:06 qcells-emsplus docker-loader[33385]:   "update_name": "",
    Aug 10 17:07:06 qcells-emsplus docker-loader[33385]:   "update_provider": "",
    Aug 10 17:07:06 qcells-emsplus docker-loader[33385]:   "update_version": "",
    Aug 10 17:07:06 qcells-emsplus docker-loader[33385]:   "workflow_id": "update",
    Aug 10 17:07:06 qcells-emsplus docker-loader[33385]:   "workflow_state": "Succeeded",
    Aug 10 17:07:06 qcells-emsplus docker-loader[33385]:   "workflow_step": "is-installed"
    Aug 10 17:07:06 qcells-emsplus docker-loader[33385]: }
    Aug 10 17:07:06 qcells-emsplus docker-loader[33385]: [17:07:06:917][I][SM] Host command requested by update_monitor
    Aug 10 17:07:06 qcells-emsplus docker-loader[33385]: [17:07:06:917][I][SM] Executing host command: ls -la /var/lib/adu/downloads/update (timeout: 3s)
    Aug 10 17:07:06 qcells-emsplus docker-loader[33385]: [17:07:06:927][W][ED] Unknown service for notification: adu_update_notification
    Aug 10 17:07:06 qcells-emsplus docker-loader[33385]: [17:07:06:929][W][ET] Unknown service for notification: adu_update_notification
    Aug 10 17:07:06 qcells-emsplus docker-loader[33385]: [17:07:06:932][W][RT] Unknown service for notification: adu_update_notification
    Aug 10 17:07:06 qcells-emsplus docker-loader[33385]: [17:07:06:930][W][DI] Unknown service for notification: adu_update_notification
    Aug 10 17:07:06 qcells-emsplus docker-loader[33385]: [17:07:06:933][W][DL] Unknown service for notification: adu_update_notification
    Aug 10 17:07:06 qcells-emsplus docker-loader[33385]: [17:07:06:933][W][UM] Unknown service for notification: adu_update_notification
    Aug 10 17:07:06 qcells-emsplus docker-loader[33385]: [17:07:06:934][I][UM] Successfully published ADU update notification for step: is-installed
    Aug 10 17:07:06 qcells-emsplus docker-loader[33385]: [17:07:06:938][I][SM] [IPC pub res] tid=update_monitor_10 {"error_code":"UNKNOWN","payload":{"cmd":"ls -la /var/lib/adu/downloads/update","exit_code":2,"message":"CMD_SH failed: ls: cannot access '/var/lib/adu/downloads/update': No such file or directory\n","status":"error"}}
    Aug 10 17:07:06 qcells-emsplus docker-loader[33385]: [17:07:06:941][I][UM] [cmd_host] tid=update_monitor_10 error_code=255 status=error[17:07:06:941][I][UM]  cmd=ls -la /var/lib/adu/downloads/update[17:07:06:941][I][UM]
    Aug 10 17:07:06 qcells-emsplus docker-loader[33385]: [17:07:06:941][E][UM] Error response received
    Aug 10 17:07:06 qcells-emsplus docker-loader[33385]: [17:07:06:941][E][UM]   Error code: 255
    Aug 10 17:07:07 qcells-emsplus docker-loader[33385]: [17:07:07:917][I][SM] Host command requested by update_monitor
    Aug 10 17:07:07 qcells-emsplus docker-loader[33385]: [17:07:07:918][I][SM] Executing host command: ls -la /var/lib/adu/downloads/update (timeout: 3s)
    Aug 10 17:07:07 qcells-emsplus docker-loader[33385]: [17:07:07:936][I][SM] [IPC pub res] tid=update_monitor_11 {"error_code":"UNKNOWN","payload":{"cmd":"ls -la /var/lib/adu/downloads/update","exit_code":2,"message":"CMD_SH failed: ls: cannot access '/var/lib/adu/downloads/update': No such file or directory\n","status":"error"}}
    Aug 10 17:07:07 qcells-emsplus docker-loader[33385]: [17:07:07:937][I][UM] [cmd_host] tid=update_monitor_11 error_code=255 status=error[17:07:07:937][I][UM]  cmd=ls -la /var/lib/adu/downloads/update[17:07:07:937][I][UM]
    Aug 10 17:07:07 qcells-emsplus docker-loader[33385]: [17:07:07:937][E][UM] Error response received
    Aug 10 17:07:07 qcells-emsplus docker-loader[33385]: [17:07:07:937][E][UM]   Error code: 255
    Aug 10 17:07:08 qcells-emsplus docker-loader[33385]: [17:07:08:037][I][UM] [UPDATE] .done file detected for step: download, mtime: -4651314772
    Aug 10 17:07:08 qcells-emsplus docker-loader[33385]: [17:07:08:237][I][UM] [UPDATE] .done file parsed successfully (download)
    Aug 10 17:07:08 qcells-emsplus docker-loader[33385]: [17:07:08:237][I][UM] Step: Unknown | State: Succeeded | Result: Download Success (500) | Details:
    Aug 10 17:07:08 qcells-emsplus docker-loader[33385]: [17:07:08:237][I][UM] ADU Status Changed:
    Aug 10 17:07:08 qcells-emsplus docker-loader[33385]: [17:07:08:237][I][UM]   Workflow ID : update
    Aug 10 17:07:08 qcells-emsplus docker-loader[33385]: [17:07:08:237][I][UM]   Step        : download
    Aug 10 17:07:08 qcells-emsplus docker-loader[33385]: [17:07:08:237][I][UM]   State       : Succeeded
    Aug 10 17:07:08 qcells-emsplus docker-loader[33385]: [17:07:08:237][I][UM]   Result Code : 500
    Aug 10 17:07:08 qcells-emsplus docker-loader[33385]: [17:07:08:237][I][UM]   Details     :
    Aug 10 17:07:08 qcells-emsplus docker-loader[33385]: [17:07:08:237][I][UM] === DOWNLOAD MONITORING STOP TRIGGER ===
    Aug 10 17:07:08 qcells-emsplus docker-loader[33385]: [17:07:08:237][I][UM] Download step completed, stopping download progress monitoring
    Aug 10 17:07:08 qcells-emsplus docker-loader[33385]: [17:07:08:237][I][UM] Download progress monitoring stop requested
    Aug 10 17:07:08 qcells-emsplus docker-loader[33385]: [17:07:08:237][I][UM] Waiting for download progress thread to exit...
    Aug 10 17:07:08 qcells-emsplus docker-loader[33385]: [17:07:08:918][I][UM] Download progress monitoring loop ended
    Aug 10 17:07:08 qcells-emsplus docker-loader[33385]: [17:07:08:918][I][UM] Download progress thread joined successfully
    Aug 10 17:07:08 qcells-emsplus docker-loader[33385]: [17:07:08:918][I][UM] Download progress monitoring stopped
    Aug 10 17:07:08 qcells-emsplus docker-loader[33385]: [17:07:08:918][I][UM] [UPDATE] onUpdateSignalCb_ called after .done (download)
    Aug 10 17:07:08 qcells-emsplus docker-loader[33385]: [17:07:08:918][I][UM] ADU Update Detected:
    Aug 10 17:07:08 qcells-emsplus docker-loader[33385]: [17:07:08:918][I][UM]   Step        : download
    Aug 10 17:07:08 qcells-emsplus docker-loader[33385]: [17:07:08:918][I][UM]   State       : Succeeded
    Aug 10 17:07:08 qcells-emsplus docker-loader[33385]: [17:07:08:918][I][UM]   Result Code : 500
    Aug 10 17:07:08 qcells-emsplus docker-loader[33385]: [17:07:08:918][I][UM]   Details     :
    Aug 10 17:07:08 qcells-emsplus docker-loader[33385]: [17:07:08:918][I][UM] Publishing ADU update notification via MQTT:
    Aug 10 17:07:08 qcells-emsplus docker-loader[33385]: [17:07:08:918][I][UM]   Step: download
    Aug 10 17:07:08 qcells-emsplus docker-loader[33385]: [17:07:08:918][I][UM]   State: Succeeded
    Aug 10 17:07:08 qcells-emsplus docker-loader[33385]: [17:07:08:918][I][UM]   Result: 500
    Aug 10 17:07:08 qcells-emsplus docker-loader[33385]: [17:07:08:918][I][UM]   Workflow ID: update
    Aug 10 17:07:08 qcells-emsplus docker-loader[33385]: [17:07:08:918][I][UM]   Update: / v
    Aug 10 17:07:08 qcells-emsplus docker-loader[33385]: [17:07:08:918][I][UM]   ADU State:  (-1)
    Aug 10 17:07:08 qcells-emsplus docker-loader[33385]: [17:07:08:918][I][UM]   Extended Codes:
    Aug 10 17:07:08 qcells-emsplus docker-loader[33385]: [17:07:08:918][I][UM]   Payload: {
    Aug 10 17:07:08 qcells-emsplus docker-loader[33385]:   "adu_agent_state": -1,
    Aug 10 17:07:08 qcells-emsplus docker-loader[33385]:   "adu_agent_state_str": "",
    Aug 10 17:07:08 qcells-emsplus docker-loader[33385]:   "event_timestamp": 1786349228918587712,
    Aug 10 17:07:08 qcells-emsplus docker-loader[33385]:   "extended_result_codes": "",
    Aug 10 17:07:08 qcells-emsplus docker-loader[33385]:   "is_valid": true,
    Aug 10 17:07:08 qcells-emsplus docker-loader[33385]:   "result_code": 500,
    Aug 10 17:07:08 qcells-emsplus docker-loader[33385]:   "result_details": "",
    Aug 10 17:07:08 qcells-emsplus docker-loader[33385]:   "timestamp": "2026-08-10 17:07:08",
    Aug 10 17:07:08 qcells-emsplus docker-loader[33385]:   "update_name": "",
    Aug 10 17:07:08 qcells-emsplus docker-loader[33385]:   "update_provider": "",
    Aug 10 17:07:08 qcells-emsplus docker-loader[33385]:   "update_version": "",
    Aug 10 17:07:08 qcells-emsplus docker-loader[33385]:   "workflow_id": "update",
    Aug 10 17:07:08 qcells-emsplus docker-loader[33385]:   "workflow_state": "Succeeded",
    Aug 10 17:07:08 qcells-emsplus docker-loader[33385]:   "workflow_step": "download"
    Aug 10 17:07:08 qcells-emsplus docker-loader[33385]: }
    Aug 10 17:07:08 qcells-emsplus docker-loader[33385]: [17:07:08:921][W][DI] Unknown service for notification: adu_update_notification
    Aug 10 17:07:08 qcells-emsplus docker-loader[33385]: [17:07:08:924][W][RT] Unknown service for notification: adu_update_notification
    Aug 10 17:07:08 qcells-emsplus docker-loader[33385]: [17:07:08:926][W][DL] Unknown service for notification: adu_update_notification
    Aug 10 17:07:08 qcells-emsplus docker-loader[33385]: [17:07:08:928][W][ET] Unknown service for notification: adu_update_notification
    Aug 10 17:07:08 qcells-emsplus docker-loader[33385]: [17:07:08:929][W][UM] Unknown service for notification: adu_update_notification
    Aug 10 17:07:08 qcells-emsplus docker-loader[33385]: [17:07:08:929][I][UM] Successfully published ADU update notification for step: download
    Aug 10 17:07:08 qcells-emsplus docker-loader[33385]: [17:07:08:927][W][ED] Unknown service for notification: adu_update_notification
    Aug 10 17:07:10 qcells-emsplus docker-loader[33385]: [17:07:10:032][I][UM] [UPDATE] .done file detected for step: install, mtime: -4651314770
    Aug 10 17:07:10 qcells-emsplus docker-loader[33385]: [17:07:10:233][I][UM] [UPDATE] .done file parsed successfully (install)
    Aug 10 17:07:10 qcells-emsplus docker-loader[33385]: [17:07:10:233][I][UM] Step: Unknown | State: Succeeded | Result: Install Success (600) | Details:
    Aug 10 17:07:10 qcells-emsplus docker-loader[33385]: [17:07:10:233][I][UM] ADU Status Changed:
    Aug 10 17:07:10 qcells-emsplus docker-loader[33385]: [17:07:10:233][I][UM]   Workflow ID : update
    Aug 10 17:07:10 qcells-emsplus docker-loader[33385]: [17:07:10:233][I][UM]   Step        : install
    Aug 10 17:07:10 qcells-emsplus docker-loader[33385]: [17:07:10:233][I][UM]   State       : Succeeded
    Aug 10 17:07:10 qcells-emsplus docker-loader[33385]: [17:07:10:233][I][UM]   Result Code : 600
    Aug 10 17:07:10 qcells-emsplus docker-loader[33385]: [17:07:10:233][I][UM]   Details     :
    Aug 10 17:07:10 qcells-emsplus docker-loader[33385]: [17:07:10:233][I][UM] [UPDATE] onUpdateSignalCb_ called after .done (install)
    Aug 10 17:07:10 qcells-emsplus docker-loader[33385]: [17:07:10:233][I][UM] ADU Update Detected:
    Aug 10 17:07:10 qcells-emsplus docker-loader[33385]: [17:07:10:233][I][UM]   Step        : install
    Aug 10 17:07:10 qcells-emsplus docker-loader[33385]: [17:07:10:233][I][UM]   State       : Succeeded
    Aug 10 17:07:10 qcells-emsplus docker-loader[33385]: [17:07:10:233][I][UM]   Result Code : 600
    Aug 10 17:07:10 qcells-emsplus docker-loader[33385]: [17:07:10:233][I][UM]   Details     :
    Aug 10 17:07:10 qcells-emsplus docker-loader[33385]: [17:07:10:233][I][UM] Publishing ADU update notification via MQTT:
    Aug 10 17:07:10 qcells-emsplus docker-loader[33385]: [17:07:10:233][I][UM]   Step: install
    Aug 10 17:07:10 qcells-emsplus docker-loader[33385]: [17:07:10:233][I][UM]   State: Succeeded
    Aug 10 17:07:10 qcells-emsplus docker-loader[33385]: [17:07:10:233][I][UM]   Result: 600
    Aug 10 17:07:10 qcells-emsplus docker-loader[33385]: [17:07:10:233][I][UM]   Workflow ID: update
    Aug 10 17:07:10 qcells-emsplus docker-loader[33385]: [17:07:10:233][I][UM]   Update: / v
    Aug 10 17:07:10 qcells-emsplus docker-loader[33385]: [17:07:10:233][I][UM]   ADU State:  (-1)
    Aug 10 17:07:10 qcells-emsplus docker-loader[33385]: [17:07:10:233][I][UM]   Extended Codes:
    Aug 10 17:07:10 qcells-emsplus docker-loader[33385]: [17:07:10:233][I][UM]   Payload: {
    Aug 10 17:07:10 qcells-emsplus docker-loader[33385]:   "adu_agent_state": -1,
    Aug 10 17:07:10 qcells-emsplus docker-loader[33385]:   "adu_agent_state_str": "",
    Aug 10 17:07:10 qcells-emsplus docker-loader[33385]:   "event_timestamp": 1786349230233506765,
    Aug 10 17:07:10 qcells-emsplus docker-loader[33385]:   "extended_result_codes": "",
    Aug 10 17:07:10 qcells-emsplus docker-loader[33385]:   "is_valid": true,
    Aug 10 17:07:10 qcells-emsplus docker-loader[33385]:   "result_code": 600,
    Aug 10 17:07:10 qcells-emsplus docker-loader[33385]:   "result_details": "",
    Aug 10 17:07:10 qcells-emsplus docker-loader[33385]:   "timestamp": "2026-08-10 17:07:10",
    Aug 10 17:07:10 qcells-emsplus docker-loader[33385]:   "update_name": "",
    Aug 10 17:07:10 qcells-emsplus docker-loader[33385]:   "update_provider": "",
    Aug 10 17:07:10 qcells-emsplus docker-loader[33385]:   "update_version": "",
    Aug 10 17:07:10 qcells-emsplus docker-loader[33385]:   "workflow_id": "update",
    Aug 10 17:07:10 qcells-emsplus docker-loader[33385]:   "workflow_state": "Succeeded",
    Aug 10 17:07:10 qcells-emsplus docker-loader[33385]:   "workflow_step": "install"
    Aug 10 17:07:10 qcells-emsplus docker-loader[33385]: }
    Aug 10 17:07:10 qcells-emsplus docker-loader[33385]: [17:07:10:237][W][ED] Unknown service for notification: adu_update_notification
    Aug 10 17:07:10 qcells-emsplus docker-loader[33385]: [17:07:10:239][I][UM] Successfully published ADU update notification for step: install
    Aug 10 17:07:10 qcells-emsplus docker-loader[33385]: [17:07:10:239][W][UM] Unknown service for notification: adu_update_notification
    Aug 10 17:07:10 qcells-emsplus docker-loader[33385]: [17:07:10:240][W][ET] Unknown service for notification: adu_update_notification
    Aug 10 17:07:10 qcells-emsplus docker-loader[33385]: [17:07:10:245][W][DI] Unknown service for notification: adu_update_notification
    Aug 10 17:07:10 qcells-emsplus docker-loader[33385]: [17:07:10:246][W][DL] Unknown service for notification: adu_update_notification
    Aug 10 17:07:10 qcells-emsplus docker-loader[33385]: [17:07:10:246][W][RT] Unknown service for notification: adu_update_notification
    Aug 10 17:07:11 qcells-emsplus docker-loader[33385]: [17:07:11:341][I][UM] [UPDATE] .done file detected for step: apply, mtime: -4651314768
    Aug 10 17:07:11 qcells-emsplus docker-loader[33385]: [17:07:11:542][I][UM] [UPDATE] .done file parsed successfully (apply)
    Aug 10 17:07:11 qcells-emsplus docker-loader[33385]: [17:07:11:542][I][UM] Step: Unknown | State: Succeeded | Result: Apply Success (700) | Details:
    Aug 10 17:07:11 qcells-emsplus docker-loader[33385]: [17:07:11:542][I][UM] ADU Status Changed:
    Aug 10 17:07:11 qcells-emsplus docker-loader[33385]: [17:07:11:542][I][UM]   Workflow ID : update
    Aug 10 17:07:11 qcells-emsplus docker-loader[33385]: [17:07:11:542][I][UM]   Step        : apply
    Aug 10 17:07:11 qcells-emsplus docker-loader[33385]: [17:07:11:542][I][UM]   State       : Succeeded
    Aug 10 17:07:11 qcells-emsplus docker-loader[33385]: [17:07:11:542][I][UM]   Result Code : 700
    Aug 10 17:07:11 qcells-emsplus docker-loader[33385]: [17:07:11:542][I][UM]   Details     :
    Aug 10 17:07:11 qcells-emsplus docker-loader[33385]: [17:07:11:542][I][UM] [UPDATE] onUpdateSignalCb_ called after .done (apply)
    Aug 10 17:07:11 qcells-emsplus docker-loader[33385]: [17:07:11:542][I][UM] ADU Update Detected:
    Aug 10 17:07:11 qcells-emsplus docker-loader[33385]: [17:07:11:542][I][UM]   Step        : apply
    Aug 10 17:07:11 qcells-emsplus docker-loader[33385]: [17:07:11:542][I][UM]   State       : Succeeded
    Aug 10 17:07:11 qcells-emsplus docker-loader[33385]: [17:07:11:542][I][UM]   Result Code : 700
    Aug 10 17:07:11 qcells-emsplus docker-loader[33385]: [17:07:11:542][I][UM]   Details     :
    Aug 10 17:07:11 qcells-emsplus docker-loader[33385]: [17:07:11:542][I][UM] Publishing ADU update notification via MQTT:
    Aug 10 17:07:11 qcells-emsplus docker-loader[33385]: [17:07:11:542][I][UM]   Step: apply
    Aug 10 17:07:11 qcells-emsplus docker-loader[33385]: [17:07:11:542][I][UM]   State: Succeeded
    Aug 10 17:07:11 qcells-emsplus docker-loader[33385]: [17:07:11:542][I][UM]   Result: 700
    Aug 10 17:07:11 qcells-emsplus docker-loader[33385]: [17:07:11:542][I][UM]   Workflow ID: update
    Aug 10 17:07:11 qcells-emsplus docker-loader[33385]: [17:07:11:542][I][UM]   Update: / v
    Aug 10 17:07:11 qcells-emsplus docker-loader[33385]: [17:07:11:542][I][UM]   ADU State:  (-1)
    Aug 10 17:07:11 qcells-emsplus docker-loader[33385]: [17:07:11:542][I][UM]   Extended Codes:
    Aug 10 17:07:11 qcells-emsplus docker-loader[33385]: [17:07:11:542][I][UM]   Payload: {
    Aug 10 17:07:11 qcells-emsplus docker-loader[33385]:   "adu_agent_state": -1,
    Aug 10 17:07:11 qcells-emsplus docker-loader[33385]:   "adu_agent_state_str": "",
    Aug 10 17:07:11 qcells-emsplus docker-loader[33385]:   "event_timestamp": 1786349231542540191,
    Aug 10 17:07:11 qcells-emsplus docker-loader[33385]:   "extended_result_codes": "",
    Aug 10 17:07:11 qcells-emsplus docker-loader[33385]:   "is_valid": true,
    Aug 10 17:07:11 qcells-emsplus docker-loader[33385]:   "result_code": 700,
    Aug 10 17:07:11 qcells-emsplus docker-loader[33385]:   "result_details": "",
    Aug 10 17:07:11 qcells-emsplus docker-loader[33385]:   "timestamp": "2026-08-10 17:07:11",
    Aug 10 17:07:11 qcells-emsplus docker-loader[33385]:   "update_name": "",
    Aug 10 17:07:11 qcells-emsplus docker-loader[33385]:   "update_provider": "",
    Aug 10 17:07:11 qcells-emsplus docker-loader[33385]:   "update_version": "",
    Aug 10 17:07:11 qcells-emsplus docker-loader[33385]:   "workflow_id": "update",
    Aug 10 17:07:11 qcells-emsplus docker-loader[33385]:   "workflow_state": "Succeeded",
    Aug 10 17:07:11 qcells-emsplus docker-loader[33385]:   "workflow_step": "apply"
    Aug 10 17:07:11 qcells-emsplus docker-loader[33385]: }
    Aug 10 17:07:11 qcells-emsplus docker-loader[33385]: [17:07:11:548][W][DI] Unknown service for notification: adu_update_notification
    Aug 10 17:07:11 qcells-emsplus docker-loader[33385]: [17:07:11:549][W][ET] Unknown service for notification: adu_update_notification
    Aug 10 17:07:11 qcells-emsplus docker-loader[33385]: [17:07:11:551][W][RT] Unknown service for notification: adu_update_notification
    Aug 10 17:07:11 qcells-emsplus docker-loader[33385]: [17:07:11:552][W][UM] Unknown service for notification: adu_update_notification
    Aug 10 17:07:11 qcells-emsplus docker-loader[33385]: [17:07:11:552][I][UM] Successfully published ADU update notification for step: apply
    Aug 10 17:07:11 qcells-emsplus docker-loader[33385]: [17:07:11:553][W][DL] Unknown service for notification: adu_update_notification
    Aug 10 17:07:11 qcells-emsplus docker-loader[33385]: [17:07:11:554][W][ED] Unknown service for notification: adu_update_notification
    exit_code:0
=== TC04: Firmware Download 세션 영속화 및 프로세스 재시작 후 Resume ===
[사전 조건] OTA_MOCK_* 환경변수 활성화 여부 확인 (update_monitor 프로세스 실환경)
  $ cat /proc/33931/environ
    HOSTNAME=qcells-emsplus     NODE_OPTIONS=--max-old-space-size=128 --max-semi-space-size=4     MALLOC_ARENA_MAX=2     PWD=/edge     MALLOC_MMAP_MAX_=65536     container=podman     HOME=/root     TERM=xterm     USER=deploy-ac_system_gen2     EDGE_DIR=edge     MALLOC_TRIM_THRESHOLD_=131072     SHLVL=0     MALLOC_MMAP_THRESHOLD_=131072     PATH=~/.bin:/usr/local/sbin:/usr/local/bin:/usr/sbin:/usr/bin:/sbin:/bin     NODE_VERSION=20.19.2     _=/edge/app/bin/edge_runtime     exit_code:0
  OTA_MOCK_* 변수 개수: 0
  [SKIP] 프로덕션 빌드 — OTA_MOCK_* 미설정. start_firmware_download 는 실제 클라우드
         provider/name/version + firmware_download_url 없이는 'missing firmware
         package provider' 로 즉시 거부됨(update_monitor.cpp:1209) — 이 랩 환경에서는
         재현 불가. manifest 를 직접 주입하는 경로(resolve_firmware_download_manifest
         의 payload.manifest 분기)는 스키마 검증(artifacts 비어있으면 실패 등)이
         있어 추가 확인 없이는 신뢰할 수 있는 재현이 어려움 — TC07/TC08과 동일 사유로 SKIP
=== TC04: SKIP (OTA_MOCK 미확보, PASS/FAIL 미포함) ===
=== TC05: SKIP (개발자 검토 대기 — /home/hsung/tcs_tools/tcs/update_monitor/tc_update_monitor.md 참고) ===
=== TC06: 다운로드 중 네트워크 단절 시 재시도 ===
[Step1] start_firmware_download 요청으로 세션 시작
  resp: {"error_code":"NONE","payload":{"download_required":false,"manifest_path":"","reason":"missing firmware package provider","result":"rejected","session_id":"fwdl_1786349233163"}}
[Step2] get_firmware_download_status 로 phase/host 확인
  resp: {"error_code":"NONE","payload":{"active":false,"artifact_count":0,"cache_root":"/edge/docker/update_monitor/custom_downloader","completed_artifacts":0,"context":{"adu_connection_string_present":false,"firmware_download_api_version":"","firmware_download_url":"","last_adu_info_update_ms":0,"last_package_identity_update_ms":1786348858682,"update_name":"","update_provider":"","update_version":"","workflow_id":"update"},"current_artifact":"","current_status":"","downloaded_bytes":0,"failed_artifacts":0,"failure_class":"","last_error":"","last_http_status":0,"last_result_success":false,"manifest_path":"","phase":"","ready_to_install":false,"recovery_session":false,"requested_by":"","requires_explicit_install":false,"retry_count":0,"sas_refresh_count":0,"session_id":"","terminal_artifacts":0,"total_bytes":0}}
  phase= host=
  [SKIP] 다운로드 대상 host 정보를 상태 응답에서 획득하지 못함 — 네트워크 차단 시나리오 SKIP
=== TC06: SKIP (host 미확보, PASS/FAIL 미포함) ===
=== TC07: Manifest SHA256 해시 불일치 시 다운로드 차단 ===
[사전 조건] mock lookup 활성화 여부 확인 (OTA_MOCK_LOOKUP_INSECURE)
  $ printenv OTA_MOCK_LOOKUP_INSECURE
    exit_code:0
  [SKIP] mock lookup 미활성화(프로덕션 빌드) — 임의 manifest 주입 불가
=== TC07: SKIP (mock lookup 미확보, PASS/FAIL 미포함) ===
=== TC08: .swu 서명/AES 키 훼손 파일 업데이트 차단 ===
[TC08-1] 준비물 존재 확인
  $ ls -la /tmp/tc_um_bad_sig.swu
    ls: cannot access '/tmp/tc_um_bad_sig.swu': No such file or directory
    exit_code:0
  SKIP_NO_ARTIFACT
  [SKIP] /tmp/tc_um_bad_sig.swu 없음 — RSA 서명 훼손 서브케이스 SKIP (TC08-2/3 PASS/FAIL 미포함)
  [SKIP] /tmp/tc_um_bad_aes.swu 없음 — AES 키 훼손 서브케이스 SKIP (TC08-4/5 PASS/FAIL 미포함)
=== TC09: sw-description HW 호환성(hwrevision) 검사 ===
[TC09-1] /etc/hwrevision 존재 확인 (검토 필요 — 실측 결과 아래 참고)
  $ cat /etc/hwrevision
    cat: /etc/hwrevision: No such file or directory
    exit_code:0
  [SKIP] /etc/hwrevision 이 이 디바이스에 없음 — 소스 코드(update_monitor 전체) 및
         DUT 파일시스템 어디에도 hwrevision 메커니즘 근거를 찾지 못함. TC 작성 시
         참고한 'SWUPDATE_HW_COMPATIBILITY_FILE=/etc/hwrevision' 이 이 코드베이스
         실제 구현이 아닐 가능성 — 개발자가 실제 HW 호환성 검사 메커니즘/경로를
         확인해줄 것. PASS/FAIL 미포함(SKIP).
[TC09-2] 준비물(HW 불일치 .swu) 존재 확인
  $ ls -la /tmp/tc_um_bad_hw.swu
    ls: cannot access '/tmp/tc_um_bad_hw.swu': No such file or directory
    exit_code:0
  SKIP_NO_ARTIFACT
  [SKIP] /tmp/tc_um_bad_hw.swu 없음 — TC09-3 SKIP (PASS/FAIL 미포함)
=== TC10: 업데이트 진행률 MQTT 알림 ===
[사전 조건] 이 TC 단독으로는 진행률 발생 소스가 없음 — 원래 TC01 직후 실행을 전제로
했으나, TC01은 실측(2026-08-10)에서 실제 cmd_host 배치 처리가 컨테이너 재시작을
유발하는 게 확인되어 거부 경로만 검증하도록 축소됨 — 그 결과 이 TC가 기댈 진행률
발생 소스가 기본 실행 순서에는 더 이상 없다. 실제 진행률 스트림을 재현하려면 실서명
.swu 로 진짜 배치를 돌려야 하는데, 그건 그 자체로 컨테이너 재시작을 유발하므로 회귀
세트에서 안전하게 자동화할 수 없다 — TC12(자동화 불가 목록)와 동일 사유로 SKIP.
[Step1] 구독 시작 (최대 15초 — 정말로 진행 중인 배치가 없으면 빠르게 SKIP 판정)
  $ cat /tmp/tc_um_progress_sub_35879
    exit_code:0
=== TC10: SKIP (진행률 발생 소스 없음 — TC01 축소의 부작용, PASS/FAIL 미포함) ===
=== TC11: Docker 이미지 기반 배포 PRECHECK 및 컨테이너/볼륨 상태 확인 ===
[Step1] BEFORE_CONTAINERS 스냅샷
  $ docker ps --format {{.Names}}
    ac_system_gen2
    exit_code:0
[Step2] BEFORE_VOLUMES 스냅샷
  $ docker volume ls --format {{.Name}}
    exit_code:0
[Step3] update_precheck 요청 발행 (trigger_type=local_script, source=swupdate_docker_pull_pre_script)
  resp: {"error_code":"NONE","payload":{"app_status":[{"app_id":"energy_dispatcher","is_ready":false,"reason":"Another update is already in progress"}],"diagnostic":{"critical_apps_status":[{"app_id":"energy_dispatcher","is_ready":false,"reason":"Another update is already in progress","status":"NOT_READY"}],"not_ready_apps":["energy_dispatcher"],"precheck_phase_completed":{"ed_responded":true,"shutdown_done":false},"timeout_apps":[]},"reason":"Critical app energy_dispatcher not ready: Another update is already in progress","result":"rejected","timestamp":1786349250685160285}}
[PASS] TC11-1: update_precheck 응답 수신
[TC11-2] 컨테이너 목록 불변 확인
  $ docker ps --format {{.Names}}
    ac_system_gen2
    exit_code:0
  diff: 
[PASS] TC11-2: 컨테이너 목록 불변
[TC11-3] Volume 목록 불변 확인
  $ docker volume ls --format {{.Name}}
    exit_code:0
  diff: 
[PASS] TC11-3: Volume 목록 불변
=== TC12: 자동화 불가 항목 목록 (클라우드 OTA 전체 흐름 / Web HMI 수동 조작) ===
  - Key101(ADU Push 서브스텝): Azure IoT Hub/ADU 포털에서 실제 Push 업데이트 배포 필요
  - Key103 전체: ADU 기반 OTA End-to-End (Import Manifest 등록, 장비 그룹 배포, 이력 관리) — ADU 포털/IoT Hub 콘솔 조작 필요
  - Key105 원본 파일: 훼손 .swu 원본 파일 자체 (Jira AGSRS-286 첨부, 저장소·DUT에 없음)
  - Key128/131/135(실제 flash 완료 판정): Docker Pull/Load 설치의 애플리케이션 정상 동작까지 확인 — 실서명 .swu(Docker layer 포함) 필요
  - TC01 큐 우선순위 정렬 / 중복 요청 거부(진행 중 상태): 실측(2026-08-10) 결과 batch_update_request가
    accepted 되는 순간 비동기로 실제 cmd_host(swupdate -i)까지 발사되고, 배치 종료(성공/실패 무관) 시
    update_monitor.cpp:7300-7328 로직이 무조건 앱 컨테이너 재시작(또는 디바이스 재부팅)을 유발함 —
    더미 파일로도 재현되므로 회귀 세트에 안전하게 포함 불가. 별도 파괴적 TC(--tc01-pre/-post 같은
    격리된 phase)로 재설계 필요 시 개발자 확인 후 진행할 것
  - TC10 실제 진행률 시간순 증가 검증: 위와 동일 사유(TC01 축소로 진행률 발생 소스 소실) —
    실서명 .swu로 진짜 배치를 돌려야 재현 가능하나 그 자체가 컨테이너 재시작을 유발함
  QA가 수동으로 Azure 포털/Web HMI(http://192.168.10.20:9111 등)에 접속해 docs/tc_requirements/update_monitor.md 절차를 그대로 따를 것

============================================
 결과: PASS=10  FAIL=0
============================================
